Shares,Value,URL,Text,Insider,Position,Transaction,Start Date,Ownership
3665,499869,,Purchase at price 136.39 per share.,BARNES MATTHEW,Officer,,2026-09-30,D
1860,244906,,Purchase at price 131.67 per share.,FITZGERALD LARRY JR.,Director,,2026-09-23,D
7707,999983,,Purchase at price 129.75 per share.,GUPTA NAVDEEP,Chief Financial Officer,,2026-09-22,D
913,121602,,Purchase at price 133.19 per share.,COLOMBO WILLIAM J,Director,,2026-09-01,I
17000,2222240,,Purchase at price 130.72 per share.,BARRENECHEA MARK J,Director,,2026-08-27,I
6100,785500,,Purchase at price 128.72 - 129.00 per share.,COLOMBO WILLIAM J,Director,,2026-08-27,I
1550,199783,,Purchase at price 128.89 per share.,MATHRANI SANDEEP LAKHMI,Director,,2026-08-26,I
4000,514780,,Purchase at price 128.70 per share.,EDDY ROBERT W.,Director,,2026-08-26,D
958466,10840250,,Conversion of Exercise of derivative security at price 11.31 per share.,STACK EDWARD W,"Officer, Director and Beneficial Owner",,2026-06-24,D
838,0,,Stock Award(Grant) at price 0.00 per share.,EDDY ROBERT W.,Director,,2026-06-10,D
838,0,,Stock Award(Grant) at price 0.00 per share.,FINK ANNE,Director,,2026-06-10,D
838,0,,Stock Award(Grant) at price 0.00 per share.,FITZGERALD LARRY JR.,Director,,2026-06-10,D
838,0,,Stock Award(Grant) at price 0.00 per share.,RALLS-MORRISON DESIREE ANN,Director,,2026-06-10,D
838,0,,Stock Award(Grant) at price 0.00 per share.,COLOMBO WILLIAM J,Director,,2026-06-10,D
838,0,,Stock Award(Grant) at price 0.00 per share.,BARRENECHEA MARK J,Director,,2026-06-10,D
838,0,,Stock Award(Grant) at price 0.00 per share.,SCHORR LAWRENCE J,Director,,2026-06-10,D
838,0,,Stock Award(Grant) at price 0.00 per share.,MATHRANI SANDEEP LAKHMI,Director,,2026-06-10,D
838,0,,Stock Award(Grant) at price 0.00 per share.,CHIRICO EMANUEL,Director,,2026-06-10,D
20083,227139,,Conversion of Exercise of derivative security at price 11.31 per share.,HOBART LAUREN R,Chief Executive Officer,,2026-05-28,D
20083,4581338,,Sale at price 227.69 - 228.34 per share.,HOBART LAUREN R,Chief Executive Officer,,2026-05-28,D
150,0,,Stock Gift at price 0.00 per share.,LODGE-JARRETT JULIE,Officer,,2026-04-20,D
4140,53075,,Conversion of Exercise of derivative security at price 12.82 per share.,LODGE-JARRETT JULIE,Officer,,2026-04-17,D
4140,925523,,Sale at price 221.13 - 227.26 per share.,LODGE-JARRETT JULIE,Officer,,2026-04-17,D
20861,0,,Stock Award(Grant) at price 0.00 per share.,HOBART LAUREN R,Chief Executive Officer,,2026-04-02,D
3912,0,,Stock Award(Grant) at price 0.00 per share.,FREEMAN ANN,Officer,,2026-04-02,D
3260,0,,Stock Award(Grant) at price 0.00 per share.,SLIVA RAYMOND A. JR,Officer,,2026-04-02,D
1630,0,,Stock Award(Grant) at price 0.00 per share.,BARAN ELIZABETH H.,General Counsel,,2026-04-02,D
3912,0,,Stock Award(Grant) at price 0.00 per share.,BARNES MATTHEW,Officer,,2026-04-02,D
1630,0,,Stock Award(Grant) at price 0.00 per share.,STACK MICHAEL E.,Beneficial Owner of more than 10% of a Class of Security,,2026-04-02,D
5868,0,,Stock Award(Grant) at price 0.00 per share.,LODGE-JARRETT JULIE,Officer,,2026-04-02,D
3260,0,,Stock Award(Grant) at price 0.00 per share.,RAK VLADIMIR,Chief Technology Officer,,2026-04-02,D
4890,0,,Stock Award(Grant) at price 0.00 per share.,GUPTA NAVDEEP,Chief Financial Officer,,2026-04-02,D
45633,0,,Stock Award(Grant) at price 0.00 per share.,STACK EDWARD W,"Officer, Director and Beneficial Owner",,2026-04-02,D
21531,0,,Stock Award(Grant) at price 0.00 per share.,HOBART LAUREN R,Chief Executive Officer,,2026-03-24,D
43062,0,,Stock Award(Grant) at price 0.00 per share.,STACK EDWARD W,"Officer, Director and Beneficial Owner",,2026-03-24,D
4306,0,,Stock Award(Grant) at price 0.00 per share.,SLIVA RAYMOND A. JR,Officer,,2026-03-24,D
1436,0,,Stock Award(Grant) at price 0.00 per share.,BARAN ELIZABETH H.,General Counsel,,2026-03-24,D
1436,0,,Stock Award(Grant) at price 0.00 per share.,STACK MICHAEL E.,Beneficial Owner of more than 10% of a Class of Security,,2026-03-24,D
2872,0,,Stock Award(Grant) at price 0.00 per share.,LODGE-JARRETT JULIE,Officer,,2026-03-24,D
3588,0,,Stock Award(Grant) at price 0.00 per share.,RAK VLADIMIR,Chief Technology Officer,,2026-03-24,D
4306,0,,Stock Award(Grant) at price 0.00 per share.,GUPTA NAVDEEP,Chief Financial Officer,,2026-03-24,D
950,0,,Stock Gift at price 0.00 per share.,GUPTA NAVDEEP,Chief Financial Officer,,2025-12-16,D
4388,0,,Stock Award(Grant) at price 0.00 per share.,BARNES MATTHEW,Officer,,2025-12-03,D
9600,0,,Stock Gift at price 0.00 per share.,CHIRICO EMANUEL,Director,,2025-11-26,D
1500,0,,Stock Gift at price 0.00 per share.,SCHORR LAWRENCE J,Director,,2025-10-14,D
4322,0,,Stock Award(Grant) at price 0.00 per share.,FREEMAN ANN,Officer,,2025-10-03,D
20083,227139,,Conversion of Exercise of derivative security at price 11.31 per share.,HOBART LAUREN R,Chief Executive Officer,,2025-09-29,D
20083,4432133,,Sale at price 219.98 - 227.90 per share.,HOBART LAUREN R,Chief Executive Officer,,2025-09-29,D
10,0,,Stock Gift at price 0.00 per share.,BARAN ELIZABETH H.,General Counsel,,2025-09-04,D
13334,3000150,,Sale at price 225.00 per share.,GUPTA NAVDEEP,Chief Financial Officer,,2025-08-13,D
9303,2000145,,Sale at price 215.00 per share.,GUPTA NAVDEEP,Chief Financial Officer,,2025-07-10,D
500,5655,,Conversion of Exercise of derivative security at price 11.31 per share.,BARAN ELIZABETH H.,General Counsel,,2025-07-02,D
1830,374508,,Sale at price 204.54 - 204.69 per share.,BARAN ELIZABETH H.,General Counsel,,2025-07-02,D
40166,454277,,Conversion of Exercise of derivative security at price 11.31 per share.,HOBART LAUREN R,Chief Executive Officer,,2025-06-27,D
40166,8217026,,Sale at price 204.26 - 205.21 per share.,HOBART LAUREN R,Chief Executive Officer,,2025-06-27,D
4567,870958,,Sale at price 187.00 - 203.50 per share.,LODGE-JARRETT JULIE,Officer,,2025-06-27,D
2637,501053,,Purchase at price 185.31 - 194.99 per share.,EDDY ROBERT W.,Director,,2025-06-26,D
975,0,,Stock Award(Grant) at price 0.00 per share.,EDDY ROBERT W.,Director,,2025-06-11,D
975,0,,Stock Award(Grant) at price 0.00 per share.,FINK ANNE,Director,,2025-06-11,D
975,0,,Stock Award(Grant) at price 0.00 per share.,FITZGERALD LARRY JR.,Director,,2025-06-11,D
975,0,,Stock Award(Grant) at price 0.00 per share.,RALLS-MORRISON DESIREE ANN,Director,,2025-06-11,D
975,0,,Stock Award(Grant) at price 0.00 per share.,STONE LARRY D,Director,,2025-06-11,D
975,0,,Stock Award(Grant) at price 0.00 per share.,COLOMBO WILLIAM J,Director,,2025-06-11,D
975,0,,Stock Award(Grant) at price 0.00 per share.,BARRENECHEA MARK J,Director,,2025-06-11,D
975,0,,Stock Award(Grant) at price 0.00 per share.,SCHORR LAWRENCE J,Director,,2025-06-11,D
975,0,,Stock Award(Grant) at price 0.00 per share.,MATHRANI SANDEEP LAKHMI,Director,,2025-06-11,D
975,0,,Stock Award(Grant) at price 0.00 per share.,CHIRICO EMANUEL,Director,,2025-06-11,D
20274,0,,Stock Award(Grant) at price 0.00 per share.,HOBART LAUREN R,Chief Executive Officer,,2025-04-03,D
40548,0,,Stock Award(Grant) at price 0.00 per share.,STACK EDWARD W,"Officer, Director and Beneficial Owner",,2025-04-03,D
4055,0,,Stock Award(Grant) at price 0.00 per share.,SLIVA RAYMOND A. JR,Officer,,2025-04-03,D
1352,0,,Stock Award(Grant) at price 0.00 per share.,BARAN ELIZABETH H.,General Counsel,,2025-04-03,D
2704,0,,Stock Award(Grant) at price 0.00 per share.,LODGE-JARRETT JULIE,Officer,,2025-04-03,D
3379,0,,Stock Award(Grant) at price 0.00 per share.,RAK VLADIMIR,Chief Technology Officer,,2025-04-03,D
4055,0,,Stock Award(Grant) at price 0.00 per share.,GUPTA NAVDEEP,Chief Financial Officer,,2025-04-03,D
47995,0,,Stock Award(Grant) at price 0.00 per share.,HOBART LAUREN R,Chief Executive Officer,,2025-03-25,D
49280,0,,Stock Award(Grant) at price 0.00 per share.,STACK EDWARD W,"Officer, Director and Beneficial Owner",,2025-03-25,D
13048,0,,Stock Award(Grant) at price 0.00 per share.,SLIVA RAYMOND A. JR,Officer,,2025-03-25,D
3150,0,,Stock Award(Grant) at price 0.00 per share.,BARAN ELIZABETH H.,General Counsel,,2025-03-25,D
9757,0,,Stock Award(Grant) at price 0.00 per share.,LODGE-JARRETT JULIE,Officer,,2025-03-25,D
12546,0,,Stock Award(Grant) at price 0.00 per share.,RAK VLADIMIR,Chief Technology Officer,,2025-03-25,D
13048,0,,Stock Award(Grant) at price 0.00 per share.,GUPTA NAVDEEP,Chief Financial Officer,,2025-03-25,D
5000,64100,,Conversion of Exercise of derivative security at price 12.82 per share.,LODGE-JARRETT JULIE,Officer,,2025-01-17,D
5000,1139960,,Sale at price 227.68 - 228.46 per share.,LODGE-JARRETT JULIE,Officer,,2025-01-17,D
160600,4546586,,Conversion of Exercise of derivative security at price 28.31 per share.,STACK EDWARD W,"Officer, Director and Beneficial Owner",,2025-01-06,D
160600,36817230,,Sale at price 228.47 - 235.16 per share.,STACK EDWARD W,"Officer, Director and Beneficial Owner",,2025-01-06,D
7333,1697944,,Sale at price 229.33 - 232.64 per share.,SCHORR LAWRENCE J,Director,,2025-01-02,D
685,0,,Stock Gift at price 0.00 per share.,GUPTA NAVDEEP,Chief Financial Officer,,2024-12-16,D
230,49463,,Purchase at price 215.05 per share.,FITZGERALD LARRY JR.,Director,,2024-12-02,D
13000,0,,Stock Gift at price 0.00 per share.,CHIRICO EMANUEL,Director,,2024-11-29,D
