Name,Position,URL,Most Recent Transaction,Latest Transaction Date,Shares Owned Directly,Position Direct Date,Shares Owned Indirectly,Position Indirect Date
CHIRICO EMANUEL,Director,,Stock Award(Grant),2026-06-10,47475.0,2026-06-10,,
COLOMBO WILLIAM J,Director,,Purchase,2026-09-01,,,181838.0,1788220800.0
GUPTA NAVDEEP,Chief Financial Officer,,Purchase,2026-09-22,86580.0,2026-09-22,,
HOBART LAUREN R,Chief Executive Officer,,Conversion of Exercise of derivative security,2026-05-28,321763.0,2026-05-28,,
RAK VLADIMIR,Chief Technology Officer,,Stock Award(Grant),2026-04-02,35420.0,2026-04-02,,
SCHORR LAWRENCE J,Director,,Stock Award(Grant),2026-06-10,51310.0,2026-06-10,,
SLIVA RAYMOND A. JR,Officer,,Stock Award(Grant),2026-04-02,36590.0,2026-04-02,,
STACK EDWARD W,"Officer, Director and Beneficial Owner",,Conversion of Exercise of derivative security,2026-06-24,11493600.0,2026-06-24,,
STACK MICHAEL E.,Beneficial Owner of more than 10% of a Class of Security,,Stock Award(Grant),2026-04-02,12094400.0,2026-04-02,,
STONE LARRY D,Director,,Stock Award(Grant),2025-06-11,145060.0,2025-06-11,,
