co,basket,variant,window,year,owned,total,share,se,eqw_month
ASO,APPAREL,ALLX,Apr-Aug,2023,7569,12536,0.6037811104020421,0.0043684549102383455,0.6038977213454454
ASO,APPAREL,ALLX,Apr-Aug,2024,4551,7108,0.6402644907146877,0.005692429400734872,0.640457459253573
ASO,APPAREL,ALLX,Apr-Aug,2025,15640,27849,0.5616000574526913,0.00297333616644664,0.5740205428053337
ASO,APPAREL,ALLX,Apr-Aug,2026,13772,25127,0.5480956739762008,0.003139649131782694,0.5529254210777989
ASO,APPAREL,ALLX,Feb-Jul,2023,7552,12681,0.5955366296033436,0.004358299649884775,0.5873116486976033
ASO,APPAREL,ALLX,Feb-Jul,2024,6383,10760,0.5932156133828996,0.004735679346005499,0.6072628757027453
ASO,APPAREL,ALLX,Feb-Jul,2025,13224,22529,0.586976785476497,0.0032803994958842714,0.5746624009911384
ASO,APPAREL,ALLX,Feb-Jul,2026,16640,30399,0.5473864271851048,0.002854835905314397,0.5508738202653166
ASO,APPAREL,ALLX,Q1 Feb-Apr,2023,2706,4877,0.5548492925979086,0.007116470845132903,0.5544100212662323
ASO,APPAREL,ALLX,Q1 Feb-Apr,2024,3654,6636,0.5506329113924051,0.006106305453178041,0.5537779878681838
ASO,APPAREL,ALLX,Q1 Feb-Apr,2025,1778,3155,0.5635499207606973,0.008829453080597639,0.5583868870196145
ASO,APPAREL,ALLX,Q1 Feb-Apr,2026,8086,15862,0.5097717816164418,0.003969246551565727,0.5101224654204806
ASO,APPAREL,ALLX,Q2 May-Jul,2023,4846,7804,0.6209636084059457,0.005491802350790704,0.6202132761289744
ASO,APPAREL,ALLX,Q2 May-Jul,2024,2729,4124,0.6617361784675073,0.007367342949627199,0.6607477635373068
ASO,APPAREL,ALLX,Q2 May-Jul,2025,11446,19374,0.590791782801693,0.003532480299004054,0.5909379149626622
ASO,APPAREL,ALLX,Q2 May-Jul,2026,8554,14537,0.5884295246612093,0.004081614073485889,0.5916251751101528
ASO,APPAREL,ALLX,Aug,2023,1744,3080,0.5662337662337662,0.008929978116392574,0.5662337662337662
ASO,APPAREL,ALLX,Aug,2024,984,1513,0.650363516192994,0.012259337269858955,0.650363516192994
ASO,APPAREL,ALLX,Aug,2025,3458,7294,0.4740882917466411,0.005846596944275979,0.4740882917466411
ASO,APPAREL,ALLX,Aug,2026,2566,5603,0.4579689452079243,0.006656099236547811,0.4579689452079243
ASO,APPAREL,ALLX,Sep,2023,1815,3224,0.5629652605459057,0.008735771415404834,0.5629652605459057
ASO,APPAREL,ALLX,Sep,2024,826,1402,0.5891583452211127,0.01313951227383173,0.5891583452211127
ASO,APPAREL,ALLX,Sep,2025,1951,3795,0.5140974967061923,0.008113185815744361,0.5140974967061923
ASO,APPAREL,ALLX,Sep,2026,3121,6683,0.4670058357025288,0.006102905570313726,0.4670058357025288
ASO,APPAREL,EMAIL,Apr-Aug,2023,7130,11952,0.5965528781793842,0.004487427977026754,0.5962204580717058
ASO,APPAREL,EMAIL,Apr-Aug,2024,4114,6533,0.6297260064288994,0.005974218337790356,0.6289260938405169
ASO,APPAREL,EMAIL,Apr-Aug,2025,3531,5882,0.6003060183611016,0.006386863626014793,0.6001594973434828
ASO,APPAREL,EMAIL,Apr-Aug,2026,6697,12165,0.5505137690094534,0.004510100635089212,0.5532783611098728
ASO,APPAREL,EMAIL,Feb-Jul,2023,7061,12046,0.5861696828822845,0.0044874683529978355,0.577047298293968
ASO,APPAREL,EMAIL,Feb-Jul,2024,5835,10045,0.5808860129417621,0.004923076297398151,0.5943955611823131
ASO,APPAREL,EMAIL,Feb-Jul,2025,3947,6767,0.5832717600118221,0.005993270128308531,0.5781635110259837
ASO,APPAREL,EMAIL,Feb-Jul,2026,5715,9911,0.576632025022702,0.004963061341269022,0.5586805862067555
ASO,APPAREL,EMAIL,Q1 Feb-Apr,2023,2499,4618,0.5411433521004764,0.007332764097887931,0.5408516566875458
ASO,APPAREL,EMAIL,Q1 Feb-Apr,2024,3365,6248,0.538572343149808,0.006306716720392835,0.540560154891419
ASO,APPAREL,EMAIL,Q1 Feb-Apr,2025,1572,2871,0.5475444096133751,0.009289258695053544,0.5436777302489717
ASO,APPAREL,EMAIL,Q1 Feb-Apr,2026,1649,3115,0.5293739967897271,0.008943144263279853,0.5284332204610541
ASO,APPAREL,EMAIL,Q2 May-Jul,2023,4562,7428,0.6141626278944534,0.005648171705755253,0.61324293990039
ASO,APPAREL,EMAIL,Q2 May-Jul,2024,2470,3797,0.6505135633394785,0.007737898743773019,0.6482309674732073
ASO,APPAREL,EMAIL,Q2 May-Jul,2025,2375,3896,0.6095995893223819,0.007815701993028579,0.6126492918029958
ASO,APPAREL,EMAIL,Q2 May-Jul,2026,4066,6796,0.598293113596233,0.005946822218600508,0.588927951952457
ASO,APPAREL,EMAIL,Aug,2023,1660,2960,0.5608108108108109,0.009121959791366917,0.5608108108108109
ASO,APPAREL,EMAIL,Aug,2024,905,1393,0.6496769562096195,0.012782256433277961,0.6496769562096195
ASO,APPAREL,EMAIL,Aug,2025,534,937,0.5699039487726788,0.016173863191251952,0.5699039487726788
ASO,APPAREL,EMAIL,Aug,2026,1864,3898,0.47819394561313494,0.008000841669296847,0.47819394561313494
ASO,APPAREL,EMAIL,Sep,2023,1761,3144,0.5601145038167938,0.008852520924989277,0.5601145038167938
ASO,APPAREL,EMAIL,Sep,2024,768,1336,0.5748502994011976,0.013525243439194888,0.5748502994011976
ASO,APPAREL,EMAIL,Sep,2025,386,725,0.5324137931034483,0.018530472425138632,0.5324137931034483
ASO,APPAREL,EMAIL,Sep,2026,318,622,0.5112540192926045,0.020043094530128532,0.5112540192926045
ASO,APPAREL,ORG,Apr-Aug,2023,437,581,0.7521514629948365,0.01791256444724489,0.7560315725012424
ASO,APPAREL,ORG,Apr-Aug,2024,435,572,0.7604895104895105,0.01784476647166357,0.7596914773389661
ASO,APPAREL,ORG,Apr-Aug,2025,375,480,0.78125,0.0188689801382675,0.7718036301933362
ASO,APPAREL,ORG,Apr-Aug,2026,172,287,0.5993031358885017,0.028926127658804996,0.5998569566027193
ASO,APPAREL,ORG,Feb-Jul,2023,491,634,0.7744479495268138,0.01659873066298393,0.7673850674798488
ASO,APPAREL,ORG,Feb-Jul,2024,547,713,0.7671809256661991,0.01582753973204171,0.7616297750295185
ASO,APPAREL,ORG,Feb-Jul,2025,424,564,0.75177304964539,0.018189815338342886,0.7395562367437366
ASO,APPAREL,ORG,Feb-Jul,2026,196,327,0.599388379204893,0.027098300502982134,0.5983970152503683
ASO,APPAREL,ORG,Q1 Feb-Apr,2023,207,259,0.7992277992277992,0.02489070504354624,0.7752953261427837
ASO,APPAREL,ORG,Q1 Feb-Apr,2024,288,386,0.7461139896373057,0.022152784600507854,0.7344637318062515
ASO,APPAREL,ORG,Q1 Feb-Apr,2025,206,284,0.7253521126760564,0.026485208821366717,0.6914361914361914
ASO,APPAREL,ORG,Q1 Feb-Apr,2026,95,153,0.6209150326797386,0.039222805397065415,0.6167149758454107
ASO,APPAREL,ORG,Q2 May-Jul,2023,284,375,0.7573333333333333,0.022137723794799113,0.759474808816914
ASO,APPAREL,ORG,Q2 May-Jul,2024,259,327,0.7920489296636085,0.022443093015558645,0.7887958182527854
ASO,APPAREL,ORG,Q2 May-Jul,2025,218,280,0.7785714285714286,0.02481344387795753,0.787676282051282
ASO,APPAREL,ORG,Q2 May-Jul,2026,101,174,0.5804597701149425,0.03741090760735481,0.5800790546553257
ASO,APPAREL,ORG,Aug,2023,82,118,0.6949152542372882,0.04238724261082886,0.6949152542372882
ASO,APPAREL,ORG,Aug,2024,77,118,0.652542372881356,0.04383432062948529,0.652542372881356
ASO,APPAREL,ORG,Aug,2025,43,68,0.6323529411764706,0.05847104599738657,0.6323529411764706
ASO,APPAREL,ORG,Aug,2026,39,63,0.6190476190476191,0.06118248327996391,0.6190476190476191
ASO,APPAREL,ORG,Sep,2023,53,79,0.6708860759493671,0.052866915433242935,0.6708860759493671
ASO,APPAREL,ORG,Sep,2024,58,66,0.8787878787878788,0.040173816077552535,0.8787878787878788
ASO,APPAREL,ORG,Sep,2025,36,54,0.6666666666666666,0.06415002990995843,0.6666666666666666
ASO,APPAREL,ORG,Sep,2026,31,52,0.5961538461538461,0.06804331734974511,0.5961538461538461
ASO,APPAREL,PURCH,Apr-Aug,2023,7130,11952,0.5965528781793842,0.004487427977026754,0.5962204580717058
ASO,APPAREL,PURCH,Apr-Aug,2024,4114,6533,0.6297260064288994,0.005974218337790356,0.6289260938405169
ASO,APPAREL,PURCH,Apr-Aug,2025,15265,27369,0.5577478168731046,0.003002095250675441,0.565138315127219
ASO,APPAREL,PURCH,Apr-Aug,2026,13600,24840,0.5475040257648953,0.003158095236179255,0.5525917666704856
ASO,APPAREL,PURCH,Feb-Jul,2023,7061,12046,0.5861696828822845,0.0044874683529978355,0.577047298293968
ASO,APPAREL,PURCH,Feb-Jul,2024,5835,10045,0.5808860129417621,0.004923076297398151,0.5943955611823131
ASO,APPAREL,PURCH,Feb-Jul,2025,12800,21965,0.5827452765763715,0.003327165530424846,0.5651966926008006
ASO,APPAREL,PURCH,Feb-Jul,2026,16444,30072,0.5468209630220804,0.0028706241055636494,0.550476646486442
ASO,APPAREL,PURCH,Q1 Feb-Apr,2023,2499,4618,0.5411433521004764,0.007332764097887931,0.5408516566875458
ASO,APPAREL,PURCH,Q1 Feb-Apr,2024,3365,6248,0.538572343149808,0.006306716720392835,0.540560154891419
ASO,APPAREL,PURCH,Q1 Feb-Apr,2025,1572,2871,0.5475444096133751,0.009289258695053544,0.5436777302489717
ASO,APPAREL,PURCH,Q1 Feb-Apr,2026,7991,15709,0.5086892863963333,0.003988688700794326,0.5089082938315297
ASO,APPAREL,PURCH,Q2 May-Jul,2023,4562,7428,0.6141626278944534,0.005648171705755253,0.61324293990039
ASO,APPAREL,PURCH,Q2 May-Jul,2024,2470,3797,0.6505135633394785,0.007737898743773019,0.6482309674732073
ASO,APPAREL,PURCH,Q2 May-Jul,2025,11228,19094,0.5880381271603645,0.0035619088015520226,0.5867156549526297
ASO,APPAREL,PURCH,Q2 May-Jul,2026,8453,14363,0.5885260739399847,0.004106118079591243,0.5920449991413544
ASO,APPAREL,PURCH,Aug,2023,1660,2960,0.5608108108108109,0.009121959791366917,0.5608108108108109
ASO,APPAREL,PURCH,Aug,2024,905,1393,0.6496769562096195,0.012782256433277961,0.6496769562096195
ASO,APPAREL,PURCH,Aug,2025,3415,7226,0.4725989482424578,0.005873106721130531,0.4725989482424578
ASO,APPAREL,PURCH,Aug,2026,2527,5540,0.45613718411552345,0.00669171659648739,0.45613718411552345
ASO,APPAREL,PURCH,Sep,2023,1761,3144,0.5601145038167938,0.008852520924989277,0.5601145038167938
ASO,APPAREL,PURCH,Sep,2024,768,1336,0.5748502994011976,0.013525243439194888,0.5748502994011976
ASO,APPAREL,PURCH,Sep,2025,1915,3741,0.5118952151831061,0.008172467712383854,0.5118952151831061
ASO,APPAREL,PURCH,Sep,2026,3090,6631,0.4659930628864425,0.006125953010820345,0.4659930628864425
ASO,APPAREL,SAMPLING,Apr-Aug,2023,84,84,1.0,0.0,1.0
ASO,APPAREL,SAMPLING,Feb-Jul,2023,85,85,1.0,0.0,1.0
ASO,APPAREL,SAMPLING,Q2 May-Jul,2023,79,79,1.0,0.0,1.0
ASO,APPAREL,TEXT,Apr-Aug,2025,11734,21487,0.5460976404337506,0.003396475438113052,0.546520670949472
ASO,APPAREL,TEXT,Apr-Aug,2026,6903,12675,0.5446153846153846,0.00442344005158766,0.5298061389810521
ASO,APPAREL,TEXT,Feb-Jul,2025,8853,15198,0.5825108566916699,0.0040001970484430304,0.5759937456089954
ASO,APPAREL,TEXT,Feb-Jul,2026,10729,20161,0.53216606319131,0.0035140943221199047,0.5381339864159947
ASO,APPAREL,TEXT,Q1 Feb-Apr,2026,6342,12594,0.5035731300619343,0.004455301202958175,0.5060570497868849
ASO,APPAREL,TEXT,Q2 May-Jul,2025,8853,15198,0.5825108566916699,0.0040001970484430304,0.5759937456089954
ASO,APPAREL,TEXT,Q2 May-Jul,2026,4387,7567,0.5797541958504031,0.005674293245707238,0.5702109230451045
ASO,APPAREL,TEXT,Aug,2025,2881,6289,0.45810144697090155,0.006282739168321266,0.45810144697090155
ASO,APPAREL,TEXT,Aug,2026,663,1642,0.4037758830694275,0.012108445209201953,0.4037758830694275
ASO,APPAREL,TEXT,Sep,2025,1529,3016,0.5069628647214854,0.00910358017053599,0.5069628647214854
ASO,APPAREL,TEXT,Sep,2026,2772,6009,0.4613080379430854,0.006430794870105274,0.4613080379430854
ASO,KIDS,ALLX,Apr-Aug,2023,1498,2487,0.6023321270607157,0.00981387166766822,0.6149390318379083
ASO,KIDS,ALLX,Apr-Aug,2024,886,1328,0.6671686746987951,0.012930963417673998,0.6665677492235696
ASO,KIDS,ALLX,Apr-Aug,2025,3751,6463,0.5803806281912425,0.006138568984974152,0.6075084595633158
ASO,KIDS,ALLX,Apr-Aug,2026,2988,5360,0.5574626865671641,0.006784228302947078,0.5721617409148225
ASO,KIDS,ALLX,Feb-Jul,2023,1427,2213,0.6448260280162675,0.010173049054802126,0.6417273143551784
ASO,KIDS,ALLX,Feb-Jul,2024,1098,1710,0.6421052631578947,0.01159264977310564,0.649201607792088
ASO,KIDS,ALLX,Feb-Jul,2025,2851,4429,0.6437118988484986,0.007196040313316,0.6307405559075626
ASO,KIDS,ALLX,Feb-Jul,2026,3068,5428,0.5652173913043478,0.006728587751004314,0.5670274858597716
ASO,KIDS,ALLX,Q1 Feb-Apr,2023,565,885,0.6384180790960452,0.016150438079079173,0.637707647942813
ASO,KIDS,ALLX,Q1 Feb-Apr,2024,619,1014,0.6104536489151874,0.01531393995173952,0.6138123732458393
ASO,KIDS,ALLX,Q1 Feb-Apr,2025,304,494,0.6153846153846154,0.021888861277864314,0.6121315784718478
ASO,KIDS,ALLX,Q1 Feb-Apr,2026,1582,2928,0.5403005464480874,0.009210202118976512,0.541321201244214
ASO,KIDS,ALLX,Q2 May-Jul,2023,862,1328,0.6490963855421686,0.013096326045393217,0.6457469807675439
ASO,KIDS,ALLX,Q2 May-Jul,2024,479,696,0.6882183908045977,0.017558352523444214,0.6845908423383366
ASO,KIDS,ALLX,Q2 May-Jul,2025,2547,3935,0.6472681067344346,0.007617142853127027,0.6493495333432775
ASO,KIDS,ALLX,Q2 May-Jul,2026,1486,2500,0.5944,0.009820155599581912,0.5927337704753292
ASO,KIDS,ALLX,Aug,2023,464,876,0.5296803652968036,0.016863644527599943,0.5296803652968036
ASO,KIDS,ALLX,Aug,2024,266,406,0.6551724137931034,0.023589339768909576,0.6551724137931034
ASO,KIDS,ALLX,Aug,2025,1073,2319,0.4626994394135403,0.010353990428851503,0.4626994394135403
ASO,KIDS,ALLX,Aug,2026,902,1853,0.48677819751753915,0.011611288028514308,0.48677819751753915
ASO,KIDS,ALLX,Sep,2023,382,689,0.5544267053701016,0.018935293290363867,0.5544267053701016
ASO,KIDS,ALLX,Sep,2024,188,324,0.5802469135802469,0.027417690111531803,0.5802469135802469
ASO,KIDS,ALLX,Sep,2025,506,951,0.5320715036803365,0.0161802224645652,0.5320715036803365
ASO,KIDS,ALLX,Sep,2026,838,1594,0.5257214554579673,0.012506921715441736,0.5257214554579673
ASO,KIDS,EMAIL,Apr-Aug,2023,1419,2383,0.5954678976080571,0.010054110433229083,0.6067796391021371
ASO,KIDS,EMAIL,Apr-Aug,2024,810,1234,0.6564019448946515,0.013519253082795281,0.6561091565326859
ASO,KIDS,EMAIL,Apr-Aug,2025,844,1307,0.6457536342769702,0.013229649472618942,0.6489377220327086
ASO,KIDS,EMAIL,Apr-Aug,2026,1566,2821,0.5551222970577809,0.009356493334448174,0.5702110090007424
ASO,KIDS,EMAIL,Feb-Jul,2023,1339,2112,0.6339962121212122,0.010481879546812487,0.6297512829641951
ASO,KIDS,EMAIL,Feb-Jul,2024,1004,1598,0.6282853566958698,0.012089126343767687,0.6367320486532174
ASO,KIDS,EMAIL,Feb-Jul,2025,836,1274,0.6562009419152276,0.013307180629817734,0.6480490015971494
ASO,KIDS,EMAIL,Feb-Jul,2026,1028,1779,0.5778527262507026,0.011709884291290865,0.5579359249527317
ASO,KIDS,EMAIL,Q1 Feb-Apr,2023,518,834,0.6211031175059952,0.016798068395947406,0.6201536037062353
ASO,KIDS,EMAIL,Q1 Feb-Apr,2024,562,948,0.5928270042194093,0.015956928685941982,0.5944280030852921
ASO,KIDS,EMAIL,Q1 Feb-Apr,2025,278,457,0.6083150984682714,0.02283361180594551,0.6067257733924402
ASO,KIDS,EMAIL,Q1 Feb-Apr,2026,291,535,0.5439252336448598,0.021533307121899888,0.5264277389277389
ASO,KIDS,EMAIL,Q2 May-Jul,2023,821,1278,0.6424100156494522,0.013407055211880037,0.6393489622221549
ASO,KIDS,EMAIL,Q2 May-Jul,2024,442,650,0.68,0.018296699996699698,0.679036094221143
ASO,KIDS,EMAIL,Q2 May-Jul,2025,558,817,0.6829865361077111,0.016279231409358323,0.6893722298018586
ASO,KIDS,EMAIL,Q2 May-Jul,2026,737,1244,0.592443729903537,0.013931797491770604,0.5894441109777244
ASO,KIDS,EMAIL,Aug,2023,441,839,0.5256257449344458,0.017239231016803528,0.5256257449344458
ASO,KIDS,EMAIL,Aug,2024,249,384,0.6484375,0.024365185448973925,0.6484375
ASO,KIDS,EMAIL,Aug,2025,171,301,0.5681063122923588,0.028550912165257084,0.5681063122923588
ASO,KIDS,EMAIL,Aug,2026,652,1265,0.5154150197628459,0.014051356317460812,0.5154150197628459
ASO,KIDS,EMAIL,Sep,2023,373,676,0.5517751479289941,0.019127388819250708,0.5517751479289941
ASO,KIDS,EMAIL,Sep,2024,182,317,0.5741324921135647,0.02777241747275269,0.5741324921135647
ASO,KIDS,EMAIL,Sep,2025,110,203,0.541871921182266,0.03496984923825574,0.541871921182266
ASO,KIDS,EMAIL,Sep,2026,88,156,0.5641025641025641,0.0397016809431867,0.5641025641025641
ASO,KIDS,ORG,Apr-Aug,2023,78,103,0.7572815533980582,0.042243653200672186,0.6111111111111112
ASO,KIDS,ORG,Apr-Aug,2024,76,94,0.8085106382978723,0.04058366536211119,
ASO,KIDS,ORG,Apr-Aug,2025,74,90,0.8222222222222222,0.04030065335921613,
ASO,KIDS,ORG,Apr-Aug,2026,21,40,0.525,0.07895805848676878,
ASO,KIDS,ORG,Feb-Jul,2023,88,101,0.8712871287128713,0.033321991675607045,
ASO,KIDS,ORG,Feb-Jul,2024,94,112,0.8392857142857143,0.03470348943982855,0.9032258064516129
ASO,KIDS,ORG,Feb-Jul,2025,69,84,0.8214285714285714,0.04178796726294427,
ASO,KIDS,ORG,Feb-Jul,2026,20,38,0.5263157894736842,0.08099829095409111,
ASO,KIDS,ORG,Q1 Feb-Apr,2023,47,51,0.9215686274509803,0.03764641803888858,
ASO,KIDS,ORG,Q1 Feb-Apr,2024,57,66,0.8636363636363636,0.04224183533111751,0.9032258064516129
ASO,KIDS,ORG,Q1 Feb-Apr,2025,26,37,0.7027027027027027,0.07514159864153769,
ASO,KIDS,ORG,Q2 May-Jul,2023,41,50,0.82,0.054332310828824504,
ASO,KIDS,ORG,Q2 May-Jul,2024,37,46,0.8043478260869565,0.05849050475823138,
ASO,KIDS,ORG,Q2 May-Jul,2025,43,47,0.9148936170212766,0.04070215806788415,
ASO,KIDS,ORG,Aug,2023,22,36,0.6111111111111112,0.08124967025363077,0.6111111111111112
ASO,KIDS,PURCH,Apr-Aug,2023,1419,2383,0.5954678976080571,0.010054110433229083,0.6067796391021371
ASO,KIDS,PURCH,Apr-Aug,2024,810,1234,0.6564019448946515,0.013519253082795281,0.6561091565326859
ASO,KIDS,PURCH,Apr-Aug,2025,3677,6373,0.5769653224541033,0.006188578171642247,0.6010063374103338
ASO,KIDS,PURCH,Apr-Aug,2026,2967,5320,0.5577067669172933,0.00680929717498689,0.5728807812196745
ASO,KIDS,PURCH,Feb-Jul,2023,1339,2112,0.6339962121212122,0.010481879546812487,0.6297512829641951
ASO,KIDS,PURCH,Feb-Jul,2024,1004,1598,0.6282853566958698,0.012089126343767687,0.6367320486532174
ASO,KIDS,PURCH,Feb-Jul,2025,2782,4345,0.6402761795166858,0.007280704095053198,0.6259903341725264
ASO,KIDS,PURCH,Feb-Jul,2026,3048,5390,0.5654916512059369,0.0067517721664897366,0.5677107246214259
ASO,KIDS,PURCH,Q1 Feb-Apr,2023,518,834,0.6211031175059952,0.016798068395947406,0.6201536037062353
ASO,KIDS,PURCH,Q1 Feb-Apr,2024,562,948,0.5928270042194093,0.015956928685941982,0.5944280030852921
ASO,KIDS,PURCH,Q1 Feb-Apr,2025,278,457,0.6083150984682714,0.02283361180594551,0.6067257733924402
ASO,KIDS,PURCH,Q1 Feb-Apr,2026,1574,2913,0.5403364229316856,0.009233831082066499,0.5414536133576141
ASO,KIDS,PURCH,Q2 May-Jul,2023,821,1278,0.6424100156494522,0.013407055211880037,0.6393489622221549
ASO,KIDS,PURCH,Q2 May-Jul,2024,442,650,0.68,0.018296699996699698,0.679036094221143
ASO,KIDS,PURCH,Q2 May-Jul,2025,2504,3888,0.6440329218106996,0.007678843614626432,0.6452548949526127
ASO,KIDS,PURCH,Q2 May-Jul,2026,1474,2477,0.595074687121518,0.009863026463764938,0.5939678358852377
ASO,KIDS,PURCH,Aug,2023,441,839,0.5256257449344458,0.017239231016803528,0.5256257449344458
ASO,KIDS,PURCH,Aug,2024,249,384,0.6484375,0.024365185448973925,0.6484375
ASO,KIDS,PURCH,Aug,2025,1058,2296,0.460801393728223,0.010402682188685458,0.460801393728223
ASO,KIDS,PURCH,Aug,2026,896,1841,0.4866920152091255,0.011649015585780855,0.4866920152091255
ASO,KIDS,PURCH,Sep,2023,373,676,0.5517751479289941,0.019127388819250708,0.5517751479289941
ASO,KIDS,PURCH,Sep,2024,182,317,0.5741324921135647,0.02777241747275269,0.5741324921135647
ASO,KIDS,PURCH,Sep,2025,499,941,0.5302869287991498,0.016269603623499784,0.5302869287991498
ASO,KIDS,PURCH,Sep,2026,833,1587,0.5248897290485193,0.012535532393685008,0.5248897290485193
ASO,KIDS,SAMPLING,Apr-Aug,2023,33,33,1.0,0.0,
ASO,KIDS,SAMPLING,Feb-Jul,2023,33,33,1.0,0.0,
ASO,KIDS,SAMPLING,Q2 May-Jul,2023,32,32,1.0,0.0,
ASO,KIDS,TEXT,Apr-Aug,2025,2833,5066,0.5592183181997631,0.006975412104015303,0.5827118003972085
ASO,KIDS,TEXT,Apr-Aug,2026,1401,2499,0.56062424969988,0.009928207686308522,0.5613372650446053
ASO,KIDS,TEXT,Feb-Jul,2025,1946,3071,0.633669814392706,0.0086941665303531,0.628745224255593
ASO,KIDS,TEXT,Feb-Jul,2026,2020,3611,0.5594018277485461,0.008261702304500535,0.5703444130957288
ASO,KIDS,TEXT,Q1 Feb-Apr,2026,1283,2378,0.539529015979815,0.01022121708808912,0.5462265895284156
ASO,KIDS,TEXT,Q2 May-Jul,2025,1946,3071,0.633669814392706,0.0086941665303531,0.628745224255593
ASO,KIDS,TEXT,Q2 May-Jul,2026,737,1233,0.5977291159772912,0.013964647168895512,0.6065211484466986
ASO,KIDS,TEXT,Aug,2025,887,1995,0.4446115288220551,0.01112544369334182,0.4446115288220551
ASO,KIDS,TEXT,Aug,2026,244,576,0.4236111111111111,0.020588761837060432,0.4236111111111111
ASO,KIDS,TEXT,Sep,2025,389,738,0.5271002710027101,0.0183781999153756,0.5271002710027101
ASO,KIDS,TEXT,Sep,2026,745,1431,0.5206149545772187,0.013206287377939366,0.5206149545772187
ASO,MENS,ALLX,Apr-Aug,2023,3526,6031,0.5846459956889405,0.006345429544883027,0.5844317456003523
ASO,MENS,ALLX,Apr-Aug,2024,2257,3735,0.6042838018741633,0.008001420366993355,0.6053268317866994
ASO,MENS,ALLX,Apr-Aug,2025,6557,12714,0.5157306905773164,0.004432143957598251,0.5177702465319027
ASO,MENS,ALLX,Apr-Aug,2026,6176,11947,0.5169498618900142,0.004571838549672841,0.5216157002935599
ASO,MENS,ALLX,Feb-Jul,2023,3495,6241,0.5600064092292901,0.006283369254329505,0.5487553131877984
ASO,MENS,ALLX,Feb-Jul,2024,3207,5814,0.5515995872033024,0.006522400376672978,0.5657554774427497
ASO,MENS,ALLX,Feb-Jul,2025,5719,10848,0.5271939528023599,0.004793490632691662,0.5057262434045137
ASO,MENS,ALLX,Feb-Jul,2026,7768,14889,0.5217274497951507,0.004093801741945669,0.5263896981578158
ASO,MENS,ALLX,Q1 Feb-Apr,2023,1204,2371,0.5078026149304091,0.010267183890237593,0.5062155231663166
ASO,MENS,ALLX,Q1 Feb-Apr,2024,1852,3618,0.5118850193477059,0.008310229104597347,0.5162700706521318
ASO,MENS,ALLX,Q1 Feb-Apr,2025,799,1634,0.488984088127295,0.012366265006521304,0.4829975407751305
ASO,MENS,ALLX,Q1 Feb-Apr,2026,3842,7759,0.49516690295141125,0.005676058178393312,0.4946701091630545
ASO,MENS,ALLX,Q2 May-Jul,2023,2291,3870,0.5919896640826874,0.007900183193865129,0.5912951032092802
ASO,MENS,ALLX,Q2 May-Jul,2024,1355,2196,0.6170309653916212,0.010373352638532288,0.6152408842333675
ASO,MENS,ALLX,Q2 May-Jul,2025,4920,9214,0.5339700455828088,0.00519686289806026,0.528454946033897
ASO,MENS,ALLX,Q2 May-Jul,2026,3926,7130,0.5506311360448808,0.005890974008036933,0.5581092871525771
ASO,MENS,ALLX,Aug,2023,770,1365,0.5641025641025641,0.013421617827603321,0.5641025641025641
ASO,MENS,ALLX,Aug,2024,446,699,0.6380543633762518,0.018176569707774873,0.6380543633762518
ASO,MENS,ALLX,Aug,2025,1328,2940,0.45170068027210886,0.00917826432159603,0.45170068027210886
ASO,MENS,ALLX,Aug,2026,1024,2395,0.42755741127348645,0.010109051966697308,0.42755741127348645
ASO,MENS,ALLX,Sep,2023,762,1523,0.5003282994090611,0.012812089359740729,0.5003282994090611
ASO,MENS,ALLX,Sep,2024,362,669,0.5411061285500748,0.0192656779553345,0.5411061285500748
ASO,MENS,ALLX,Sep,2025,825,1711,0.48217416715371125,0.012080052476927255,0.48217416715371125
ASO,MENS,ALLX,Sep,2026,1202,3003,0.40026640026640026,0.008940794067801242,0.40026640026640026
ASO,MENS,EMAIL,Apr-Aug,2023,3336,5767,0.5784636726200798,0.006502503180475805,0.5775486216321475
ASO,MENS,EMAIL,Apr-Aug,2024,2086,3488,0.5980504587155964,0.008301688708943562,0.5988152422690751
ASO,MENS,EMAIL,Apr-Aug,2025,1534,2889,0.5309795777085496,0.009284553319595393,0.534294143147861
ASO,MENS,EMAIL,Apr-Aug,2026,3174,5988,0.530060120240481,0.006449749095013844,0.525551218662774
ASO,MENS,EMAIL,Feb-Jul,2023,3269,5930,0.551264755480607,0.0064587408235835635,0.5389234925253669
ASO,MENS,EMAIL,Feb-Jul,2024,2986,5502,0.5427117411850236,0.0067161338209898525,0.5569831955909318
ASO,MENS,EMAIL,Feb-Jul,2025,1754,3488,0.5028669724770642,0.008465929093114208,0.4969217328468985
ASO,MENS,EMAIL,Feb-Jul,2026,2910,5232,0.5561926605504587,0.006868722946234575,0.5351031460545038
ASO,MENS,EMAIL,Q1 Feb-Apr,2023,1108,2244,0.49376114081996436,0.010554186568178678,0.49273850790022894
ASO,MENS,EMAIL,Q1 Feb-Apr,2024,1721,3432,0.5014568764568764,0.008534823044619552,0.5054958317995163
ASO,MENS,EMAIL,Q1 Feb-Apr,2025,713,1512,0.47156084656084657,0.012837795929719061,0.465225817114353
ASO,MENS,EMAIL,Q1 Feb-Apr,2026,850,1673,0.5080693365212193,0.012222652624678771,0.5068916826494746
ASO,MENS,EMAIL,Q2 May-Jul,2023,2161,3686,0.5862723819858926,0.008112025533070069,0.5851084771505045
ASO,MENS,EMAIL,Q2 May-Jul,2024,1265,2070,0.6111111111111112,0.010714889207018128,0.6084705593823472
ASO,MENS,EMAIL,Q2 May-Jul,2025,1041,1976,0.5268218623481782,0.011231836162131428,0.5286176485794442
ASO,MENS,EMAIL,Q2 May-Jul,2026,2060,3559,0.5788142736723799,0.008276418534330383,0.563314609459533
ASO,MENS,EMAIL,Aug,2023,742,1324,0.5604229607250756,0.013640536980143362,0.5604229607250756
ASO,MENS,EMAIL,Aug,2024,408,639,0.6384976525821596,0.01900574002040875,0.6384976525821596
ASO,MENS,EMAIL,Aug,2025,230,405,0.5679012345679012,0.024615032160392812,0.5679012345679012
ASO,MENS,EMAIL,Aug,2026,740,1675,0.4417910447761194,0.01213387308893392,0.4417910447761194
ASO,MENS,EMAIL,Sep,2023,743,1487,0.4996637525218561,0.012966250924538122,0.4996637525218561
ASO,MENS,EMAIL,Sep,2024,340,644,0.5279503105590062,0.019671951693888162,0.5279503105590062
ASO,MENS,EMAIL,Sep,2025,171,333,0.5135135135135135,0.027389822146461174,0.5135135135135135
ASO,MENS,EMAIL,Sep,2026,130,281,0.4626334519572954,0.029744088864428007,0.4626334519572954
ASO,MENS,ORG,Apr-Aug,2023,190,264,0.7196969696969697,0.027643101604387446,0.7237438764727603
ASO,MENS,ORG,Apr-Aug,2024,169,244,0.6926229508196722,0.029538554884455264,0.6968725947447563
ASO,MENS,ORG,Apr-Aug,2025,138,184,0.75,0.031922119903453075,0.748945868945869
ASO,MENS,ORG,Apr-Aug,2026,72,125,0.576,0.044201719423569936,0.6666666666666666
ASO,MENS,ORG,Feb-Jul,2023,226,311,0.7266881028938906,0.02527103905286594,0.7571585106191018
ASO,MENS,ORG,Feb-Jul,2024,220,310,0.7096774193548387,0.025780423919328922,0.7033101015868778
ASO,MENS,ORG,Feb-Jul,2025,166,235,0.7063829787234043,0.029708231260917376,0.6786877506877507
ASO,MENS,ORG,Feb-Jul,2026,74,132,0.5606060606060606,0.04319852913968169,
ASO,MENS,ORG,Q1 Feb-Apr,2023,96,127,0.7559055118110236,0.038116312772976696,0.8352564102564102
ASO,MENS,ORG,Q1 Feb-Apr,2024,130,184,0.7065217391304348,0.033569264156573464,0.6909513192121888
ASO,MENS,ORG,Q1 Feb-Apr,2025,86,122,0.7049180327868853,0.04129150667229845,0.6770721770721772
ASO,MENS,ORG,Q1 Feb-Apr,2026,33,55,0.6,0.06605782590758164,
ASO,MENS,ORG,Q2 May-Jul,2023,130,184,0.7065217391304348,0.033569264156573464,0.7050932441942294
ASO,MENS,ORG,Q2 May-Jul,2024,90,126,0.7142857142857143,0.04024544070135793,0.7156688839615669
ASO,MENS,ORG,Q2 May-Jul,2025,80,113,0.7079646017699115,0.04277443662297747,0.6811111111111111
ASO,MENS,ORG,Q2 May-Jul,2026,41,77,0.5324675324675324,0.0568600308499112,
ASO,MENS,ORG,Aug,2023,28,41,0.6829268292682927,0.07267330424307175,0.6829268292682927
ASO,MENS,ORG,Aug,2024,36,58,0.6206896551724138,0.06371190641911445,0.6206896551724138
ASO,MENS,ORG,Aug,2026,20,30,0.6666666666666666,0.08606629658238704,0.6666666666666666
ASO,MENS,ORG,Sep,2023,18,35,0.5142857142857142,0.0844809223379282,0.5142857142857142
ASO,MENS,ORG,Sep,2026,15,30,0.5,0.09128709291752768,0.5
ASO,MENS,PURCH,Apr-Aug,2023,3336,5767,0.5784636726200798,0.006502503180475805,0.5775486216321475
ASO,MENS,PURCH,Apr-Aug,2024,2086,3488,0.5980504587155964,0.008301688708943562,0.5988152422690751
ASO,MENS,PURCH,Apr-Aug,2025,6419,12530,0.5122905027932961,0.004465429356833333,0.5083968613712632
ASO,MENS,PURCH,Apr-Aug,2026,6104,11822,0.5163254948401286,0.0045961363646187595,0.5209496174409233
ASO,MENS,PURCH,Feb-Jul,2023,3269,5930,0.551264755480607,0.0064587408235835635,0.5389234925253669
ASO,MENS,PURCH,Feb-Jul,2024,2986,5502,0.5427117411850236,0.0067161338209898525,0.5569831955909318
ASO,MENS,PURCH,Feb-Jul,2025,5553,10613,0.5232262319796476,0.004848214753383344,0.4949024304290981
ASO,MENS,PURCH,Feb-Jul,2026,7694,14757,0.5213796842176595,0.004112193840114803,0.5260852536753363
ASO,MENS,PURCH,Q1 Feb-Apr,2023,1108,2244,0.49376114081996436,0.010554186568178678,0.49273850790022894
ASO,MENS,PURCH,Q1 Feb-Apr,2024,1721,3432,0.5014568764568764,0.008534823044619552,0.5054958317995163
ASO,MENS,PURCH,Q1 Feb-Apr,2025,713,1512,0.47156084656084657,0.012837795929719061,0.465225817114353
ASO,MENS,PURCH,Q1 Feb-Apr,2026,3809,7704,0.4944184839044652,0.0056961944479400365,0.49389846721798586
ASO,MENS,PURCH,Q2 May-Jul,2023,2161,3686,0.5862723819858926,0.008112025533070069,0.5851084771505045
ASO,MENS,PURCH,Q2 May-Jul,2024,1265,2070,0.6111111111111112,0.010714889207018128,0.6084705593823472
ASO,MENS,PURCH,Q2 May-Jul,2025,4840,9101,0.5318096912427206,0.005230518907871769,0.5245790437438432
ASO,MENS,PURCH,Q2 May-Jul,2026,3885,7053,0.5508294342832837,0.00592280278955342,0.5582720401326867
ASO,MENS,PURCH,Aug,2023,742,1324,0.5604229607250756,0.013640536980143362,0.5604229607250756
ASO,MENS,PURCH,Aug,2024,408,639,0.6384976525821596,0.01900574002040875,0.6384976525821596
ASO,MENS,PURCH,Aug,2025,1316,2921,0.4505306401917152,0.009205939735237157,0.4505306401917152
ASO,MENS,PURCH,Aug,2026,1004,2365,0.4245243128964059,0.010163638306131354,0.4245243128964059
ASO,MENS,PURCH,Sep,2023,743,1487,0.4996637525218561,0.012966250924538122,0.4996637525218561
ASO,MENS,PURCH,Sep,2024,340,644,0.5279503105590062,0.019671951693888162,0.5279503105590062
ASO,MENS,PURCH,Sep,2025,818,1697,0.48202710665880966,0.012129651574621283,0.48202710665880966
ASO,MENS,PURCH,Sep,2026,1187,2973,0.39926000672721157,0.008982013902732098,0.39926000672721157
ASO,MENS,SAMPLING,Apr-Aug,2023,49,49,1.0,0.0,
ASO,MENS,SAMPLING,Feb-Jul,2023,48,48,1.0,0.0,
ASO,MENS,SAMPLING,Q2 May-Jul,2023,47,47,1.0,0.0,
ASO,MENS,TEXT,Apr-Aug,2025,4885,9641,0.506690177367493,0.005091785297465424,0.49697184006198936
ASO,MENS,TEXT,Apr-Aug,2026,2930,5834,0.5022283167637984,0.006546097642432309,0.4965232225468455
ASO,MENS,TEXT,Feb-Jul,2025,3799,7125,0.5331929824561403,0.005910421671847186,0.5187499467917145
ASO,MENS,TEXT,Feb-Jul,2026,4784,9525,0.502257217847769,0.005123102990236058,0.510947425562584
ASO,MENS,TEXT,Q1 Feb-Apr,2026,2959,6031,0.490631736030509,0.006437231022083126,0.49179136866347345
ASO,MENS,TEXT,Q2 May-Jul,2025,3799,7125,0.5331929824561403,0.005910421671847186,0.5187499467917145
ASO,MENS,TEXT,Q2 May-Jul,2026,1825,3494,0.5223239839725243,0.008450360792377406,0.5301034824616947
ASO,MENS,TEXT,Aug,2025,1086,2516,0.431637519872814,0.009874542337322071,0.431637519872814
ASO,MENS,TEXT,Aug,2026,264,690,0.3826086956521739,0.01850261562643478,0.3826086956521739
ASO,MENS,TEXT,Sep,2025,647,1364,0.4743401759530792,0.013520419374088677,0.4743401759530792
ASO,MENS,TEXT,Sep,2026,1057,2692,0.3926448736998514,0.009412040533532489,0.3926448736998514
ASO,WOMENS,ALLX,Apr-Aug,2023,2545,4018,0.6333997013439522,0.007602043811032939,0.6308622186751165
ASO,WOMENS,ALLX,Apr-Aug,2024,1408,2045,0.6885085574572127,0.010240733750964438,0.6900355289820729
ASO,WOMENS,ALLX,Apr-Aug,2025,5332,8672,0.6148523985239852,0.0052256389481287495,0.6331049855792351
ASO,WOMENS,ALLX,Apr-Aug,2026,4608,7820,0.5892583120204603,0.005563317858323755,0.584430693277414
ASO,WOMENS,ALLX,Feb-Jul,2023,2630,4227,0.6221906789685356,0.00745730593912418,0.6136567948057285
ASO,WOMENS,ALLX,Feb-Jul,2024,2078,3236,0.642150803461063,0.00842683095456209,0.6603369731496923
ASO,WOMENS,ALLX,Feb-Jul,2025,4654,7252,0.641753998896856,0.005630488421234775,0.6463077967431231
ASO,WOMENS,ALLX,Feb-Jul,2026,5804,10082,0.5756794286847847,0.004922254360139264,0.5773087100445181
ASO,WOMENS,ALLX,Q1 Feb-Apr,2023,937,1621,0.5780382479950648,0.012266575155249974,0.5774516073165209
ASO,WOMENS,ALLX,Q1 Feb-Apr,2024,1183,2004,0.5903193612774451,0.010985437942823487,0.5911908630165058
ASO,WOMENS,ALLX,Q1 Feb-Apr,2025,675,1027,0.6572541382667965,0.014810426075683919,0.6500595913048768
ASO,WOMENS,ALLX,Q1 Feb-Apr,2026,2662,5175,0.5143961352657005,0.00694759891501692,0.5147301325811485
ASO,WOMENS,ALLX,Q2 May-Jul,2023,1693,2606,0.6496546431312357,0.00934549373660041,0.6498619822949362
ASO,WOMENS,ALLX,Q2 May-Jul,2024,895,1232,0.726461038961039,0.01270019550138047,0.7294830832828788
ASO,WOMENS,ALLX,Q2 May-Jul,2025,3979,6225,0.6391967871485944,0.006086712824145385,0.6425560021813695
ASO,WOMENS,ALLX,Q2 May-Jul,2026,3142,4907,0.6403097615651111,0.0068509588387538805,0.6398872875078877
ASO,WOMENS,ALLX,Aug,2023,510,839,0.6078665077473182,0.01685544007019543,0.6078665077473182
ASO,WOMENS,ALLX,Aug,2024,272,408,0.6666666666666666,0.02333800140046683,0.6666666666666666
ASO,WOMENS,ALLX,Aug,2025,1057,2035,0.5194103194103195,0.011075422454943824,0.5194103194103195
ASO,WOMENS,ALLX,Aug,2026,640,1355,0.47232472324723246,0.013562322430531966,0.47232472324723246
ASO,WOMENS,ALLX,Sep,2023,671,1012,0.6630434782608695,0.01485825066562304,0.6630434782608695
ASO,WOMENS,ALLX,Sep,2024,276,409,0.6748166259168704,0.02316303159186579,0.6748166259168704
ASO,WOMENS,ALLX,Sep,2025,620,1133,0.5472197705207414,0.014788007511872552,0.5472197705207414
ASO,WOMENS,ALLX,Sep,2026,1081,2086,0.5182166826462129,0.01094017884544664,0.5182166826462129
ASO,WOMENS,EMAIL,Apr-Aug,2023,2375,3802,0.6246712256706997,0.007852819673549966,0.6221979133185027
ASO,WOMENS,EMAIL,Apr-Aug,2024,1218,1811,0.6725565985643291,0.011027404753620436,0.6734510779934902
ASO,WOMENS,EMAIL,Apr-Aug,2025,1153,1686,0.6838671411625148,0.011323792502139414,0.6769170057458098
ASO,WOMENS,EMAIL,Apr-Aug,2026,1957,3356,0.583134684147795,0.008510818752843721,0.5846182539899984
ASO,WOMENS,EMAIL,Feb-Jul,2023,2453,4004,0.6126373626373627,0.00769863216404885,0.6038801149895721
ASO,WOMENS,EMAIL,Feb-Jul,2024,1845,2945,0.6264855687606112,0.00891387581065865,0.6434248249140692
ASO,WOMENS,EMAIL,Feb-Jul,2025,1357,2005,0.6768079800498753,0.01044493787808949,0.6724952603378291
ASO,WOMENS,EMAIL,Feb-Jul,2026,1777,2900,0.6127586206896551,0.009045583671150334,0.5986026039109293
ASO,WOMENS,EMAIL,Q1 Feb-Apr,2023,873,1540,0.5668831168831169,0.012626673700965306,0.5661952822858454
ASO,WOMENS,EMAIL,Q1 Feb-Apr,2024,1082,1868,0.5792291220556746,0.011422458676456531,0.5774150494895175
ASO,WOMENS,EMAIL,Q1 Feb-Apr,2025,581,902,0.6441241685144125,0.015941558458523023,0.6397753090791066
ASO,WOMENS,EMAIL,Q1 Feb-Apr,2026,508,907,0.5600882028665931,0.016481903740496264,0.564850265832033
ASO,WOMENS,EMAIL,Q2 May-Jul,2023,1580,2464,0.6412337662337663,0.009662591527670574,0.6415649476932987
ASO,WOMENS,EMAIL,Q2 May-Jul,2024,763,1077,0.7084493964716806,0.013848525596550752,0.7094346003386208
ASO,WOMENS,EMAIL,Q2 May-Jul,2025,776,1103,0.7035358114233907,0.013751227538322459,0.7052152115965518
ASO,WOMENS,EMAIL,Q2 May-Jul,2026,1269,1993,0.6367285499247366,0.010773061673457077,0.6323549419898257
ASO,WOMENS,EMAIL,Aug,2023,477,797,0.5984943538268507,0.017363876832384734,0.5984943538268507
ASO,WOMENS,EMAIL,Aug,2024,248,370,0.6702702702702703,0.024440110754276913,0.6702702702702703
ASO,WOMENS,EMAIL,Aug,2025,133,231,0.5757575757575758,0.03251777999931271,0.5757575757575758
ASO,WOMENS,EMAIL,Aug,2026,472,958,0.49269311064718163,0.016152541678651367,0.49269311064718163
ASO,WOMENS,EMAIL,Sep,2023,645,981,0.6574923547400612,0.015151163504957495,0.6574923547400612
ASO,WOMENS,EMAIL,Sep,2024,246,375,0.656,0.024531014383157225,0.656
ASO,WOMENS,EMAIL,Sep,2025,105,189,0.5555555555555556,0.036144447146241966,0.5555555555555556
ASO,WOMENS,EMAIL,Sep,2026,100,185,0.5405405405405406,0.03663969672457108,0.5405405405405406
ASO,WOMENS,ORG,Apr-Aug,2023,169,214,0.7897196261682243,0.02785665394873128,0.7853264420381784
ASO,WOMENS,ORG,Apr-Aug,2024,190,234,0.811965811965812,0.025543438129434964,0.796218031006221
ASO,WOMENS,ORG,Apr-Aug,2025,163,206,0.7912621359223301,0.028315693286599695,0.8115792067011579
ASO,WOMENS,ORG,Apr-Aug,2026,79,122,0.6475409836065574,0.04325218256185476,0.5161290322580645
ASO,WOMENS,ORG,Feb-Jul,2023,177,222,0.7972972972972973,0.026981334640965388,0.8049864568201442
ASO,WOMENS,ORG,Feb-Jul,2024,233,291,0.8006872852233677,0.023418144087988205,0.7922833593282133
ASO,WOMENS,ORG,Feb-Jul,2025,189,245,0.7714285714285715,0.026827227306375483,0.7573330536745171
ASO,WOMENS,ORG,Feb-Jul,2026,102,157,0.6496815286624203,0.03807430214635229,0.6451612903225806
ASO,WOMENS,ORG,Q1 Feb-Apr,2023,64,81,0.7901234567901234,0.04524670096699765,0.8143939393939394
ASO,WOMENS,ORG,Q1 Feb-Apr,2024,101,136,0.7426470588235294,0.03748748858386844,0.7444857469965074
ASO,WOMENS,ORG,Q1 Feb-Apr,2025,94,125,0.752,0.038626001605136406,0.7306306306306307
ASO,WOMENS,ORG,Q1 Feb-Apr,2026,54,83,0.6506024096385542,0.05233337461819606,0.7741935483870968
ASO,WOMENS,ORG,Q2 May-Jul,2023,113,141,0.8014184397163121,0.03359615439397366,0.7987148017709474
ASO,WOMENS,ORG,Q2 May-Jul,2024,132,155,0.8516129032258064,0.028553104603258876,0.8400809716599191
ASO,WOMENS,ORG,Q2 May-Jul,2025,95,120,0.7916666666666666,0.03707318837510872,0.7840354767184035
ASO,WOMENS,ORG,Q2 May-Jul,2026,48,74,0.6486486486486487,0.05549574846814486,0.5161290322580645
ASO,WOMENS,ORG,Aug,2023,32,41,0.7804878048780488,0.06464284453161749,0.7804878048780488
ASO,WOMENS,ORG,Aug,2024,24,38,0.631578947368421,0.07825178333421348,0.631578947368421
ASO,WOMENS,ORG,Sep,2023,26,31,0.8387096774193549,0.0660585650285281,0.8387096774193549
ASO,WOMENS,ORG,Sep,2024,30,34,0.8823529411764706,0.055255084507513194,0.8823529411764706
ASO,WOMENS,ORG,Sep,2025,22,30,0.7333333333333333,0.08073734277593311,0.7333333333333333
ASO,WOMENS,PURCH,Apr-Aug,2023,2375,3802,0.6246712256706997,0.007852819673549966,0.6221979133185027
ASO,WOMENS,PURCH,Apr-Aug,2024,1218,1811,0.6725565985643291,0.011027404753620436,0.6734510779934902
ASO,WOMENS,PURCH,Apr-Aug,2025,5169,8466,0.6105598866052445,0.005299627481056363,0.6252226948326981
ASO,WOMENS,PURCH,Apr-Aug,2026,4529,7698,0.5883346323720446,0.005609128892452967,0.5838401012368052
ASO,WOMENS,PURCH,Feb-Jul,2023,2453,4004,0.6126373626373627,0.00769863216404885,0.6038801149895721
ASO,WOMENS,PURCH,Feb-Jul,2024,1845,2945,0.6264855687606112,0.00891387581065865,0.6434248249140692
ASO,WOMENS,PURCH,Feb-Jul,2025,4465,7007,0.6372199229342086,0.00574381347932505,0.6390148900520123
ASO,WOMENS,PURCH,Feb-Jul,2026,5702,9925,0.5745088161209068,0.004962818289270571,0.5762603872069714
ASO,WOMENS,PURCH,Q1 Feb-Apr,2023,873,1540,0.5668831168831169,0.012626673700965306,0.5661952822858454
ASO,WOMENS,PURCH,Q1 Feb-Apr,2024,1082,1868,0.5792291220556746,0.011422458676456531,0.5774150494895175
ASO,WOMENS,PURCH,Q1 Feb-Apr,2025,581,902,0.6441241685144125,0.015941558458523023,0.6397753090791066
ASO,WOMENS,PURCH,Q1 Feb-Apr,2026,2608,5092,0.5121759622937941,0.007004820273109539,0.5120454812625156
ASO,WOMENS,PURCH,Q2 May-Jul,2023,1580,2464,0.6412337662337663,0.009662591527670574,0.6415649476932987
ASO,WOMENS,PURCH,Q2 May-Jul,2024,763,1077,0.7084493964716806,0.013848525596550752,0.7094346003386208
ASO,WOMENS,PURCH,Q2 May-Jul,2025,3884,6105,0.6361998361998362,0.006157230152276096,0.638254471024918
ASO,WOMENS,PURCH,Q2 May-Jul,2026,3094,4833,0.6401820815228636,0.006903745179284947,0.6404752931514273
ASO,WOMENS,PURCH,Aug,2023,477,797,0.5984943538268507,0.017363876832384734,0.5984943538268507
ASO,WOMENS,PURCH,Aug,2024,248,370,0.6702702702702703,0.024440110754276913,0.6702702702702703
ASO,WOMENS,PURCH,Aug,2025,1041,2009,0.5181682429069189,0.011147901898988214,0.5181682429069189
ASO,WOMENS,PURCH,Aug,2026,627,1334,0.4700149925037481,0.013665003049392903,0.4700149925037481
ASO,WOMENS,PURCH,Sep,2023,645,981,0.6574923547400612,0.015151163504957495,0.6574923547400612
ASO,WOMENS,PURCH,Sep,2024,246,375,0.656,0.024531014383157225,0.656
ASO,WOMENS,PURCH,Sep,2025,598,1103,0.5421577515865821,0.015001442178514887,0.5421577515865821
ASO,WOMENS,PURCH,Sep,2026,1070,2071,0.5166586190246257,0.010980921306688934,0.5166586190246257
ASO,WOMENS,TEXT,Apr-Aug,2025,4016,6780,0.592330383480826,0.005967897159167684,0.5923567336336619
ASO,WOMENS,TEXT,Apr-Aug,2026,2572,4342,0.5923537540304007,0.00745739911100407,0.5644142196472889
ASO,WOMENS,TEXT,Feb-Jul,2025,3108,5002,0.6213514594162335,0.006858276042811217,0.619580256768392
ASO,WOMENS,TEXT,Feb-Jul,2026,3925,7025,0.5587188612099644,0.00592422009027655,0.5656892636773453
ASO,WOMENS,TEXT,Q1 Feb-Apr,2026,2100,4185,0.5017921146953405,0.007728931949888166,0.5033511369759628
ASO,WOMENS,TEXT,Q2 May-Jul,2025,3108,5002,0.6213514594162335,0.006858276042811217,0.619580256768392
ASO,WOMENS,TEXT,Q2 May-Jul,2026,1825,2840,0.6426056338028169,0.008992634568444523,0.628027390378728
ASO,WOMENS,TEXT,Aug,2025,908,1778,0.5106861642294713,0.011855091645182239,0.5106861642294713
ASO,WOMENS,TEXT,Aug,2026,155,376,0.4122340425531915,0.025385178323053096,0.4122340425531915
ASO,WOMENS,TEXT,Sep,2025,493,914,0.5393873085339168,0.01648713575590852,0.5393873085339168
ASO,WOMENS,TEXT,Sep,2026,970,1886,0.5143160127253447,0.011508562255355409,0.5143160127253447
DKS,APPAREL,ALL,Apr-Aug,2023,5287,13325,0.39677298311444653,0.00423816469699651,0.3980328395354252
DKS,APPAREL,ALL,Apr-Aug,2024,6702,14561,0.46027058581141406,0.00413046601635635,0.45664263926446313
DKS,APPAREL,ALL,Apr-Aug,2025,11321,24962,0.45352936463424404,0.0031509856937835517,0.4439948381203772
DKS,APPAREL,ALL,Apr-Aug,2026,12129,25703,0.4718904408045753,0.003113799869571175,0.47114873659662715
DKS,APPAREL,ALL,Feb-Jul,2023,6337,15499,0.40886508807019806,0.003948948590345867,0.4069517711798893
DKS,APPAREL,ALL,Feb-Jul,2024,8526,19384,0.439847296739579,0.003565188369831899,0.44541161256468836
DKS,APPAREL,ALL,Feb-Jul,2025,9549,20841,0.4581833885130272,0.00345133051287328,0.4477748190367556
DKS,APPAREL,ALL,Feb-Jul,2026,16901,36149,0.46753713795678997,0.0026242461830421736,0.46829151311516853
DKS,APPAREL,ALL,Q1 Feb-Apr,2023,3195,7793,0.40998331836263313,0.005571381533224839,0.4062615235130527
DKS,APPAREL,ALL,Q1 Feb-Apr,2024,3989,10211,0.3906571344628342,0.004828304009877908,0.3979849632795584
DKS,APPAREL,ALL,Q1 Feb-Apr,2025,2701,6072,0.44482872200263507,0.006377405383145348,0.4425058752578274
DKS,APPAREL,ALL,Q1 Feb-Apr,2026,8874,19225,0.46158647594278285,0.0035954341886503456,0.4622497912216013
DKS,APPAREL,ALL,Q2 May-Jul,2023,3142,7706,0.40773423306514406,0.005597993646321117,0.4076420188467258
DKS,APPAREL,ALL,Q2 May-Jul,2024,4537,9173,0.49460372833315164,0.005220222485760463,0.4928382618498183
DKS,APPAREL,ALL,Q2 May-Jul,2025,6848,14769,0.463673911571535,0.00410341315812975,0.45304376281568365
DKS,APPAREL,ALL,Q2 May-Jul,2026,8027,16924,0.47429685653509807,0.003838344064583058,0.47433323500873564
DKS,APPAREL,ALL,Aug,2023,1245,3333,0.37353735373537356,0.008379091874898447,0.37353735373537356
DKS,APPAREL,ALL,Aug,2024,1124,2635,0.4265654648956357,0.009634838923568685,0.4265654648956357
DKS,APPAREL,ALL,Aug,2025,3806,8598,0.44266108397301696,0.0053566915009924864,0.44266108397301696
DKS,APPAREL,ALL,Aug,2026,1467,3167,0.46321439848437007,0.008860687550722534,0.46321439848437007
DKS,APPAREL,ALL,Sep,2023,1487,3100,0.4796774193548387,0.008972844205388169,0.4796774193548387
DKS,APPAREL,ALL,Sep,2024,1165,2456,0.4743485342019544,0.010075892842455362,0.4743485342019544
DKS,APPAREL,ALL,Sep,2025,4145,8617,0.4810258790762446,0.005382437870528548,0.4810258790762446
DKS,APPAREL,ALL,Sep,2026,114,239,0.4769874476987448,0.03230803768256179,0.4769874476987448
DKS,APPAREL,ORG,Apr-Aug,2023,393,825,0.4763636363636364,0.017388304056359945,0.47321677832145614
DKS,APPAREL,ORG,Apr-Aug,2024,558,1080,0.5166666666666667,0.015206060628426776,0.5130285052373793
DKS,APPAREL,ORG,Apr-Aug,2025,654,1151,0.5682015638575152,0.014600041259102565,0.5725670299767643
DKS,APPAREL,ORG,Apr-Aug,2026,756,1509,0.5009940357852882,0.012871362634629594,0.4975314080127216
DKS,APPAREL,ORG,Feb-Jul,2023,450,966,0.4658385093167702,0.016049644531911735,0.4634063888179716
DKS,APPAREL,ORG,Feb-Jul,2024,654,1319,0.49583017437452614,0.013766784161039896,0.4920710671684203
DKS,APPAREL,ORG,Feb-Jul,2025,693,1250,0.5544,0.014058183097399181,0.554933690307944
DKS,APPAREL,ORG,Feb-Jul,2026,855,1737,0.49222797927461137,0.01199547975922228,0.48724062570251075
DKS,APPAREL,ORG,Q1 Feb-Apr,2023,197,452,0.4358407079646018,0.02332359819676336,0.436050061050061
DKS,APPAREL,ORG,Q1 Feb-Apr,2024,290,622,0.4662379421221865,0.020002416391319538,0.4669734961327939
DKS,APPAREL,ORG,Q1 Feb-Apr,2025,280,512,0.546875,0.021999766261853144,0.5463514727665671
DKS,APPAREL,ORG,Q1 Feb-Apr,2026,369,780,0.47307692307692306,0.01787689914347256,0.4699028220767351
DKS,APPAREL,ORG,Q2 May-Jul,2023,253,514,0.49221789883268485,0.02205138317222331,0.4907627165858823
DKS,APPAREL,ORG,Q2 May-Jul,2024,364,697,0.5222381635581061,0.018920109320571747,0.5171686382040469
DKS,APPAREL,ORG,Q2 May-Jul,2025,413,738,0.559620596205962,0.018273938693580963,0.5635159078493209
DKS,APPAREL,ORG,Q2 May-Jul,2026,486,957,0.5078369905956113,0.01616071909831729,0.5045784293282863
DKS,APPAREL,ORG,Aug,2023,82,167,0.49101796407185627,0.03868491815163522,0.49101796407185627
DKS,APPAREL,ORG,Aug,2024,100,189,0.5291005291005291,0.03630799751611201,0.5291005291005291
DKS,APPAREL,ORG,Aug,2025,146,254,0.5748031496062992,0.03101970981304852,0.5748031496062992
DKS,APPAREL,ORG,Aug,2026,153,293,0.5221843003412969,0.02918154641648084,0.5221843003412969
DKS,APPAREL,ORG,Sep,2023,57,129,0.4418604651162791,0.0437239219716771,0.4418604651162791
DKS,APPAREL,ORG,Sep,2024,97,177,0.5480225988700564,0.0374085574364864,0.5480225988700564
DKS,APPAREL,ORG,Sep,2025,136,234,0.5811965811965812,0.03225215259509105,0.5811965811965812
DKS,APPAREL,ORG,Sep,2026,95,180,0.5277777777777778,0.03721024314335207,0.5277777777777778
DKS,APPAREL,PIE,Apr-Aug,2023,3700,11305,0.32728881026094647,0.004413108663914284,0.32655462524703116
DKS,APPAREL,PIE,Apr-Aug,2024,4650,11844,0.39260385005065856,0.004487082918617169,0.3898374237457243
DKS,APPAREL,PIE,Apr-Aug,2025,10014,23157,0.43243943515999483,0.003255574244302766,0.4224566809453247
DKS,APPAREL,PIE,Apr-Aug,2026,10797,23614,0.4572287625984585,0.0032418312508565705,0.45668869820608277
DKS,APPAREL,PIE,Feb-Jul,2023,4286,12931,0.3314515505374681,0.004139619409809996,0.33047428159532977
DKS,APPAREL,PIE,Feb-Jul,2024,6111,16161,0.37813254130313717,0.003814493044655027,0.3786449258757109
DKS,APPAREL,PIE,Feb-Jul,2025,8305,19039,0.43620988497295027,0.0035940524694633665,0.42362239083940084
DKS,APPAREL,PIE,Feb-Jul,2026,14748,33114,0.44537053814096755,0.0027312181371032303,0.4463208896500692
DKS,APPAREL,PIE,Q1 Feb-Apr,2023,2087,6429,0.3246228029242495,0.005839706165965429,0.3226448105283522
DKS,APPAREL,PIE,Q1 Feb-Apr,2024,3127,8918,0.35063915676160573,0.005052886244269075,0.3488063304661308
DKS,APPAREL,PIE,Q1 Feb-Apr,2025,2226,5365,0.41491146318732525,0.006726724613559619,0.4147693010497779
DKS,APPAREL,PIE,Q1 Feb-Apr,2026,7489,17429,0.42968615525847725,0.003749698962711106,0.43046096196097977
DKS,APPAREL,PIE,Q2 May-Jul,2023,2199,6502,0.33820362965241463,0.005867158759878449,0.33830375266230733
DKS,APPAREL,PIE,Q2 May-Jul,2024,2984,7243,0.41198398453679413,0.005783297075346562,0.4084835212852909
DKS,APPAREL,PIE,Q2 May-Jul,2025,6079,13674,0.44456633026181075,0.00424948790468356,0.4324754806290239
DKS,APPAREL,PIE,Q2 May-Jul,2026,7259,15685,0.46279885240675805,0.003981276505732021,0.46218081733915883
DKS,APPAREL,PIE,Aug,2023,961,2964,0.3242240215924426,0.008597751122473239,0.3242240215924426
DKS,APPAREL,PIE,Aug,2024,899,2321,0.3873330461008186,0.010111531366006772,0.3873330461008186
DKS,APPAREL,PIE,Aug,2025,3367,8051,0.41820891814681405,0.005497373713016478,0.41820891814681405
DKS,APPAREL,PIE,Aug,2026,1307,2863,0.45651414600069856,0.009309161571961173,0.45651414600069856
DKS,APPAREL,PIE,Sep,2023,714,2255,0.316629711751663,0.009795590151936245,0.316629711751663
DKS,APPAREL,PIE,Sep,2024,856,2067,0.4141267537493953,0.010834234689421244,0.4141267537493953
DKS,APPAREL,PIE,Sep,2025,3199,7573,0.4224217615211937,0.005676028587851749,0.4224217615211937
DKS,APPAREL,PIE,Sep,2026,18,47,0.3829787234042553,0.07090689442574892,0.3829787234042553
DKS,APPAREL,PIE+ORG,Apr-Aug,2023,4093,12130,0.33742786479802145,0.004293155856695873,0.33670339691774465
DKS,APPAREL,PIE+ORG,Apr-Aug,2024,5208,12924,0.40297121634168986,0.00431455662626993,0.40039591984392126
DKS,APPAREL,PIE+ORG,Apr-Aug,2025,10668,24308,0.4388678624321211,0.003182913580014433,0.4350105332415731
DKS,APPAREL,PIE+ORG,Apr-Aug,2026,11553,25123,0.4598575010946145,0.003144344072300579,0.4594702653403958
DKS,APPAREL,PIE+ORG,Feb-Jul,2023,4736,13897,0.3407929769014895,0.004020644750800555,0.33984273147978056
DKS,APPAREL,PIE+ORG,Feb-Jul,2024,6765,17480,0.3870137299771167,0.003683984936269259,0.38797824433430694
DKS,APPAREL,PIE+ORG,Feb-Jul,2025,8998,20289,0.4434915471437725,0.003487773189228054,0.43642734140072
DKS,APPAREL,PIE+ORG,Feb-Jul,2026,15603,34851,0.44770594817939224,0.0026636305857170722,0.4483963872050663
DKS,APPAREL,PIE+ORG,Q1 Feb-Apr,2023,2284,6881,0.3319284987647144,0.005676857136010271,0.33007436701752974
DKS,APPAREL,PIE+ORG,Q1 Feb-Apr,2024,3417,9540,0.3581761006289308,0.004908875946421635,0.357305745564074
DKS,APPAREL,PIE+ORG,Q1 Feb-Apr,2025,2506,5877,0.42640803130849075,0.0064511386132107395,0.4277428735605322
DKS,APPAREL,PIE+ORG,Q1 Feb-Apr,2026,7858,18209,0.43154484046350705,0.00367043910018128,0.43219228784594205
DKS,APPAREL,PIE+ORG,Q2 May-Jul,2023,2452,7016,0.34948688711516535,0.005692442864478576,0.3496110959420314
DKS,APPAREL,PIE+ORG,Q2 May-Jul,2024,3348,7940,0.4216624685138539,0.005541953923914659,0.4186507431045399
DKS,APPAREL,PIE+ORG,Q2 May-Jul,2025,6492,14412,0.4504579517069109,0.004144436274045349,0.4451118092409077
DKS,APPAREL,PIE+ORG,Q2 May-Jul,2026,7745,16642,0.4653887753875736,0.003866555334931036,0.4646004865641906
DKS,APPAREL,PIE+ORG,Aug,2023,1043,3131,0.33312040881507504,0.008423310306179958,0.33312040881507504
DKS,APPAREL,PIE+ORG,Aug,2024,999,2510,0.39800796812749006,0.009770221148400489,0.39800796812749006
DKS,APPAREL,PIE+ORG,Aug,2025,3513,8305,0.422998193859121,0.005421107562724395,0.422998193859121
DKS,APPAREL,PIE+ORG,Aug,2026,1460,3156,0.46261089987325726,0.008875316720668484,0.46261089987325726
DKS,APPAREL,PIE+ORG,Sep,2023,771,2384,0.3234060402684564,0.009580429869664312,0.3234060402684564
DKS,APPAREL,PIE+ORG,Sep,2024,953,2244,0.4246880570409982,0.010434587676838214,0.4246880570409982
DKS,APPAREL,PIE+ORG,Sep,2025,3335,7807,0.4271807352376073,0.005598511150408717,0.4271807352376073
DKS,APPAREL,PIE+ORG,Sep,2026,113,227,0.4977973568281938,0.033185843563982485,0.4977973568281938
DKS,KIDS,ALL,Apr-Aug,2023,636,1552,0.4097938144329897,0.012483567654931992,0.42446854262843053
DKS,KIDS,ALL,Apr-Aug,2024,413,1479,0.27924273157538876,0.011665446524751715,0.2787486434694172
DKS,KIDS,ALL,Apr-Aug,2025,997,3130,0.3185303514376997,0.008327727400579505,0.29880996447215197
DKS,KIDS,ALL,Apr-Aug,2026,959,2748,0.34898107714701604,0.009092627116637641,0.3476447226747718
DKS,KIDS,ALL,Feb-Jul,2023,738,1734,0.42560553633217996,0.011873649107295126,0.42360364574833137
DKS,KIDS,ALL,Feb-Jul,2024,547,2046,0.2673509286412512,0.009784441376881482,0.27208636770882194
DKS,KIDS,ALL,Feb-Jul,2025,700,2362,0.29635901778154106,0.009396036384003067,0.27549252623142395
DKS,KIDS,ALL,Feb-Jul,2026,1345,4029,0.33382973442541575,0.007429447135912234,0.3360965691474847
DKS,KIDS,ALL,Q1 Feb-Apr,2023,367,945,0.38835978835978835,0.015854379100466227,0.38066851566135235
DKS,KIDS,ALL,Q1 Feb-Apr,2024,313,1245,0.25140562248995985,0.012294931056947692,0.25613637841576975
DKS,KIDS,ALL,Q1 Feb-Apr,2025,192,726,0.2644628099173554,0.0163687800033741,0.263137622910398
DKS,KIDS,ALL,Q1 Feb-Apr,2026,751,2307,0.3255309926311227,0.009755586253097276,0.3284129259304516
DKS,KIDS,ALL,Q2 May-Jul,2023,371,789,0.47021546261089986,0.017768861034818,0.4665387758353104
DKS,KIDS,ALL,Q2 May-Jul,2024,234,801,0.29213483146067415,0.016067587883986663,0.28803635700187424
DKS,KIDS,ALL,Q2 May-Jul,2025,508,1636,0.3105134474327628,0.011439616275713297,0.28784742955244996
DKS,KIDS,ALL,Q2 May-Jul,2026,594,1722,0.34494773519163763,0.011455078023770092,0.3437802123645177
DKS,KIDS,ALL,Aug,2023,104,427,0.24355971896955503,0.020771894984078127,0.24355971896955503
DKS,KIDS,ALL,Aug,2024,84,350,0.24,0.022828553549072206,0.24
DKS,KIDS,ALL,Aug,2025,431,1300,0.33153846153846156,0.013056702082696298,0.33153846153846156
DKS,KIDS,ALL,Aug,2026,129,374,0.3449197860962567,0.024579355672642654,0.3449197860962567
DKS,KIDS,ALL,Sep,2023,151,396,0.3813131313131313,0.02440780567320782,0.3813131313131313
DKS,KIDS,ALL,Sep,2024,66,295,0.22372881355932203,0.024263680854709306,0.22372881355932203
DKS,KIDS,ALL,Sep,2025,457,1256,0.3638535031847134,0.013575224816760028,0.3638535031847134
DKS,KIDS,ORG,Apr-Aug,2023,9,43,0.20930232558139536,0.06203803448665818,
DKS,KIDS,ORG,Apr-Aug,2024,12,64,0.1875,0.04878904686248749,
DKS,KIDS,ORG,Apr-Aug,2025,18,78,0.23076923076923078,0.047705667149695555,
DKS,KIDS,ORG,Apr-Aug,2026,20,97,0.20618556701030927,0.04107738221401347,0.22857142857142856
DKS,KIDS,ORG,Feb-Jul,2023,14,48,0.2916666666666667,0.06560570704059439,
DKS,KIDS,ORG,Feb-Jul,2024,13,74,0.17567567567567569,0.044237340936468264,
DKS,KIDS,ORG,Feb-Jul,2025,18,77,0.23376623376623376,0.048230989353182555,
DKS,KIDS,ORG,Feb-Jul,2026,16,90,0.17777777777777778,0.04030065335921613,
DKS,KIDS,ORG,Q1 Feb-Apr,2024,7,42,0.16666666666666666,0.05750546327852952,
DKS,KIDS,ORG,Q1 Feb-Apr,2026,5,44,0.11363636363636363,0.047845190813675255,
DKS,KIDS,ORG,Q2 May-Jul,2024,6,32,0.1875,0.06899813176818631,
DKS,KIDS,ORG,Q2 May-Jul,2025,14,54,0.25925925925925924,0.059635295251808385,
DKS,KIDS,ORG,Q2 May-Jul,2026,11,46,0.2391304347826087,0.0628917409977151,
DKS,KIDS,ORG,Aug,2026,8,35,0.22857142857142856,0.07097817181807071,0.22857142857142856
DKS,KIDS,PIE,Apr-Aug,2023,333,1214,0.2742998352553542,0.012805072474709769,0.28207246432400085
DKS,KIDS,PIE,Apr-Aug,2024,400,1414,0.2828854314002829,0.011977739374547346,0.28280706111949216
DKS,KIDS,PIE,Apr-Aug,2025,900,2973,0.30272452068617556,0.008426137503399928,0.29266419571714547
DKS,KIDS,PIE,Apr-Aug,2026,897,2609,0.34380988884630126,0.00929901574471957,0.3442774150656226
DKS,KIDS,PIE,Feb-Jul,2023,382,1343,0.2844378257632167,0.012310603854647183,0.28589874105371
DKS,KIDS,PIE,Feb-Jul,2024,529,1967,0.26893746822572445,0.009997714695912013,0.2744633697146659
DKS,KIDS,PIE,Feb-Jul,2025,659,2262,0.29133510167992926,0.009553677295752967,0.2684020344080808
DKS,KIDS,PIE,Feb-Jul,2026,1183,3793,0.3118903242815713,0.007522087169564696,0.31710969630198443
DKS,KIDS,PIE,Q1 Feb-Apr,2023,215,777,0.2767052767052767,0.016049291293635692,0.27620910015778155
DKS,KIDS,PIE,Q1 Feb-Apr,2024,301,1198,0.25125208681135225,0.012531245612384561,0.25602811485447613
DKS,KIDS,PIE,Q1 Feb-Apr,2025,165,680,0.2426470588235294,0.016439258233758785,0.2478290018743093
DKS,KIDS,PIE,Q1 Feb-Apr,2026,602,2119,0.2840962718263332,0.009797033677694673,0.2882029653292677
DKS,KIDS,PIE,Q2 May-Jul,2023,167,566,0.2950530035335689,0.019169908353684754,0.2955883819496385
DKS,KIDS,PIE,Q2 May-Jul,2024,228,769,0.2964889466840052,0.016469353308834016,0.2928986245748557
DKS,KIDS,PIE,Q2 May-Jul,2025,494,1582,0.3122629582806574,0.011651134168501946,0.2889750669418523
DKS,KIDS,PIE,Q2 May-Jul,2026,581,1674,0.34707287933094383,0.011634961932296675,0.3460164272747012
DKS,KIDS,PIE,Aug,2023,100,414,0.24154589371980675,0.02103605571318857,0.24154589371980675
DKS,KIDS,PIE,Aug,2024,81,335,0.2417910447761194,0.02339333592070786,0.2417910447761194
DKS,KIDS,PIE,Aug,2025,348,1202,0.2895174708818636,0.013081629831495778,0.2895174708818636
DKS,KIDS,PIE,Aug,2026,120,338,0.35502958579881655,0.026028181075094758,0.35502958579881655
DKS,KIDS,PIE,Sep,2023,81,320,0.253125,0.024306167837030067,0.253125
DKS,KIDS,PIE,Sep,2024,65,289,0.22491349480968859,0.02456031447832014,0.22491349480968859
DKS,KIDS,PIE,Sep,2025,314,1105,0.2841628959276018,0.013567806736651058,0.2841628959276018
DKS,KIDS,PIE+ORG,Apr-Aug,2023,342,1257,0.2720763723150358,0.012552224078234244,0.27997908065931326
DKS,KIDS,PIE+ORG,Apr-Aug,2024,412,1478,0.2787550744248985,0.01166314189348868,0.27831416894118566
DKS,KIDS,PIE+ORG,Apr-Aug,2025,918,3051,0.3008849557522124,0.008303352147438185,0.2901599298221173
DKS,KIDS,PIE+ORG,Apr-Aug,2026,917,2706,0.33887657058388765,0.009099093960344827,0.338675937894355
DKS,KIDS,PIE+ORG,Feb-Jul,2023,396,1391,0.28468727534148097,0.012099528262875787,0.2860227548155953
DKS,KIDS,PIE+ORG,Feb-Jul,2024,542,2041,0.26555609995100443,0.009775431856009875,0.2702407815628633
DKS,KIDS,PIE+ORG,Feb-Jul,2025,677,2339,0.2894399315946986,0.009377012854302487,0.2667264305074201
DKS,KIDS,PIE+ORG,Feb-Jul,2026,1199,3883,0.3087818696883853,0.007413951855239067,0.3136658368494946
DKS,KIDS,PIE+ORG,Q1 Feb-Apr,2023,222,799,0.27784730913642053,0.015846896623419055,0.2770803751990018
DKS,KIDS,PIE+ORG,Q1 Feb-Apr,2024,308,1240,0.24838709677419354,0.012270175844964717,0.2524452061238524
DKS,KIDS,PIE+ORG,Q1 Feb-Apr,2025,169,703,0.24039829302987198,0.01611688077762811,0.24560543146239022
DKS,KIDS,PIE+ORG,Q1 Feb-Apr,2026,607,2163,0.2806287563569117,0.009660828281271003,0.2843830601500825
DKS,KIDS,PIE+ORG,Q2 May-Jul,2023,174,592,0.2939189189189189,0.01872320554045766,0.2949651344321888
DKS,KIDS,PIE+ORG,Q2 May-Jul,2024,234,801,0.29213483146067415,0.016067587883986663,0.28803635700187424
DKS,KIDS,PIE+ORG,Q2 May-Jul,2025,508,1636,0.3105134474327628,0.011439616275713297,0.28784742955244996
DKS,KIDS,PIE+ORG,Q2 May-Jul,2026,592,1720,0.34418604651162793,0.011455729040434855,0.34294861354890677
DKS,KIDS,PIE+ORG,Aug,2023,102,425,0.24,0.020716574779346013,0.24
DKS,KIDS,PIE+ORG,Aug,2024,84,350,0.24,0.022828553549072206,0.24
DKS,KIDS,PIE+ORG,Aug,2025,352,1221,0.2882882882882883,0.012963065756668418,0.2882882882882883
DKS,KIDS,PIE+ORG,Aug,2026,128,373,0.34316353887399464,0.024582428196500753,0.34316353887399464
DKS,KIDS,PIE+ORG,Sep,2023,83,328,0.2530487804878049,0.024005531322796314,0.2530487804878049
DKS,KIDS,PIE+ORG,Sep,2024,66,295,0.22372881355932203,0.024263680854709306,0.22372881355932203
DKS,KIDS,PIE+ORG,Sep,2025,314,1113,0.2821203953279425,0.013489488033005023,0.2821203953279425
DKS,MENS,ALL,Apr-Aug,2023,1896,6820,0.2780058651026393,0.00542502353564867,0.2743780570404012
DKS,MENS,ALL,Apr-Aug,2024,2848,7463,0.3816159721291706,0.005623227869434987,0.37573077157370316
DKS,MENS,ALL,Apr-Aug,2025,3654,11309,0.32310549120169774,0.004397648998884959,0.31075587387667536
DKS,MENS,ALL,Apr-Aug,2026,4151,11607,0.3576290169725166,0.004448866150798832,0.3595445875271365
DKS,MENS,ALL,Feb-Jul,2023,2091,7504,0.2786513859275053,0.0051755533763670055,0.2771909613966587
DKS,MENS,ALL,Feb-Jul,2024,3373,9664,0.3490273178807947,0.004848781692813854,0.3512286231042098
DKS,MENS,ALL,Feb-Jul,2025,3141,9407,0.33390028702030405,0.004862419757766589,0.3240115477731757
DKS,MENS,ALL,Feb-Jul,2026,5576,15951,0.3495705598395085,0.003775492072333299,0.3502786259790169
DKS,MENS,ALL,Q1 Feb-Apr,2023,1097,3633,0.30195430773465454,0.007616927845840251,0.29892216197888505
DKS,MENS,ALL,Q1 Feb-Apr,2024,1394,4899,0.2845478669116146,0.006446355303807894,0.2918755794998428
DKS,MENS,ALL,Q1 Feb-Apr,2025,898,2635,0.3407969639468691,0.009233516896275273,0.3289020939445388
DKS,MENS,ALL,Q1 Feb-Apr,2026,2815,8249,0.34125348527094196,0.005220319226210161,0.34128444288363785
DKS,MENS,ALL,Q2 May-Jul,2023,994,3871,0.25678119349005424,0.00702147519865676,0.2554597608144324
DKS,MENS,ALL,Q2 May-Jul,2024,1979,4765,0.4153200419727177,0.007138699413739642,0.4105816667085769
DKS,MENS,ALL,Q2 May-Jul,2025,2243,6772,0.33121677495569996,0.0057192670160926395,0.3191210016018126
DKS,MENS,ALL,Q2 May-Jul,2026,2761,7702,0.3584783173201766,0.005464310366961261,0.3592728090743959
DKS,MENS,ALL,Aug,2023,585,1859,0.3146853146853147,0.010770690895189585,0.3146853146853147
DKS,MENS,ALL,Aug,2024,463,1295,0.3575289575289575,0.013318260523230666,0.3575289575289575
DKS,MENS,ALL,Aug,2025,1222,3862,0.31641636457793887,0.007483748122910898,0.31641636457793887
DKS,MENS,ALL,Aug,2026,527,1408,0.3742897727272727,0.01289701721701218,0.3742897727272727
DKS,MENS,ALL,Sep,2023,493,1451,0.3397656788421778,0.012433834875282183,0.3397656788421778
DKS,MENS,ALL,Sep,2024,366,1048,0.34923664122137404,0.014726203784753977,0.34923664122137404
DKS,MENS,ALL,Sep,2025,1228,3705,0.33144399460188934,0.007733567281657779,0.33144399460188934
DKS,MENS,ALL,Sep,2026,33,107,0.308411214953271,0.04464750178193021,0.308411214953271
DKS,MENS,ORG,Apr-Aug,2023,58,254,0.2283464566929134,0.026338525449783948,0.22660977991533454
DKS,MENS,ORG,Apr-Aug,2024,141,367,0.38419618528610355,0.025390115677330034,0.38031032775728074
DKS,MENS,ORG,Apr-Aug,2025,127,360,0.3527777777777778,0.025184078815568212,0.35517954960438225
DKS,MENS,ORG,Apr-Aug,2026,180,511,0.3522504892367906,0.02113094400768768,0.350178893417603
DKS,MENS,ORG,Feb-Jul,2023,77,323,0.23839009287925697,0.023708775954570344,0.23649855356287894
DKS,MENS,ORG,Feb-Jul,2024,143,449,0.3184855233853007,0.021986657969877813,0.316465672170146
DKS,MENS,ORG,Feb-Jul,2025,131,390,0.33589743589743587,0.02391600410705403,0.34360937699229993
DKS,MENS,ORG,Feb-Jul,2026,195,591,0.3299492385786802,0.019341211645572554,0.326434049973859
DKS,MENS,ORG,Q1 Feb-Apr,2023,42,170,0.24705882352941178,0.033079295216696815,0.24063693374908035
DKS,MENS,ORG,Q1 Feb-Apr,2024,58,222,0.26126126126126126,0.029485361662472957,0.2641935902815241
DKS,MENS,ORG,Q1 Feb-Apr,2025,65,178,0.3651685393258427,0.03608825614421883,0.373240259360944
DKS,MENS,ORG,Q1 Feb-Apr,2026,74,260,0.2846153846153846,0.02798416224166402,0.2868858508145606
DKS,MENS,ORG,Q2 May-Jul,2023,35,153,0.22875816993464052,0.03395766969136632,0.2323601733766775
DKS,MENS,ORG,Q2 May-Jul,2024,85,227,0.3744493392070485,0.032122907657359256,0.3687377540587679
DKS,MENS,ORG,Q2 May-Jul,2025,66,212,0.3113207547169811,0.03180128026373164,0.3139784946236559
DKS,MENS,ORG,Q2 May-Jul,2026,121,331,0.36555891238670696,0.02647039011335757,0.3659822491331574
DKS,MENS,ORG,Aug,2023,18,55,0.32727272727272727,0.06326930740259139,0.32727272727272727
DKS,MENS,ORG,Aug,2024,33,73,0.4520547945205479,0.05825090478120679,0.4520547945205479
DKS,MENS,ORG,Aug,2025,38,95,0.4,0.05026246899500346,0.4
DKS,MENS,ORG,Aug,2026,34,93,0.3655913978494624,0.04993913797619849,0.3655913978494624
DKS,MENS,ORG,Sep,2023,12,48,0.25,0.0625,0.25
DKS,MENS,ORG,Sep,2024,24,62,0.3870967741935484,0.06185999561998688,0.3870967741935484
DKS,MENS,ORG,Sep,2025,35,90,0.3888888888888889,0.051386803427820774,0.3888888888888889
DKS,MENS,ORG,Sep,2026,26,67,0.3880597014925373,0.05953418302796191,0.3880597014925373
DKS,MENS,PIE,Apr-Aug,2023,1302,6030,0.21592039800995025,0.005298686900968016,0.2138956905167539
DKS,MENS,PIE,Apr-Aug,2024,1598,5869,0.2722780712216732,0.005810413081657691,0.27000961180865213
DKS,MENS,PIE,Apr-Aug,2025,3409,10830,0.31477377654662975,0.004462744582662478,0.3012980139029489
DKS,MENS,PIE,Apr-Aug,2026,3679,10800,0.34064814814814814,0.004560366571841865,0.34320723494838645
DKS,MENS,PIE,Feb-Jul,2023,1435,6602,0.21735837624962132,0.005076120245522991,0.21766079453316067
DKS,MENS,PIE,Feb-Jul,2024,2101,7968,0.263679718875502,0.0049362492662373214,0.2616333096189683
DKS,MENS,PIE,Feb-Jul,2025,2790,8796,0.3171896316507503,0.004962116250501777,0.30051605945959037
DKS,MENS,PIE,Feb-Jul,2026,4837,14816,0.32647138228941686,0.0038524330587507154,0.3266959657671468
DKS,MENS,PIE,Q1 Feb-Apr,2023,711,3119,0.22795767874318693,0.0075117301759127465,0.2274987485437636
DKS,MENS,PIE,Q1 Feb-Apr,2024,1064,4325,0.2460115606936416,0.006548880197243984,0.24149125499930932
DKS,MENS,PIE,Q1 Feb-Apr,2025,665,2289,0.290519877675841,0.009489321177249958,0.28752667462781556
DKS,MENS,PIE,Q1 Feb-Apr,2026,2363,7611,0.3104716857180397,0.005303544181113172,0.3104646662509815
DKS,MENS,PIE,Q2 May-Jul,2023,724,3483,0.20786678151019236,0.006875668373113073,0.20782284052255773
DKS,MENS,PIE,Q2 May-Jul,2024,1037,3643,0.28465550370573706,0.00747631905881267,0.28177536423862737
DKS,MENS,PIE,Q2 May-Jul,2025,2125,6507,0.326571384662671,0.005813590583000776,0.31350544429136523
DKS,MENS,PIE,Q2 May-Jul,2026,2474,7205,0.3433726578764747,0.005594037121032968,0.3429272652833122
DKS,MENS,PIE,Aug,2023,385,1622,0.2373612823674476,0.010564256559092003,0.2373612823674476
DKS,MENS,PIE,Aug,2024,307,1099,0.27934485896269334,0.013534282582956164,0.27934485896269334
DKS,MENS,PIE,Aug,2025,1121,3704,0.30264578833693306,0.007548463204106504,0.30264578833693306
DKS,MENS,PIE,Aug,2026,490,1308,0.3746177370030581,0.013383295767513258,0.3746177370030581
DKS,MENS,PIE,Sep,2023,242,1164,0.20790378006872853,0.011894431047765736,0.20790378006872853
DKS,MENS,PIE,Sep,2024,300,944,0.3177966101694915,0.015154638097380485,0.3177966101694915
DKS,MENS,PIE,Sep,2025,1114,3536,0.31504524886877827,0.007811982834176426,0.31504524886877827
DKS,MENS,PIE+ORG,Apr-Aug,2023,1360,6284,0.21642266072565244,0.005194864351930556,0.21412522886315336
DKS,MENS,PIE+ORG,Apr-Aug,2024,1739,6236,0.2788646568313021,0.005678741176289325,0.27678811183170293
DKS,MENS,PIE+ORG,Apr-Aug,2025,3536,11190,0.3159964253798034,0.004394963041535186,0.3053551203025133
DKS,MENS,PIE+ORG,Apr-Aug,2026,3859,11311,0.34117231014057114,0.004457817746647049,0.3434395935444277
DKS,MENS,PIE+ORG,Feb-Jul,2023,1512,6925,0.2183393501805054,0.004964382574459498,0.21855595746546816
DKS,MENS,PIE+ORG,Feb-Jul,2024,2244,8417,0.2666033028394915,0.004819739590245658,0.2650209559245817
DKS,MENS,PIE+ORG,Feb-Jul,2025,2921,9186,0.31798388852601783,0.004858885382831932,0.304714309344515
DKS,MENS,PIE+ORG,Feb-Jul,2026,5032,15407,0.32660479003050563,0.003778220021144583,0.32670745313955835
DKS,MENS,PIE+ORG,Q1 Feb-Apr,2023,753,3289,0.22894496807540285,0.007326158368003415,0.22831105641418672
DKS,MENS,PIE+ORG,Q1 Feb-Apr,2024,1122,4547,0.2467561029250055,0.006393509061929671,0.2427602884333233
DKS,MENS,PIE+ORG,Q1 Feb-Apr,2025,730,2467,0.2959059586542359,0.009189832909051855,0.29445875104185854
DKS,MENS,PIE+ORG,Q1 Feb-Apr,2026,2437,7871,0.3096175835344937,0.0052112596583382435,0.3095918343512472
DKS,MENS,PIE+ORG,Q2 May-Jul,2023,759,3636,0.20874587458745875,0.006739924118713127,0.2088008585167496
DKS,MENS,PIE+ORG,Q2 May-Jul,2024,1122,3870,0.289922480620155,0.0072935395973555955,0.2872816234158401
DKS,MENS,PIE+ORG,Q2 May-Jul,2025,2191,6719,0.3260901919928561,0.0057189649678465095,0.3149698676471714
DKS,MENS,PIE+ORG,Q2 May-Jul,2026,2595,7536,0.3443471337579618,0.005473495600721207,0.34382307192786943
DKS,MENS,PIE+ORG,Aug,2023,403,1677,0.24031007751937986,0.0104336831313947,0.24031007751937986
DKS,MENS,PIE+ORG,Aug,2024,340,1172,0.2901023890784983,0.013255914802213935,0.2901023890784983
DKS,MENS,PIE+ORG,Aug,2025,1159,3799,0.30508028428533823,0.007470329208630366,0.30508028428533823
DKS,MENS,PIE+ORG,Aug,2026,524,1401,0.3740185581727338,0.012927312197560359,0.3740185581727338
DKS,MENS,PIE+ORG,Sep,2023,254,1212,0.20957095709570958,0.011690839092125446,0.20957095709570958
DKS,MENS,PIE+ORG,Sep,2024,324,1006,0.3220675944333996,0.014732203910377469,0.3220675944333996
DKS,MENS,PIE+ORG,Sep,2025,1149,3626,0.3168781025923883,0.007726473474873581,0.3168781025923883
DKS,MENS,PIE+ORG,Sep,2026,32,95,0.3368421052631579,0.04849085658631039,0.3368421052631579
DKS,WOMENS,ALL,Apr-Aug,2023,2755,4953,0.5562285483545326,0.007059470921327292,0.5546588833822301
DKS,WOMENS,ALL,Apr-Aug,2024,3441,5619,0.612386545648692,0.0064995415715400255,0.6086799392070577
DKS,WOMENS,ALL,Apr-Aug,2025,6670,10523,0.6338496626437328,0.004696270089345586,0.618730351339823
DKS,WOMENS,ALL,Apr-Aug,2026,7019,11348,0.6185230877687699,0.004559869602503578,0.615210882212226
DKS,WOMENS,ALL,Feb-Jul,2023,3508,6261,0.5602938827663313,0.006272885240070936,0.5575406935609225
DKS,WOMENS,ALL,Feb-Jul,2024,4606,7674,0.600208496221006,0.005591868529566647,0.6052451819585161
DKS,WOMENS,ALL,Feb-Jul,2025,5708,9072,0.6291887125220459,0.005071254586121592,0.6125200349835138
DKS,WOMENS,ALL,Feb-Jul,2026,9980,16169,0.6172305028140268,0.003822528837330763,0.617825122787471
DKS,WOMENS,ALL,Q1 Feb-Apr,2023,1731,3215,0.5384136858475894,0.008792128331826025,0.5312294961986691
DKS,WOMENS,ALL,Q1 Feb-Apr,2024,2282,4067,0.5611015490533563,0.007781542104069319,0.5664251374664255
DKS,WOMENS,ALL,Q1 Feb-Apr,2025,1611,2711,0.5942456658059757,0.009430828264507047,0.5955271827942651
DKS,WOMENS,ALL,Q1 Feb-Apr,2026,5308,8669,0.6122966893528665,0.0052329454665511945,0.613361870768179
DKS,WOMENS,ALL,Q2 May-Jul,2023,1777,3046,0.5833880499015102,0.008932636809597033,0.5838518909231761
DKS,WOMENS,ALL,Q2 May-Jul,2024,2324,3607,0.644302744663155,0.007970988390045779,0.6440652264506066
DKS,WOMENS,ALL,Q2 May-Jul,2025,4097,6361,0.6440811193208615,0.00600320397417488,0.6295128871727627
DKS,WOMENS,ALL,Q2 May-Jul,2026,4672,7500,0.6229333333333333,0.00559627728114033,0.622288374806763
DKS,WOMENS,ALL,Aug,2023,556,1047,0.5310410697230181,0.015422618624114431,0.5310410697230181
DKS,WOMENS,ALL,Aug,2024,577,990,0.5828282828282828,0.015671484609389802,0.5828282828282828
DKS,WOMENS,ALL,Aug,2025,2153,3436,0.6266006984866124,0.008251931427047159,0.6266006984866124
DKS,WOMENS,ALL,Aug,2026,811,1385,0.5855595667870036,0.013237065358323198,0.5855595667870036
DKS,WOMENS,ALL,Sep,2023,843,1253,0.6727853152434158,0.01325498098899211,0.6727853152434158
DKS,WOMENS,ALL,Sep,2024,733,1113,0.6585804132973945,0.014213500173018557,0.6585804132973945
DKS,WOMENS,ALL,Sep,2025,2460,3656,0.6728665207877462,0.0077593235720042055,0.6728665207877462
DKS,WOMENS,ALL,Sep,2026,76,119,0.6386554621848739,0.044037289661435816,0.6386554621848739
DKS,WOMENS,ORG,Apr-Aug,2023,326,528,0.6174242424242424,0.02115113128695434,0.6152852550593645
DKS,WOMENS,ORG,Apr-Aug,2024,405,649,0.6240369799691834,0.019013207136325535,0.6210246631491178
DKS,WOMENS,ORG,Apr-Aug,2025,509,713,0.7138849929873773,0.016925428796240028,0.7143788501937199
DKS,WOMENS,ORG,Apr-Aug,2026,556,901,0.6170921198668147,0.016194209631823348,0.6142341115790686
DKS,WOMENS,ORG,Feb-Jul,2023,359,595,0.6033613445378151,0.020055236012612058,0.5982044294974909
DKS,WOMENS,ORG,Feb-Jul,2024,498,796,0.6256281407035176,0.017153517969292355,0.6244197040778716
DKS,WOMENS,ORG,Feb-Jul,2025,544,783,0.6947637292464879,0.016457192807661877,0.6907001674134442
DKS,WOMENS,ORG,Feb-Jul,2026,644,1056,0.6098484848484849,0.015010517473632402,0.6055352407811635
DKS,WOMENS,ORG,Q1 Feb-Apr,2023,148,260,0.5692307692307692,0.030710002166152016,0.5675828814494919
DKS,WOMENS,ORG,Q1 Feb-Apr,2024,225,358,0.6284916201117319,0.025538332649726905,0.6310800310800311
DKS,WOMENS,ORG,Q1 Feb-Apr,2025,211,311,0.6784565916398714,0.026485040666394667,0.6760117278326403
DKS,WOMENS,ORG,Q1 Feb-Apr,2026,290,476,0.6092436974789915,0.022363771280459452,0.6060338309507483
DKS,WOMENS,ORG,Q2 May-Jul,2023,211,335,0.6298507462686567,0.026380611587711725,0.6288259775454897
DKS,WOMENS,ORG,Q2 May-Jul,2024,273,438,0.6232876712328768,0.023153258995332895,0.6177593770757123
DKS,WOMENS,ORG,Q2 May-Jul,2025,333,472,0.7055084745762712,0.020980533091604494,0.7053886069942479
DKS,WOMENS,ORG,Q2 May-Jul,2026,354,580,0.6103448275862069,0.020249479304713436,0.6050366506115789
DKS,WOMENS,ORG,Aug,2023,62,101,0.6138613861386139,0.04844467956018539,0.6138613861386139
DKS,WOMENS,ORG,Aug,2024,64,101,0.6336633663366337,0.04794118761871322,0.6336633663366337
DKS,WOMENS,ORG,Aug,2025,104,140,0.7428571428571429,0.03693821174448577,0.7428571428571429
DKS,WOMENS,ORG,Aug,2026,111,165,0.6727272727272727,0.03652855166032733,0.6727272727272727
DKS,WOMENS,ORG,Sep,2023,43,73,0.589041095890411,0.05758515829081793,0.589041095890411
DKS,WOMENS,ORG,Sep,2024,72,109,0.6605504587155964,0.04535522892547975,0.6605504587155964
DKS,WOMENS,ORG,Sep,2025,101,136,0.7426470588235294,0.03748748858386844,0.7426470588235294
DKS,WOMENS,ORG,Sep,2026,67,104,0.6442307692307693,0.04694488228918247,0.6442307692307693
DKS,WOMENS,PIE,Apr-Aug,2023,2065,4061,0.508495444471805,0.007844961421530431,0.5059390895258098
DKS,WOMENS,PIE,Apr-Aug,2024,2652,4561,0.5814514360885771,0.0073046534314644826,0.5772163716044582
DKS,WOMENS,PIE,Apr-Aug,2025,5705,9354,0.6098995082317725,0.005043345345496166,0.5959097556498137
DKS,WOMENS,PIE,Apr-Aug,2026,6221,10205,0.6096031357177853,0.004829145069369124,0.6055257726877132
DKS,WOMENS,PIE,Feb-Jul,2023,2469,4986,0.49518652226233456,0.007080660009893553,0.4941972908910825
DKS,WOMENS,PIE,Feb-Jul,2024,3481,6226,0.5591069707677482,0.006292301319525726,0.5607985566256034
DKS,WOMENS,PIE,Feb-Jul,2025,4856,7981,0.6084450570103997,0.005463593550095296,0.5948546403879476
DKS,WOMENS,PIE,Feb-Jul,2026,8728,14505,0.6017235436056533,0.004064732339928954,0.6029154735719175
DKS,WOMENS,PIE,Q1 Feb-Apr,2023,1161,2533,0.4583497828661666,0.009900118224832225,0.4538848754392839
DKS,WOMENS,PIE,Q1 Feb-Apr,2024,1762,3395,0.51899852724595,0.008575044381521405,0.5184672707881767
DKS,WOMENS,PIE,Q1 Feb-Apr,2025,1396,2396,0.5826377295492488,0.010074244538819792,0.5830554743102271
DKS,WOMENS,PIE,Q1 Feb-Apr,2026,4524,7699,0.5876087803610859,0.005610243141613349,0.5891777894403553
DKS,WOMENS,PIE,Q2 May-Jul,2023,1308,2453,0.5332246229107216,0.01007303384167633,0.5345097063428811
DKS,WOMENS,PIE,Q2 May-Jul,2024,1719,2831,0.6072059342988343,0.009178686314632452,0.6031298424630301
DKS,WOMENS,PIE,Q2 May-Jul,2025,3460,5585,0.6195165622202328,0.0064965494781279816,0.606653806465668
DKS,WOMENS,PIE,Q2 May-Jul,2026,4204,6806,0.6176902732882751,0.005890431129981175,0.6166531577034797
DKS,WOMENS,PIE,Aug,2023,476,928,0.5129310344827587,0.016407814197919673,0.5129310344827587
DKS,WOMENS,PIE,Aug,2024,511,887,0.5760992108229989,0.016592771891522525,0.5760992108229989
DKS,WOMENS,PIE,Aug,2025,1898,3145,0.6034976152623212,0.008722688352440644,0.6034976152623212
DKS,WOMENS,PIE,Aug,2026,697,1217,0.5727198027937551,0.01418019468656624,0.5727198027937551
DKS,WOMENS,PIE,Sep,2023,391,771,0.5071335927367056,0.018005227366580674,0.5071335927367056
DKS,WOMENS,PIE,Sep,2024,491,834,0.5887290167865707,0.017038789206572317,0.5887290167865707
DKS,WOMENS,PIE,Sep,2025,1771,2932,0.6040245566166439,0.009031906676125762,0.6040245566166439
DKS,WOMENS,PIE+ORG,Apr-Aug,2023,2391,4589,0.5210285465242972,0.0073743975341243944,0.5185528523661881
DKS,WOMENS,PIE+ORG,Apr-Aug,2024,3057,5210,0.5867562380038388,0.006822022529638737,0.5829137743396513
DKS,WOMENS,PIE+ORG,Apr-Aug,2025,6214,10067,0.6172643289957286,0.0048443445683322385,0.609175209857326
DKS,WOMENS,PIE+ORG,Apr-Aug,2026,6777,11106,0.6102106969205835,0.004627815454022375,0.607163479868957
DKS,WOMENS,PIE+ORG,Feb-Jul,2023,2828,5581,0.5067192259451712,0.006692290343767089,0.5054220333399232
DKS,WOMENS,PIE+ORG,Feb-Jul,2024,3979,7022,0.5666476787240102,0.00591352868848338,0.5682302777526059
DKS,WOMENS,PIE+ORG,Feb-Jul,2025,5400,8764,0.6161570059333638,0.005194829763577088,0.6072214120109724
DKS,WOMENS,PIE+ORG,Feb-Jul,2026,9372,15561,0.6022749180643917,0.003923468112083453,0.6029993493055275
DKS,WOMENS,PIE+ORG,Q1 Feb-Apr,2023,1309,2793,0.46867167919799496,0.009442355996160412,0.46508271058880246
DKS,WOMENS,PIE+ORG,Q1 Feb-Apr,2024,1987,3753,0.5294431121769251,0.008147538785515579,0.5303207975734808
DKS,WOMENS,PIE+ORG,Q1 Feb-Apr,2025,1607,2707,0.5936461026967123,0.00943999789172032,0.5949400971187772
DKS,WOMENS,PIE+ORG,Q1 Feb-Apr,2026,4814,8175,0.588868501529052,0.00544196390881357,0.5901152936098805
DKS,WOMENS,PIE+ORG,Q2 May-Jul,2023,1519,2788,0.5448350071736011,0.009431277942784541,0.545761356091044
DKS,WOMENS,PIE+ORG,Q2 May-Jul,2024,1992,3269,0.6093606607525237,0.008533314160379559,0.606139757931731
DKS,WOMENS,PIE+ORG,Q2 May-Jul,2025,3793,6057,0.6262175994716856,0.006216461840789868,0.6195027269031675
DKS,WOMENS,PIE+ORG,Q2 May-Jul,2026,4558,7386,0.6171134578933116,0.005656045676231357,0.6158834050011746
DKS,WOMENS,PIE+ORG,Aug,2023,538,1029,0.5228377065111759,0.01557072454132425,0.5228377065111759
DKS,WOMENS,PIE+ORG,Aug,2024,575,988,0.5819838056680162,0.01569182771678649,0.5819838056680162
DKS,WOMENS,PIE+ORG,Aug,2025,2002,3285,0.6094368340943683,0.008512209502051707,0.6094368340943683
DKS,WOMENS,PIE+ORG,Aug,2026,808,1382,0.5846599131693199,0.013255605239371656,0.5846599131693199
DKS,WOMENS,PIE+ORG,Sep,2023,434,844,0.514218009478673,0.01720375001162931,0.514218009478673
DKS,WOMENS,PIE+ORG,Sep,2024,563,943,0.5970307529162248,0.015972704480737173,0.5970307529162248
DKS,WOMENS,PIE+ORG,Sep,2025,1872,3068,0.6101694915254238,0.008805124055199577,0.6101694915254238
DKS,WOMENS,PIE+ORG,Sep,2026,76,119,0.6386554621848739,0.044037289661435816,0.6386554621848739
