co,basket,window,year,variant,owned,total,share
DKS,APPAREL,A_Aug1-17,2025,ALL,1865,4156,0.4487487969201155
DKS,APPAREL,A_Aug1-17,2025,PIE,1737,3968,0.43775201612903225
DKS,APPAREL,A_Aug1-17,2025,ORG,79,139,0.5683453237410072
DKS,APPAREL,A_Aug1-17,2025,PIE+ORG,1816,4107,0.4421719016313611
DKS,APPAREL,A_Aug1-17,2026,ALL,1354,2943,0.4600747536527353
DKS,APPAREL,A_Aug1-17,2026,PIE,1267,2774,0.4567411679884643
DKS,APPAREL,A_Aug1-17,2026,ORG,85,167,0.5089820359281437
DKS,APPAREL,A_Aug1-17,2026,PIE+ORG,1352,2941,0.4597075824549473
DKS,APPAREL,B_Aug18-Oct6,2025,ALL,6483,13904,0.46626869965477563
DKS,APPAREL,B_Aug18-Oct6,2025,PIE,5142,12398,0.4147443135989676
DKS,APPAREL,B_Aug18-Oct6,2025,ORG,218,383,0.5691906005221932
DKS,APPAREL,B_Aug18-Oct6,2025,PIE+ORG,5360,12781,0.4193725060636883
DKS,APPAREL,B_Aug18-Oct6,2026,ALL,250,501,0.499001996007984
DKS,APPAREL,B_Aug18-Oct6,2026,PIE,58,137,0.4233576642335766
DKS,APPAREL,B_Aug18-Oct6,2026,ORG,186,341,0.5454545454545454
DKS,APPAREL,B_Aug18-Oct6,2026,PIE+ORG,244,478,0.5104602510460251
DKS,APPAREL,C_Aug1-Oct6,2025,ALL,8348,18060,0.4622369878183832
DKS,APPAREL,C_Aug1-Oct6,2025,PIE,6879,16366,0.42032262006599047
DKS,APPAREL,C_Aug1-Oct6,2025,ORG,297,522,0.5689655172413793
DKS,APPAREL,C_Aug1-Oct6,2025,PIE+ORG,7176,16888,0.42491710090004736
DKS,APPAREL,C_Aug1-Oct6,2026,ALL,1604,3444,0.4657375145180023
DKS,APPAREL,C_Aug1-Oct6,2026,PIE,1325,2911,0.45517004465819305
DKS,APPAREL,C_Aug1-Oct6,2026,ORG,271,508,0.5334645669291339
DKS,APPAREL,C_Aug1-Oct6,2026,PIE+ORG,1596,3419,0.4668031588183679
DKS,MENS,A_Aug1-17,2025,ALL,590,1841,0.3204780010863661
DKS,MENS,A_Aug1-17,2025,PIE,568,1784,0.3183856502242152
DKS,MENS,A_Aug1-17,2025,ORG,20,55,0.36363636363636365
DKS,MENS,A_Aug1-17,2025,PIE+ORG,588,1839,0.3197389885807504
DKS,MENS,A_Aug1-17,2026,ALL,497,1329,0.37396538750940556
DKS,MENS,A_Aug1-17,2026,PIE,472,1270,0.3716535433070866
DKS,MENS,A_Aug1-17,2026,ORG,24,58,0.41379310344827586
DKS,MENS,A_Aug1-17,2026,PIE+ORG,496,1328,0.37349397590361444
DKS,MENS,B_Aug18-Oct6,2025,ALL,1990,6096,0.32644356955380577
DKS,MENS,B_Aug18-Oct6,2025,PIE,1789,5813,0.30775847238947185
DKS,MENS,B_Aug18-Oct6,2025,ORG,58,140,0.4142857142857143
DKS,MENS,B_Aug18-Oct6,2025,PIE+ORG,1847,5953,0.31026373257181256
DKS,MENS,B_Aug18-Oct6,2026,ALL,69,200,0.345
DKS,MENS,B_Aug18-Oct6,2026,PIE,24,67,0.3582089552238806
DKS,MENS,B_Aug18-Oct6,2026,ORG,42,113,0.37168141592920356
DKS,MENS,B_Aug18-Oct6,2026,PIE+ORG,66,180,0.36666666666666664
DKS,MENS,C_Aug1-Oct6,2025,ALL,2580,7937,0.32505984628953005
DKS,MENS,C_Aug1-Oct6,2025,PIE,2357,7597,0.31025404765038833
DKS,MENS,C_Aug1-Oct6,2025,ORG,78,195,0.4
DKS,MENS,C_Aug1-Oct6,2025,PIE+ORG,2435,7792,0.3125
DKS,MENS,C_Aug1-Oct6,2026,ALL,566,1529,0.3701765860039241
DKS,MENS,C_Aug1-Oct6,2026,PIE,496,1337,0.3709798055347794
DKS,MENS,C_Aug1-Oct6,2026,ORG,66,171,0.38596491228070173
DKS,MENS,C_Aug1-Oct6,2026,PIE+ORG,562,1508,0.3726790450928382
DKS,WOMENS,A_Aug1-17,2025,ALL,1107,1781,0.6215609208309938
DKS,WOMENS,A_Aug1-17,2025,PIE,1003,1660,0.6042168674698796
DKS,WOMENS,A_Aug1-17,2025,ORG,57,74,0.7702702702702703
DKS,WOMENS,A_Aug1-17,2025,PIE+ORG,1060,1734,0.6113033448673587
DKS,WOMENS,A_Aug1-17,2026,ALL,734,1266,0.5797788309636651
DKS,WOMENS,A_Aug1-17,2026,PIE,675,1174,0.5749574105621805
DKS,WOMENS,A_Aug1-17,2026,ORG,58,91,0.6373626373626373
DKS,WOMENS,A_Aug1-17,2026,PIE+ORG,733,1265,0.5794466403162055
DKS,WOMENS,B_Aug18-Oct6,2025,ALL,3747,5687,0.6588711095480921
DKS,WOMENS,B_Aug18-Oct6,2025,PIE,2833,4706,0.6019974500637484
DKS,WOMENS,B_Aug18-Oct6,2025,ORG,158,225,0.7022222222222222
DKS,WOMENS,B_Aug18-Oct6,2025,PIE+ORG,2991,4931,0.6065706753194078
DKS,WOMENS,B_Aug18-Oct6,2026,ALL,170,259,0.6563706563706564
DKS,WOMENS,B_Aug18-Oct6,2026,PIE,31,58,0.5344827586206896
DKS,WOMENS,B_Aug18-Oct6,2026,ORG,137,199,0.6884422110552764
DKS,WOMENS,B_Aug18-Oct6,2026,PIE+ORG,168,257,0.6536964980544747
DKS,WOMENS,C_Aug1-Oct6,2025,ALL,4854,7468,0.6499732190680235
DKS,WOMENS,C_Aug1-Oct6,2025,PIE,3836,6366,0.6025761859880616
DKS,WOMENS,C_Aug1-Oct6,2025,ORG,215,299,0.7190635451505016
DKS,WOMENS,C_Aug1-Oct6,2025,PIE+ORG,4051,6665,0.6078019504876219
DKS,WOMENS,C_Aug1-Oct6,2026,ALL,904,1525,0.5927868852459016
DKS,WOMENS,C_Aug1-Oct6,2026,PIE,706,1232,0.573051948051948
DKS,WOMENS,C_Aug1-Oct6,2026,ORG,195,290,0.6724137931034483
DKS,WOMENS,C_Aug1-Oct6,2026,PIE+ORG,901,1522,0.5919842312746386
DKS,KIDS,A_Aug1-17,2025,ALL,168,534,0.3146067415730337
DKS,KIDS,A_Aug1-17,2025,PIE,166,524,0.31679389312977096
DKS,KIDS,A_Aug1-17,2025,ORG,2,10,0.2
DKS,KIDS,A_Aug1-17,2025,PIE+ORG,168,534,0.3146067415730337
DKS,KIDS,A_Aug1-17,2026,ALL,123,348,0.35344827586206895
DKS,KIDS,A_Aug1-17,2026,PIE,120,330,0.36363636363636365
DKS,KIDS,A_Aug1-17,2026,ORG,3,18,0.16666666666666666
DKS,KIDS,A_Aug1-17,2026,PIE+ORG,123,348,0.35344827586206895
DKS,KIDS,B_Aug18-Oct6,2025,ALL,746,2121,0.3517208863743517
DKS,KIDS,B_Aug18-Oct6,2025,PIE,520,1879,0.2767429483767962
DKS,KIDS,B_Aug18-Oct6,2025,ORG,2,18,0.1111111111111111
DKS,KIDS,B_Aug18-Oct6,2025,PIE+ORG,522,1897,0.27517132314180287
DKS,KIDS,B_Aug18-Oct6,2026,ALL,11,42,0.2619047619047619
DKS,KIDS,B_Aug18-Oct6,2026,PIE,3,12,0.25
DKS,KIDS,B_Aug18-Oct6,2026,ORG,7,29,0.2413793103448276
DKS,KIDS,B_Aug18-Oct6,2026,PIE+ORG,10,41,0.24390243902439024
DKS,KIDS,C_Aug1-Oct6,2025,ALL,914,2655,0.344256120527307
DKS,KIDS,C_Aug1-Oct6,2025,PIE,686,2403,0.28547648772367873
DKS,KIDS,C_Aug1-Oct6,2025,ORG,4,28,0.14285714285714285
DKS,KIDS,C_Aug1-Oct6,2025,PIE+ORG,690,2431,0.28383381324557794
DKS,KIDS,C_Aug1-Oct6,2026,ALL,134,390,0.3435897435897436
DKS,KIDS,C_Aug1-Oct6,2026,PIE,123,342,0.35964912280701755
DKS,KIDS,C_Aug1-Oct6,2026,ORG,10,47,0.2127659574468085
DKS,KIDS,C_Aug1-Oct6,2026,PIE+ORG,133,389,0.34190231362467866
ASO,APPAREL,A_Aug1-17,2025,ALLX,1828,3606,0.5069328896283971
ASO,APPAREL,A_Aug1-17,2025,EMAIL,297,514,0.5778210116731517
ASO,APPAREL,A_Aug1-17,2025,TEXT,1502,3046,0.4931057124097177
ASO,APPAREL,A_Aug1-17,2025,PURCH,1799,3560,0.5053370786516854
ASO,APPAREL,A_Aug1-17,2025,ORG,29,46,0.6304347826086957
ASO,APPAREL,A_Aug1-17,2026,ALLX,1262,2493,0.5062174087444845
ASO,APPAREL,A_Aug1-17,2026,EMAIL,1242,2460,0.5048780487804878
ASO,APPAREL,A_Aug1-17,2026,TEXT,0,1,0.0
ASO,APPAREL,A_Aug1-17,2026,PURCH,1242,2461,0.5046728971962616
ASO,APPAREL,A_Aug1-17,2026,ORG,20,32,0.625
ASO,APPAREL,B_Aug18-Oct6,2025,ALLX,3890,8102,0.4801283633670699
ASO,APPAREL,B_Aug18-Oct6,2025,EMAIL,675,1254,0.5382775119617225
ASO,APPAREL,B_Aug18-Oct6,2025,TEXT,3158,6762,0.4670215912451937
ASO,APPAREL,B_Aug18-Oct6,2025,PURCH,3833,8016,0.4781686626746507
ASO,APPAREL,B_Aug18-Oct6,2025,ORG,57,86,0.6627906976744186
ASO,APPAREL,B_Aug18-Oct6,2026,ALLX,4997,10995,0.45447930877671666
ASO,APPAREL,B_Aug18-Oct6,2026,EMAIL,998,2172,0.4594843462246777
ASO,APPAREL,B_Aug18-Oct6,2026,TEXT,3943,8731,0.45160920856717446
ASO,APPAREL,B_Aug18-Oct6,2026,PURCH,4941,10903,0.453178024396955
ASO,APPAREL,B_Aug18-Oct6,2026,ORG,56,92,0.6086956521739131
ASO,APPAREL,C_Aug1-Oct6,2025,ALLX,5718,11708,0.48838401093269557
ASO,APPAREL,C_Aug1-Oct6,2025,EMAIL,972,1768,0.5497737556561086
ASO,APPAREL,C_Aug1-Oct6,2025,TEXT,4660,9808,0.47512234910277323
ASO,APPAREL,C_Aug1-Oct6,2025,PURCH,5632,11576,0.4865238424326192
ASO,APPAREL,C_Aug1-Oct6,2025,ORG,86,132,0.6515151515151515
ASO,APPAREL,C_Aug1-Oct6,2026,ALLX,6259,13488,0.4640421115065243
ASO,APPAREL,C_Aug1-Oct6,2026,EMAIL,2240,4632,0.4835924006908463
ASO,APPAREL,C_Aug1-Oct6,2026,TEXT,3943,8732,0.4515574896930829
ASO,APPAREL,C_Aug1-Oct6,2026,PURCH,6183,13364,0.4626608799760551
ASO,APPAREL,C_Aug1-Oct6,2026,ORG,76,124,0.6129032258064516
ASO,MENS,A_Aug1-17,2025,ALLX,736,1516,0.48548812664907653
ASO,MENS,A_Aug1-17,2025,EMAIL,139,237,0.5864978902953587
ASO,MENS,A_Aug1-17,2025,TEXT,589,1267,0.4648776637726914
ASO,MENS,A_Aug1-17,2025,PURCH,728,1504,0.48404255319148937
ASO,MENS,A_Aug1-17,2025,ORG,8,12,0.6666666666666666
ASO,MENS,A_Aug1-17,2026,ALLX,524,1089,0.48117539026629935
ASO,MENS,A_Aug1-17,2026,EMAIL,513,1072,0.478544776119403
ASO,MENS,A_Aug1-17,2026,TEXT,0,0,
ASO,MENS,A_Aug1-17,2026,PURCH,513,1072,0.478544776119403
ASO,MENS,A_Aug1-17,2026,ORG,11,17,0.6470588235294118
ASO,MENS,B_Aug18-Oct6,2025,ALLX,1545,3424,0.4512266355140187
ASO,MENS,B_Aug18-Oct6,2025,EMAIL,280,548,0.5109489051094891
ASO,MENS,B_Aug18-Oct6,2025,TEXT,1252,2852,0.43899018232819076
ASO,MENS,B_Aug18-Oct6,2025,PURCH,1532,3400,0.4505882352941176
ASO,MENS,B_Aug18-Oct6,2025,ORG,13,24,0.5416666666666666
ASO,MENS,B_Aug18-Oct6,2026,ALLX,1934,4898,0.39485504287464274
ASO,MENS,B_Aug18-Oct6,2026,EMAIL,385,944,0.4078389830508475
ASO,MENS,B_Aug18-Oct6,2026,TEXT,1521,3905,0.3895006402048656
ASO,MENS,B_Aug18-Oct6,2026,PURCH,1906,4849,0.39307073623427513
ASO,MENS,B_Aug18-Oct6,2026,ORG,28,49,0.5714285714285714
ASO,MENS,C_Aug1-Oct6,2025,ALLX,2281,4940,0.46174089068825913
ASO,MENS,C_Aug1-Oct6,2025,EMAIL,419,785,0.5337579617834395
ASO,MENS,C_Aug1-Oct6,2025,TEXT,1841,4119,0.44695314396698227
ASO,MENS,C_Aug1-Oct6,2025,PURCH,2260,4904,0.46084828711256115
ASO,MENS,C_Aug1-Oct6,2025,ORG,21,36,0.5833333333333334
ASO,MENS,C_Aug1-Oct6,2026,ALLX,2458,5987,0.410556205111074
ASO,MENS,C_Aug1-Oct6,2026,EMAIL,898,2016,0.44543650793650796
ASO,MENS,C_Aug1-Oct6,2026,TEXT,1521,3905,0.3895006402048656
ASO,MENS,C_Aug1-Oct6,2026,PURCH,2419,5921,0.4085458537409221
ASO,MENS,C_Aug1-Oct6,2026,ORG,39,66,0.5909090909090909
ASO,WOMENS,A_Aug1-17,2025,ALLX,552,1032,0.5348837209302325
ASO,WOMENS,A_Aug1-17,2025,EMAIL,74,135,0.5481481481481482
ASO,WOMENS,A_Aug1-17,2025,TEXT,467,881,0.5300794551645857
ASO,WOMENS,A_Aug1-17,2025,PURCH,541,1016,0.53248031496063
ASO,WOMENS,A_Aug1-17,2025,ORG,11,16,0.6875
ASO,WOMENS,A_Aug1-17,2026,ALLX,322,606,0.5313531353135313
ASO,WOMENS,A_Aug1-17,2026,EMAIL,316,597,0.5293132328308208
ASO,WOMENS,A_Aug1-17,2026,TEXT,0,0,
ASO,WOMENS,A_Aug1-17,2026,PURCH,316,597,0.5293132328308208
ASO,WOMENS,A_Aug1-17,2026,ORG,6,9,0.6666666666666666
ASO,WOMENS,B_Aug18-Oct6,2025,ALLX,1230,2320,0.5301724137931034
ASO,WOMENS,B_Aug18-Oct6,2025,EMAIL,187,316,0.5917721518987342
ASO,WOMENS,B_Aug18-Oct6,2025,TEXT,1011,1958,0.5163432073544433
ASO,WOMENS,B_Aug18-Oct6,2025,PURCH,1198,2274,0.5268249780123131
ASO,WOMENS,B_Aug18-Oct6,2025,ORG,32,46,0.6956521739130435
ASO,WOMENS,B_Aug18-Oct6,2026,ALLX,1601,3190,0.5018808777429468
ASO,WOMENS,B_Aug18-Oct6,2026,EMAIL,277,580,0.47758620689655173
ASO,WOMENS,B_Aug18-Oct6,2026,TEXT,1304,2580,0.5054263565891473
ASO,WOMENS,B_Aug18-Oct6,2026,PURCH,1581,3160,0.5003164556962025
ASO,WOMENS,B_Aug18-Oct6,2026,ORG,20,30,0.6666666666666666
ASO,WOMENS,C_Aug1-Oct6,2025,ALLX,1782,3352,0.5316229116945107
ASO,WOMENS,C_Aug1-Oct6,2025,EMAIL,261,451,0.5787139689578714
ASO,WOMENS,C_Aug1-Oct6,2025,TEXT,1478,2839,0.5206058471292708
ASO,WOMENS,C_Aug1-Oct6,2025,PURCH,1739,3290,0.5285714285714286
ASO,WOMENS,C_Aug1-Oct6,2025,ORG,43,62,0.6935483870967742
ASO,WOMENS,C_Aug1-Oct6,2026,ALLX,1923,3796,0.5065858798735511
ASO,WOMENS,C_Aug1-Oct6,2026,EMAIL,593,1177,0.5038232795242141
ASO,WOMENS,C_Aug1-Oct6,2026,TEXT,1304,2580,0.5054263565891473
ASO,WOMENS,C_Aug1-Oct6,2026,PURCH,1897,3757,0.5049241416023423
ASO,WOMENS,C_Aug1-Oct6,2026,ORG,26,39,0.6666666666666666
ASO,KIDS,A_Aug1-17,2025,ALLX,540,1058,0.5103969754253308
ASO,KIDS,A_Aug1-17,2025,EMAIL,84,142,0.5915492957746479
ASO,KIDS,A_Aug1-17,2025,TEXT,446,898,0.49665924276169265
ASO,KIDS,A_Aug1-17,2025,PURCH,530,1040,0.5096153846153846
ASO,KIDS,A_Aug1-17,2025,ORG,10,18,0.5555555555555556
ASO,KIDS,A_Aug1-17,2026,ALLX,416,798,0.5213032581453634
ASO,KIDS,A_Aug1-17,2026,EMAIL,413,791,0.5221238938053098
ASO,KIDS,A_Aug1-17,2026,TEXT,0,1,0.0
ASO,KIDS,A_Aug1-17,2026,PURCH,413,792,0.5214646464646465
ASO,KIDS,A_Aug1-17,2026,ORG,3,6,0.5
ASO,KIDS,B_Aug18-Oct6,2025,ALLX,1115,2358,0.47285835453774383
ASO,KIDS,B_Aug18-Oct6,2025,EMAIL,208,390,0.5333333333333333
ASO,KIDS,B_Aug18-Oct6,2025,TEXT,895,1952,0.45850409836065575
ASO,KIDS,B_Aug18-Oct6,2025,PURCH,1103,2342,0.4709649871904355
ASO,KIDS,B_Aug18-Oct6,2025,ORG,12,16,0.75
ASO,KIDS,B_Aug18-Oct6,2026,ALLX,1462,2907,0.5029239766081871
ASO,KIDS,B_Aug18-Oct6,2026,EMAIL,336,648,0.5185185185185185
ASO,KIDS,B_Aug18-Oct6,2026,TEXT,1118,2246,0.4977738201246661
ASO,KIDS,B_Aug18-Oct6,2026,PURCH,1454,2894,0.502418797512094
ASO,KIDS,B_Aug18-Oct6,2026,ORG,8,13,0.6153846153846154
ASO,KIDS,C_Aug1-Oct6,2025,ALLX,1655,3416,0.4844847775175644
ASO,KIDS,C_Aug1-Oct6,2025,EMAIL,292,532,0.5488721804511278
ASO,KIDS,C_Aug1-Oct6,2025,TEXT,1341,2850,0.4705263157894737
ASO,KIDS,C_Aug1-Oct6,2025,PURCH,1633,3382,0.48285038438793615
ASO,KIDS,C_Aug1-Oct6,2025,ORG,22,34,0.6470588235294118
ASO,KIDS,C_Aug1-Oct6,2026,ALLX,1878,3705,0.5068825910931174
ASO,KIDS,C_Aug1-Oct6,2026,EMAIL,749,1439,0.5205003474635164
ASO,KIDS,C_Aug1-Oct6,2026,TEXT,1118,2247,0.4975522919448153
ASO,KIDS,C_Aug1-Oct6,2026,PURCH,1867,3686,0.5065111231687466
ASO,KIDS,C_Aug1-Oct6,2026,ORG,11,19,0.5789473684210527
