quarter,Q4,comp_%,comp_src,alt_comp(unshifted/orig),ticket_%,txn_%,tt_src,ticket*txn_minus_comp_pt,2yr_stack,3yr_stack,ticket_2yr,txn_2yr,covid_flag
FY12Q1,,8.4,R,,4.0,3.3,R,-1.0,,,,,
FY12Q2,,3.8,R,,4.0,-1.1,R,-0.9,,,,,
FY12Q3,,5.1,R,,2.9,1.0,R,-1.2,,,,,
FY12Q4,Q4,1.5,D,,2.7,-4.7,D,-3.6,,,,,
FY13Q1,,-3.8,S,-1.7,2.0,-5.2,R,0.5,4.6,,6.0,-1.9,
FY13Q2,,-0.4,S,1.2,2.0,-1.9,R,0.5,3.4,,6.0,-3.0,
FY13Q3,,3.3,S,0.3,1.5,1.9,S,0.1,8.4,,4.4,2.9,
FY13Q4,Q4,7.3,S,5.9,1.8,5.2,D,-0.2,8.8,,4.5,0.5,
FY14Q1,,1.5,R,,2.5,-0.2,R,0.8,-2.3,6.1,4.5,-5.4,
FY14Q2,,3.2,R,,1.8,2.3,R,0.9,2.8,6.6,3.8,0.4,
FY14Q3,,1.1,R,,2.7,-1.0,R,0.6,4.4,9.5,4.2,0.9,
FY14Q4,Q4,3.4,R,,0.8,2.9,D,0.3,10.7,12.2,2.6,8.1,
FY15Q1,,1.0,R,,1.0,0.8,R,0.8,2.5,-1.3,3.5,0.6,
FY15Q2,,1.2,R,,2.5,-1.0,R,0.3,4.4,4.0,4.3,1.3,
FY15Q3,,0.4,R,,1.2,-0.5,R,0.3,1.5,4.8,3.9,-1.5,
FY15Q4,Q4,-2.5,R,,0.7,-3.1,D,0.1,0.9,8.2,1.5,-0.2,
FY16Q1,,0.5,R,,1.0,-0.5,R,-0.0,1.5,3.0,2.0,0.3,
FY16Q2,,2.8,R,,1.3,1.7,R,0.2,4.0,7.2,3.8,0.7,
FY16Q3,,5.2,R,,1.3,4.2,R,0.4,5.6,6.7,2.5,3.7,
FY16Q4,Q4,5.0,R,,2.5,2.7,D,0.3,2.5,5.9,3.2,-0.4,
FY17Q1,,2.4,R,,1.6,0.8,R,0.0,2.9,3.9,2.6,0.3,
FY17Q2,,0.1,R,,2.1,-2.0,R,-0.0,2.9,4.1,3.4,-0.3,
FY17Q3,,-0.9,R,,0.0,-0.9,R,-0.0,4.3,4.7,1.3,3.3,
FY17Q4,Q4,-2.0,R,,-1.9,-0.1,D,0.0,3.0,0.5,0.6,2.6,
FY18Q1,,-2.5,S,-0.9,1.2,-3.7,R,-0.0,-0.1,0.4,2.8,-2.9,
FY18Q2,,-4.0,S,-1.9,0.7,-4.7,R,-0.0,-3.9,-1.1,2.8,-6.7,
FY18Q3,,-3.9,S,-6.1,1.6,-5.5,R,-0.1,-4.8,0.4,1.6,-6.4,
FY18Q4,Q4,-2.2,S,-3.7,1.4,-3.7,D,-0.2,-4.2,0.8,-0.5,-3.8,
FY19Q1,,0.0,R,,1.0,-1.0,R,-0.0,-2.5,-0.1,2.2,-4.7,
FY19Q2,,3.2,R,,2.1,1.1,R,0.0,-0.8,-0.7,2.8,-3.6,
FY19Q3,,6.0,R,,2.7,3.3,R,0.1,2.1,1.2,4.3,-2.2,
FY19Q4,Q4,5.3,R,,2.2,2.8,D,-0.2,3.1,1.1,3.6,-0.9,
FY20Q1,,-29.5,R,,9.2,-38.7,R,-3.6,-29.5,-32.0,10.2,-39.7,COVID
FY20Q2,,20.7,R,,17.9,2.8,R,0.5,23.9,19.9,20.0,3.9,COVID
FY20Q3,,23.2,R,,19.6,3.6,R,0.7,29.2,25.3,22.3,6.9,COVID
FY20Q4,Q4,18.6,D,,,,-,,23.9,21.7,,,COVID
FY21Q1,,115.0,R,,25.0,90.0,R,22.5,85.5,85.5,34.2,51.3,COVID
FY21Q2,,19.2,R,,7.1,12.1,R,0.9,39.9,43.1,25.0,14.9,COVID
FY21Q3,,12.2,R,,3.7,8.5,R,0.3,35.4,41.4,23.3,12.1,COVID
FY21Q4,Q4,5.0,D,,,,-,,23.6,28.9,,,COVID
FY22Q1,,-8.4,C,,-2.0,-6.4,R,0.1,106.6,77.1,23.0,83.6,stack incl COVID
FY22Q2,,-5.4,C,,3.3,-8.4,R,0.0,13.8,34.5,10.4,3.7,stack incl COVID
FY22Q3,,6.5,C,,2.8,3.7,R,0.1,18.7,41.9,6.5,12.2,stack incl COVID
FY22Q4,Q4,5.3,C,,-1.7,5.7,D,-1.4,10.3,28.9,,,stack incl COVID
FY23Q1,,3.4,C,,0.7,2.7,C,0.0,-5.0,110.0,-1.3,-3.7,stack incl COVID
FY23Q2,,1.8,C,,-1.0,2.8,C,-0.0,-3.6,15.6,2.3,-5.6,stack incl COVID
FY23Q3,,1.7,C,,0.6,1.1,C,0.0,8.2,20.4,3.4,4.8,stack incl COVID
FY23Q4,Q4,2.8,C,,2.8,0.0,C,0.0,8.1,13.1,1.1,5.7,stack incl COVID
FY24Q1,,5.3,C,,2.6,2.7,C,0.1,8.7,0.3,3.3,5.4,
FY24Q2,,4.5,C,,3.5,1.0,C,0.0,6.3,0.9,2.5,3.8,
FY24Q3,,4.3,C,4.2,4.8,-0.6,C,-0.1,6.0,12.5,5.4,0.5,
FY24Q4,Q4,6.6,C,6.4,4.4,2.0,C,-0.1,9.4,14.7,7.2,2.0,
FY25Q1,,4.5,C,,3.7,0.8,C,0.0,9.8,13.2,6.3,3.5,
FY25Q2,,5.0,C,,4.1,0.9,C,0.0,9.5,11.3,7.6,1.9,
FY25Q3,,5.7,C,,4.4,1.3,C,0.1,10.0,11.7,9.2,0.7,
FY25Q4,Q4,3.1,C,,4.4,-1.3,C,-0.1,9.7,12.5,8.8,0.7,
FY26Q1,,6.0,C,,5.5,0.5,C,0.0,10.5,15.8,9.2,1.3,
FY26Q2,,4.9,C,,3.6,1.3,C,0.0,9.9,14.4,7.7,2.2,
