path,HoS_uplift,FH_uplift,FY24Q3,FY24Q4,FY25Q1,FY25Q2,FY25Q3,FY25Q4,FY26Q1,FY26Q2,avg
evidence path,$6M tax-data median,2.0,3.98,6.2,4.06,4.53,5.03,2.28,5.29,4.12,4.44
evidence path,$6M tax-data median,3.0,3.9,6.11,3.97,4.44,4.93,2.18,5.2,4.03,4.35
evidence path,$12M scrape low,2.0,3.81,5.96,3.79,4.25,4.57,1.67,4.75,3.53,4.04
evidence path,$12M scrape low,3.0,3.73,5.87,3.71,4.16,4.47,1.56,4.66,3.44,3.95
evidence path,$16M scrape base,2.0,3.69,5.8,3.62,4.06,4.27,1.26,4.39,3.13,3.78
evidence path,$16M scrape base,3.0,3.62,5.71,3.53,3.97,4.16,1.15,4.3,3.04,3.69
evidence path,$20M company/UBS,2.0,3.58,5.64,3.44,3.87,3.96,0.85,4.03,2.74,3.51
evidence path,$20M company/UBS,3.0,3.5,5.56,3.35,3.78,3.86,0.75,3.94,2.64,3.42
evidence path,$22.5M BLS-jobs (21-24),2.0,3.5,5.54,3.33,3.76,3.77,0.59,3.8,2.49,3.35
evidence path,$22.5M BLS-jobs (21-24),3.0,3.43,5.46,3.24,3.66,3.67,0.49,3.72,2.4,3.26
consensus path,$6M tax-data median,2.0,3.98,6.2,4.06,4.53,5.03,2.28,5.29,4.12,4.44
consensus path,$6M tax-data median,3.0,3.9,6.11,3.97,4.44,4.93,2.18,5.2,4.03,4.35
consensus path,$12M scrape low,2.0,3.81,5.96,3.79,4.25,4.57,1.67,4.75,3.53,4.04
consensus path,$12M scrape low,3.0,3.73,5.87,3.71,4.16,4.47,1.56,4.66,3.44,3.95
consensus path,$16M scrape base,2.0,3.69,5.8,3.62,4.06,4.27,1.26,4.39,3.13,3.78
consensus path,$16M scrape base,3.0,3.62,5.71,3.53,3.97,4.16,1.15,4.3,3.04,3.69
consensus path,$20M company/UBS,2.0,3.58,5.64,3.44,3.87,3.96,0.85,4.03,2.74,3.51
consensus path,$20M company/UBS,3.0,3.5,5.56,3.35,3.78,3.86,0.75,3.94,2.64,3.42
consensus path,$22.5M BLS-jobs (21-24),2.0,3.5,5.54,3.33,3.76,3.77,0.59,3.8,2.49,3.35
consensus path,$22.5M BLS-jobs (21-24),3.0,3.43,5.46,3.24,3.66,3.67,0.49,3.72,2.4,3.26
