quarter,scenario,comp_%,2yr,var_pt,rev_var_$M,bps_of_cons_DSG_rev,EPS_20pct_FT,EPS_seg_margin_FT
FY26Q4,2-yr held at 7.5% (mgmt FY framing),4.4,7.5,2.81,113.8,275,+0.185,+0.098
FY26Q4,2-yr at 6.5%,3.4,6.5,1.81,73.3,177,+0.119,+0.063
FY26Q4,2-yr at 5.5%,2.4,5.5,0.81,32.8,79,+0.053,+0.028
FY26Q4,3-yr held at trailing-4Q min (11.5%),1.8,4.9,0.21,8.5,21,+0.014,+0.007
FY26Q4,3-yr at 10.5%,0.8,3.9,-0.79,-32.0,-77,-0.052,-0.028
FY26Q4,txn -0.5% x ticket +2.5% (decel ~1pt),1.99,5.09,0.4,16.2,39,+0.026,+0.014
FY26Q4,txn +0.45% (trail-4Q) x ticket +2.0%,2.46,5.56,0.87,35.2,85,+0.057,+0.030
FY26Q4,trailing legacy (avg 3.78) + format lift ($16M/$2M),5.23,8.33,3.64,147.4,356,+0.240,+0.127
FY26Q4,legacy halves to 1.89 + format ($16M/$2M),3.34,6.44,1.75,70.9,171,+0.115,+0.061
FY26Q4,bear: legacy 0.5% + format at $6M/$2M,1.19,4.29,-0.4,-16.2,-39,-0.026,-0.014
FY26Q4,"mgmt guide LOW, Q4 if Q3=cons",-1.76,1.34,-3.35,-135.7,-327,-0.221,-0.117
FY26Q4,"mgmt guide MID, Q4 if Q3=cons",0.86,3.96,-0.73,-29.6,-71,-0.048,-0.025
FY26Q4,"mgmt guide HIGH, Q4 if Q3=cons",3.47,6.57,1.88,76.2,184,+0.124,+0.066
FY26Q3,2-yr held at 7.5% (mgmt FY framing),1.8,7.5,0.11,3.6,10,+0.006,+0.002
FY26Q3,2-yr at 6.5%,0.8,6.5,-0.89,-28.8,-84,-0.047,-0.017
FY26Q3,2-yr at 5.5%,-0.2,5.5,-1.89,-61.2,-178,-0.100,-0.036
FY26Q3,3-yr held at trailing-4Q min (11.5%),1.5,7.2,-0.19,-6.2,-18,-0.010,-0.004
FY26Q3,3-yr at 10.5%,0.5,6.2,-1.19,-38.5,-112,-0.063,-0.022
FY26Q3,txn -0.5% x ticket +2.5% (decel ~1pt),1.99,7.69,0.3,9.7,28,+0.016,+0.006
FY26Q3,txn +0.45% (trail-4Q) x ticket +2.0%,2.46,8.16,0.77,24.9,73,+0.041,+0.015
FY26Q3,trailing legacy (avg 3.78) + format lift ($16M/$2M),5.46,11.16,3.77,122.0,355,+0.199,+0.071
FY26Q3,legacy halves to 1.89 + format ($16M/$2M),3.57,9.27,1.88,60.9,177,+0.099,+0.036
FY26Q3,bear: legacy 0.5% + format at $6M/$2M,1.26,6.96,-0.43,-13.9,-41,-0.023,-0.008
FY26Q3,mgmt guide LOW (2H flat split),-0.23,5.47,-1.92,-62.1,-181,-0.101,-0.036
FY26Q3,mgmt guide MID (2H flat split),1.23,6.93,-0.46,-14.9,-43,-0.024,-0.009
FY26Q3,mgmt guide HIGH (2H flat split),2.68,8.38,0.99,32.0,93,+0.052,+0.019
