contractSymbol,lastTradeDate,strike,lastPrice,bid,ask,change,percentChange,volume,openInterest,impliedVolatility,inTheMoney,contractSize,currency
DKS261218C00065000,2026-09-14 17:08:32+00:00,65.0,68.78,70.9,74.8,0.0,0.0,100.0,100,0.9272468212890624,True,REGULAR,USD
DKS261218C00090000,2026-09-28 13:44:44+00:00,90.0,45.2,46.6,50.1,0.0,0.0,1.0,1,0.6469761865234375,True,REGULAR,USD
DKS261218C00095000,2026-09-09 13:47:33+00:00,95.0,39.6,41.9,45.4,0.0,0.0,,1,0.6159706372070313,True,REGULAR,USD
DKS261218C00100000,2026-10-02 14:14:04+00:00,100.0,36.81,37.3,40.3,0.0,0.0,5.0,86,0.5634809277343751,True,REGULAR,USD
DKS261218C00105000,2026-09-24 17:07:31+00:00,105.0,31.63,32.9,35.8,0.0,0.0,1.0,5,0.545048494873047,True,REGULAR,USD
DKS261218C00110000,2026-09-28 17:17:45+00:00,110.0,28.32,28.6,31.4,0.0,0.0,1.0,45,0.5230760583496092,True,REGULAR,USD
DKS261218C00115000,2026-09-25 16:48:07+00:00,115.0,25.4,24.7,27.2,0.0,0.0,7.0,23,0.5096484582519532,True,REGULAR,USD
DKS261218C00120000,2026-10-05 18:02:18+00:00,120.0,22.2,22.2,23.4,1.2000008,5.714289,5.0,183,0.5302781347656251,True,REGULAR,USD
DKS261218C00125000,2026-10-02 19:25:24+00:00,125.0,19.68,17.6,20.0,0.0,0.0,4.0,100,0.5481612567138674,True,REGULAR,USD
DKS261218C00130000,2026-10-05 19:05:45+00:00,130.0,16.1,15.8,16.9,-0.539999,-3.2451866,20.0,320,0.5136767382812499,True,REGULAR,USD
DKS261218C00135000,2026-10-02 19:37:29+00:00,135.0,13.5,12.5,14.1,0.0,0.0,7.0,446,0.5267991656494142,True,REGULAR,USD
DKS261218C00140000,2026-10-05 19:27:00+00:00,140.0,11.08,10.9,11.8,-0.42000008,-3.6521745,9.0,658,0.5065967309570312,False,REGULAR,USD
DKS261218C00145000,2026-10-05 19:17:44+00:00,145.0,9.1,8.8,9.3,-0.25,-2.6737967,90.0,123,0.5026905200195313,False,REGULAR,USD
DKS261218C00150000,2026-10-05 19:05:50+00:00,150.0,7.27,7.1,7.5,-0.4000001,-5.2151246,16.0,492,0.497197410888672,False,REGULAR,USD
DKS261218C00155000,2026-10-05 14:19:48+00:00,155.0,4.6,5.6,6.1,-1.52,-24.836601,3.0,96,0.49750258361816413,False,REGULAR,USD
DKS261218C00160000,2026-10-02 18:52:16+00:00,160.0,4.89,4.2,5.4,0.0,0.0,4.0,178,0.5197801928710937,False,REGULAR,USD
DKS261218C00165000,2026-10-01 15:55:14+00:00,165.0,3.2,3.3,4.0,0.0,0.0,1.0,138,0.5000660345458985,False,REGULAR,USD
DKS261218C00170000,2026-10-02 19:14:03+00:00,170.0,2.99,2.05,3.2,0.0,0.0,185.0,285,0.5003712072753908,False,REGULAR,USD
DKS261218C00175000,2026-10-05 17:27:50+00:00,175.0,2.01,1.9,2.6,-0.109999895,-5.1886744,1.0,48,0.5039112109375,False,REGULAR,USD
DKS261218C00180000,2026-10-02 17:14:39+00:00,180.0,1.88,1.15,2.0,0.0,0.0,25.0,230,0.4995167236328125,False,REGULAR,USD
DKS261218C00185000,2026-10-05 19:14:37+00:00,185.0,1.4,1.2,1.45,0.049999952,3.7037,2.0,50,0.48901878173828134,False,REGULAR,USD
DKS261218C00190000,2026-09-29 18:34:08+00:00,190.0,1.2,0.05,1.5,0.0,0.0,1.0,23,0.5241746801757812,False,REGULAR,USD
DKS261218C00195000,2026-10-02 15:46:57+00:00,195.0,0.84,0.55,1.1,0.0,0.0,4.0,39,0.514653291015625,False,REGULAR,USD
DKS261218C00200000,2026-10-01 17:30:37+00:00,200.0,0.62,0.5,0.95,0.0,0.0,3.0,488,0.5249070947265625,False,REGULAR,USD
DKS261218C00210000,2026-10-02 15:47:48+00:00,210.0,0.42,0.2,0.6,0.0,0.0,1.0,104,0.5261277856445312,False,REGULAR,USD
DKS261218C00220000,2026-09-29 18:07:01+00:00,220.0,0.31,0.1,0.4,0.0,0.0,1.0,158,0.5327195166015625,False,REGULAR,USD
DKS261218C00230000,2026-09-14 19:55:24+00:00,230.0,1.89,0.0,2.25,0.0,0.0,3.0,133,0.6887238159179689,False,REGULAR,USD
DKS261218C00240000,2026-09-30 17:24:08+00:00,240.0,0.3,0.0,0.35,0.0,0.0,15.0,86,0.5419967675781252,False,REGULAR,USD
DKS261218C00250000,2026-09-29 19:58:34+00:00,250.0,0.45,0.0,0.45,0.0,0.0,3.0,202,0.5942423388671876,False,REGULAR,USD
DKS261218C00260000,2026-08-27 13:58:53+00:00,260.0,0.25,0.0,1.2,0.0,0.0,1.0,138,0.7238797143554687,False,REGULAR,USD
DKS261218C00270000,2026-09-21 15:02:17+00:00,270.0,0.14,0.0,2.1,0.0,0.0,3.0,80,0.833741896972656,False,REGULAR,USD
DKS261218C00280000,2026-09-10 19:08:41+00:00,280.0,0.05,0.0,1.2,0.0,0.0,22.0,29,0.7893087475585938,False,REGULAR,USD
DKS261218C00290000,2026-08-11 14:40:59+00:00,290.0,3.57,0.0,0.0,0.0,0.0,1.0,0,0.2500075,False,REGULAR,USD
DKS261218C00300000,2026-09-02 16:01:44+00:00,300.0,0.2,0.0,0.15,0.0,0.0,2.0,36,0.6523472265625001,False,REGULAR,USD
DKS261218C00310000,2026-08-11 16:48:33+00:00,310.0,2.07,0.0,0.0,0.0,0.0,1.0,0,0.2500075,False,REGULAR,USD
DKS261218C00320000,2026-08-21 18:52:51+00:00,320.0,0.5,0.0,0.0,0.0,0.0,1.0,0,0.2500075,False,REGULAR,USD
DKS261218C00330000,2026-07-16 18:50:29+00:00,330.0,2.71,0.0,2.5,0.0,0.0,,10,1.0473680444335938,False,REGULAR,USD
DKS261218C00340000,2026-08-07 13:30:02+00:00,340.0,0.75,0.0,0.0,0.0,0.0,1.0,0,0.500005,False,REGULAR,USD
DKS261218C00350000,2026-08-18 13:30:02+00:00,350.0,0.35,0.0,0.0,0.0,0.0,5.0,0,0.500005,False,REGULAR,USD
