GradeDate,Firm,ToGrade,FromGrade,Action,priceTargetAction,currentPriceTarget,priorPriceTarget
2026-10-01,Truist Securities,Hold,Hold,main,Lowers,128.0,135.0
2026-09-14,Baird,Neutral,Outperform,down,Announces,150.0,0.0
2026-09-09,BMO Capital,Underperform,,init,Announces,110.0,0.0
2026-08-27,Citigroup,Buy,Buy,main,Lowers,190.0,280.0
2026-08-27,UBS,Buy,Buy,main,Lowers,178.0,275.0
2026-08-26,KGI Securities,Neutral,Outperform,down,,0.0,0.0
2026-08-26,BTIG,Buy,Buy,main,Lowers,180.0,300.0
2026-08-26,Wells Fargo,Overweight,Overweight,main,Lowers,185.0,240.0
2026-08-26,DA Davidson,Buy,Buy,main,Lowers,205.0,260.0
2026-08-26,JP Morgan,Overweight,Overweight,main,Lowers,188.0,245.0
2026-08-26,Truist Securities,Hold,Buy,down,Lowers,135.0,270.0
2026-08-26,Barclays,Overweight,Overweight,main,Lowers,150.0,280.0
2026-08-26,Morgan Stanley,Overweight,Overweight,main,Lowers,180.0,270.0
2026-08-26,Telsey Advisory Group,Market Perform,Outperform,down,Lowers,145.0,255.0
2026-08-26,Oppenheimer,Outperform,Outperform,main,Lowers,150.0,270.0
2026-08-26,Goldman Sachs,Buy,Buy,main,Lowers,170.0,271.0
2026-08-26,Baird,Outperform,Outperform,main,Lowers,150.0,264.0
2026-08-26,B of A Securities,Buy,Buy,main,Lowers,200.0,245.0
2026-08-24,JP Morgan,Overweight,Overweight,main,Lowers,245.0,270.0
2026-08-17,DA Davidson,Buy,Buy,main,Maintains,260.0,260.0
2026-08-10,Wells Fargo,Overweight,Equal-Weight,up,Raises,240.0,220.0
2026-07-01,DA Davidson,Buy,Buy,main,Maintains,260.0,260.0
2026-05-28,JP Morgan,Overweight,Neutral,up,Raises,270.0,240.0
2026-05-28,Truist Securities,Buy,Buy,main,Raises,270.0,252.0
2026-05-28,Barclays,Overweight,Overweight,main,Raises,280.0,264.0
2026-05-28,Wells Fargo,Equal-Weight,Equal-Weight,main,Raises,220.0,200.0
2026-05-28,DA Davidson,Buy,Buy,main,Maintains,260.0,260.0
2026-05-28,Morgan Stanley,Overweight,Overweight,main,Raises,270.0,250.0
2026-05-28,BTIG,Buy,Buy,reit,Maintains,300.0,300.0
2026-05-27,Jefferies,Hold,Hold,main,Raises,224.0,210.0
2026-05-22,JP Morgan,Neutral,Neutral,main,Raises,240.0,228.0
2026-05-20,Telsey Advisory Group,Outperform,Outperform,main,Raises,255.0,240.0
2026-05-13,BTIG,Buy,Buy,reit,Maintains,300.0,300.0
2026-04-16,BTIG,Buy,,init,Announces,300.0,0.0
2026-03-13,Telsey Advisory Group,Outperform,Outperform,main,Lowers,240.0,245.0
2026-03-13,Barclays,Overweight,Overweight,main,Raises,264.0,242.0
2026-03-13,Truist Securities,Buy,Buy,main,Lowers,252.0,275.0
2026-03-13,Morgan Stanley,Overweight,Overweight,main,Lowers,250.0,260.0
2026-03-13,Wells Fargo,Equal-Weight,Equal-Weight,main,Lowers,200.0,225.0
2026-03-09,Telsey Advisory Group,Outperform,Outperform,main,Maintains,245.0,245.0
2026-01-15,Morgan Stanley,Overweight,Overweight,main,Raises,260.0,253.0
2026-01-12,DA Davidson,Buy,Buy,main,Raises,260.0,245.0
2025-11-28,Barclays,Overweight,Overweight,main,Lowers,242.0,246.0
2025-11-26,DA Davidson,Buy,Buy,main,Lowers,245.0,270.0
2025-11-26,TD Cowen,Hold,Hold,main,Lowers,226.0,234.0
2025-11-26,Wells Fargo,Equal-Weight,Equal-Weight,main,Raises,225.0,220.0
2025-11-26,Telsey Advisory Group,Outperform,Outperform,main,Lowers,245.0,255.0
2025-11-20,Telsey Advisory Group,Outperform,Outperform,main,Maintains,255.0,255.0
2025-10-22,DA Davidson,Buy,Buy,main,Raises,270.0,250.0
2025-10-17,Truist Securities,Buy,Buy,main,Raises,275.0,248.0
2025-09-19,Telsey Advisory Group,Outperform,Outperform,main,Maintains,255.0,255.0
2025-09-09,Citigroup,Buy,Neutral,up,Raises,280.0,225.0
2025-09-09,Telsey Advisory Group,Outperform,Outperform,main,Maintains,255.0,255.0
2025-09-08,Telsey Advisory Group,Outperform,Outperform,main,Maintains,255.0,255.0
2025-09-02,Barclays,Overweight,Overweight,main,Raises,246.0,232.0
2025-08-29,JP Morgan,Neutral,Neutral,main,Raises,235.0,195.0
2025-08-29,Oppenheimer,Outperform,Outperform,main,Maintains,270.0,270.0
2025-08-29,Morgan Stanley,Overweight,Overweight,main,Raises,253.0,232.0
2025-08-29,UBS,Buy,Buy,main,Raises,275.0,225.0
2025-08-29,Wells Fargo,Equal-Weight,Equal-Weight,main,Raises,220.0,215.0
2025-08-29,Truist Securities,Buy,Buy,main,Raises,248.0,230.0
2025-08-28,Telsey Advisory Group,Outperform,Outperform,main,Maintains,255.0,255.0
2025-08-22,Telsey Advisory Group,Outperform,Outperform,main,Raises,255.0,220.0
2025-08-14,Wells Fargo,Equal-Weight,Equal-Weight,main,Raises,215.0,187.0
2025-07-30,Loop Capital,Hold,Hold,main,Raises,215.0,180.0
2025-06-27,DA Davidson,Buy,Buy,main,Maintains,230.0,230.0
2025-06-24,B of A Securities,Buy,Buy,main,Lowers,240.0,250.0
2025-05-29,UBS,Buy,Buy,main,Lowers,225.0,260.0
2025-05-29,Barclays,Overweight,Overweight,main,Raises,232.0,217.0
2025-05-29,JP Morgan,Neutral,Neutral,main,Lowers,195.0,224.0
2025-05-29,DA Davidson,Buy,Buy,main,Lowers,230.0,273.0
2025-05-28,Telsey Advisory Group,Outperform,Outperform,main,Maintains,220.0,220.0
2025-05-16,DA Davidson,Buy,Buy,main,Maintains,273.0,273.0
2025-05-16,Loop Capital,Hold,Hold,main,Lowers,180.0,195.0
2025-05-16,Baird,Neutral,Neutral,main,Lowers,185.0,230.0
2025-05-16,Barclays,Overweight,Overweight,main,Lowers,217.0,223.0
2025-05-16,Telsey Advisory Group,Outperform,Outperform,main,Lowers,220.0,250.0
2025-05-15,Telsey Advisory Group,Outperform,Outperform,main,Maintains,250.0,250.0
2025-05-14,Wells Fargo,Equal-Weight,Equal-Weight,main,Raises,187.0,171.0
2025-05-12,Barclays,Overweight,Overweight,main,Lowers,223.0,254.0
2025-04-30,Wells Fargo,Equal-Weight,Equal-Weight,main,Lowers,171.0,205.0
2025-04-10,Stifel,Hold,Hold,main,Lowers,192.0,226.0
2025-03-14,Telsey Advisory Group,Outperform,Outperform,main,Maintains,250.0,250.0
2025-03-13,Loop Capital,Hold,Hold,main,Lowers,195.0,240.0
2025-03-12,Citigroup,Neutral,Neutral,main,Lowers,220.0,230.0
2025-03-12,DA Davidson,Buy,Buy,main,Lowers,273.0,280.0
2025-03-12,Wedbush,Neutral,Neutral,reit,Maintains,215.0,215.0
2025-03-12,Guggenheim,Neutral,Neutral,reit,,0.0,0.0
2025-03-12,Baird,Neutral,Neutral,main,Lowers,230.0,235.0
2025-03-12,Telsey Advisory Group,Outperform,Outperform,main,Lowers,250.0,260.0
2025-03-12,Stifel,Hold,Hold,main,Lowers,226.0,240.0
2025-03-12,JP Morgan,Neutral,Neutral,main,Lowers,224.0,230.0
2025-03-07,Telsey Advisory Group,Outperform,Outperform,main,Maintains,260.0,260.0
2025-03-06,Wedbush,Neutral,Neutral,reit,Maintains,215.0,215.0
2025-01-29,Argus Research,Buy,Buy,main,Raises,280.0,255.0
2025-01-21,Morgan Stanley,Overweight,Overweight,main,Raises,255.0,245.0
2025-01-08,TD Cowen,Buy,Buy,main,Raises,294.0,270.0
2024-11-27,Truist Securities,Buy,Buy,main,Raises,258.0,256.0
2024-11-27,Loop Capital,Hold,Hold,main,Raises,225.0,220.0
2024-11-27,UBS,Buy,Neutral,up,Raises,260.0,225.0
2024-11-26,Telsey Advisory Group,Outperform,Outperform,main,Maintains,260.0,260.0
2024-09-09,JP Morgan,Neutral,Neutral,main,Raises,215.0,211.0
2024-09-05,Barclays,Overweight,Overweight,main,Raises,254.0,247.0
2024-09-05,Wedbush,Neutral,Neutral,reit,Maintains,250.0,250.0
2024-09-05,DA Davidson,Buy,Buy,main,Maintains,265.0,265.0
2024-09-05,Telsey Advisory Group,Outperform,Outperform,main,Maintains,260.0,260.0
2024-09-05,B of A Securities,Buy,Buy,main,Raises,250.0,240.0
2024-09-05,Loop Capital,Hold,Hold,main,Raises,220.0,200.0
2024-09-05,Evercore ISI Group,Outperform,Outperform,main,Maintains,280.0,280.0
2024-09-05,Citigroup,Neutral,Neutral,main,Lowers,230.0,243.0
2024-09-03,TD Cowen,Buy,Buy,main,Raises,270.0,266.0
2024-08-30,Telsey Advisory Group,Outperform,Outperform,main,Raises,260.0,255.0
2024-08-28,Wedbush,Neutral,Neutral,main,Raises,250.0,230.0
2024-08-28,Baird,Neutral,Neutral,main,Maintains,235.0,235.0
2024-08-26,UBS,Neutral,Neutral,main,Raises,225.0,220.0
2024-08-12,Wells Fargo,Equal-Weight,Equal-Weight,main,Lowers,227.0,230.0
2024-08-06,Loop Capital,Hold,Hold,main,Lowers,200.0,230.0
2024-06-05,Wedbush,Neutral,Neutral,reit,Maintains,230.0,230.0
2024-05-30,Telsey Advisory Group,Outperform,Outperform,main,Raises,255.0,245.0
2024-05-30,Baird,Neutral,Neutral,main,Raises,235.0,225.0
2024-05-30,Truist Securities,Buy,Buy,main,Raises,256.0,243.0
2024-05-30,Oppenheimer,Outperform,Outperform,main,Raises,270.0,240.0
2024-05-30,Wedbush,Neutral,Neutral,main,Raises,230.0,210.0
2024-05-30,Stifel,Hold,Hold,main,Raises,232.0,215.0
2024-05-30,Morgan Stanley,Overweight,Overweight,main,Raises,245.0,235.0
2024-05-30,Evercore ISI Group,Outperform,Outperform,main,Raises,280.0,240.0
2024-05-30,UBS,Neutral,Neutral,main,Raises,220.0,215.0
2024-05-30,Wells Fargo,Equal-Weight,Equal-Weight,main,Raises,230.0,210.0
2024-05-30,JP Morgan,Neutral,Neutral,main,Raises,211.0,197.0
2024-05-30,TD Cowen,Buy,Buy,main,Raises,266.0,224.0
2024-05-30,Barclays,Overweight,Overweight,main,Raises,247.0,231.0
2024-05-30,Citigroup,Neutral,Neutral,main,Raises,230.0,220.0
2024-05-29,DA Davidson,Buy,Buy,main,Raises,265.0,250.0
2024-05-29,B of A Securities,Buy,Neutral,up,Raises,240.0,225.0
2024-05-29,Wedbush,Neutral,Neutral,main,Raises,230.0,210.0
2024-05-29,Telsey Advisory Group,Outperform,Outperform,main,Maintains,245.0,245.0
2024-05-23,Telsey Advisory Group,Outperform,Outperform,main,Maintains,245.0,245.0
2024-05-21,Wedbush,Neutral,Neutral,reit,Maintains,210.0,210.0
2024-05-21,TD Cowen,Buy,Buy,main,Lowers,224.0,226.0
2024-05-13,Barclays,Overweight,Overweight,main,Lowers,231.0,239.0
2024-04-12,Jefferies,Hold,,init,Announces,211.0,0.0
2024-03-20,Oppenheimer,Outperform,Outperform,main,Raises,240.0,190.0
2024-03-19,UBS,Neutral,Neutral,main,Raises,215.0,142.0
2024-03-18,Loop Capital,Hold,Hold,main,Raises,220.0,150.0
2024-03-18,Barclays,Overweight,Overweight,main,Raises,239.0,194.0
2024-03-15,Truist Securities,Buy,Buy,main,Raises,243.0,201.0
2024-03-15,Morgan Stanley,Overweight,Overweight,main,Raises,235.0,160.0
2024-03-15,DA Davidson,Buy,Buy,main,Raises,250.0,183.0
2024-03-15,Goldman Sachs,Buy,Buy,main,Raises,247.0,157.0
2024-03-15,Wedbush,Neutral,Neutral,main,Raises,210.0,160.0
2024-03-15,Stifel,Hold,Hold,main,Raises,215.0,126.0
2024-03-15,Evercore ISI Group,Outperform,Outperform,main,Raises,240.0,200.0
2024-03-15,Wells Fargo,Equal-Weight,Equal-Weight,main,Raises,210.0,175.0
2024-03-14,Williams Trading,Buy,Hold,up,Raises,235.0,154.0
2024-03-14,TD Cowen,Outperform,Outperform,main,Raises,226.0,177.0
2024-03-14,Telsey Advisory Group,Outperform,Outperform,main,Raises,245.0,195.0
2024-03-12,Baird,Neutral,Neutral,main,Raises,185.0,145.0
2024-03-11,Telsey Advisory Group,Outperform,Outperform,main,Raises,195.0,160.0
2024-03-11,B of A Securities,Neutral,Neutral,main,Raises,190.0,165.0
2024-03-11,Barclays,Overweight,Overweight,main,Raises,194.0,179.0
2024-03-06,Wells Fargo,Equal-Weight,Equal-Weight,main,Raises,175.0,125.0
2024-03-05,Truist Securities,Buy,Buy,main,Raises,201.0,174.0
2024-02-07,Truist Securities,Buy,Buy,main,Raises,174.0,154.0
2023-11-27,Truist Securities,Buy,Buy,reit,Maintains,154.0,0.0
2023-11-22,Citigroup,Neutral,Neutral,main,Raises,120.0,112.0
2023-11-22,Truist Securities,Buy,Buy,main,Raises,154.0,134.0
2023-11-22,Wedbush,Neutral,Neutral,main,Raises,130.0,115.0
2023-11-22,Morgan Stanley,Overweight,Overweight,main,Raises,150.0,145.0
2023-11-22,Telsey Advisory Group,Outperform,Outperform,main,Raises,145.0,140.0
2023-11-17,Truist Securities,Buy,,init,Announces,134.0,0.0
2023-11-17,Telsey Advisory Group,Outperform,Outperform,reit,Maintains,140.0,0.0
2023-11-16,Wedbush,Neutral,Neutral,reit,Maintains,115.0,0.0
2023-11-14,Morgan Stanley,Overweight,Overweight,main,Lowers,145.0,150.0
2023-08-24,JP Morgan,Neutral,Neutral,main,Lowers,128.0,144.0
2023-08-23,Telsey Advisory Group,Outperform,Outperform,main,Lowers,140.0,160.0
2023-08-23,Wedbush,Neutral,Outperform,down,Lowers,115.0,155.0
2023-08-23,Baird,Neutral,Neutral,main,Lowers,125.0,140.0
2023-08-23,Barclays,Overweight,Overweight,main,Lowers,139.0,174.0
2023-08-23,Citigroup,Neutral,Neutral,main,Lowers,118.0,153.0
2023-08-23,B of A Securities,Neutral,Buy,down,Lowers,125.0,180.0
2023-08-23,Morgan Stanley,Overweight,Overweight,main,Lowers,150.0,175.0
2023-08-23,Wells Fargo,Equal-Weight,Equal-Weight,main,Lowers,115.0,140.0
2023-08-23,Oppenheimer,Outperform,Outperform,main,Lowers,145.0,175.0
2023-08-23,Stifel,Hold,Hold,main,Lowers,123.0,141.0
2023-08-23,UBS,Neutral,Neutral,main,Lowers,130.0,160.0
2023-08-23,Goldman Sachs,Buy,Buy,main,Lowers,145.0,164.0
2023-08-23,Loop Capital,Hold,Hold,main,Lowers,115.0,135.0
2023-08-22,Telsey Advisory Group,Outperform,Outperform,reit,Maintains,160.0,0.0
2023-08-22,Stephens & Co.,Equal-Weight,Equal-Weight,reit,Maintains,141.0,0.0
2023-08-16,Wedbush,Outperform,Outperform,reit,Maintains,155.0,0.0
2023-08-15,Citigroup,Neutral,Neutral,main,Raises,153.0,135.0
2023-08-15,Telsey Advisory Group,Outperform,Outperform,reit,Maintains,160.0,0.0
2023-06-01,Telsey Advisory Group,Outperform,Outperform,reit,Maintains,160.0,0.0
2023-05-24,DA Davidson,Buy,Buy,main,Maintains,178.0,0.0
2023-05-24,Loop Capital,Hold,Hold,main,Lowers,135.0,150.0
2023-05-24,TD Cowen,Outperform,Outperform,main,Raises,171.0,160.0
2023-05-24,Wells Fargo,Equal-Weight,Equal-Weight,main,Lowers,140.0,146.0
2023-05-24,Citigroup,Neutral,Neutral,main,Lowers,135.0,144.0
2023-05-24,Telsey Advisory Group,Outperform,Outperform,reit,Maintains,160.0,0.0
2023-05-23,Telsey Advisory Group,Outperform,Outperform,reit,Maintains,160.0,0.0
2023-05-19,Telsey Advisory Group,Outperform,Outperform,main,Lowers,160.0,165.0
2023-05-12,Wedbush,Outperform,Outperform,reit,Maintains,155.0,0.0
2023-03-17,Telsey Advisory Group,Outperform,,reit,Maintains,165.0,0.0
2023-03-14,Jefferies,Hold,,init,Announces,155.0,0.0
2023-03-09,Loop Capital,Hold,,main,Raises,150.0,130.0
2023-03-08,Telsey Advisory Group,Outperform,,main,Raises,165.0,135.0
2023-03-08,Citigroup,Neutral,,main,Raises,144.0,140.0
2023-03-08,Barclays,Overweight,,main,Raises,174.0,139.0
2023-03-08,Oppenheimer,Outperform,,main,Raises,175.0,138.0
2023-03-08,Morgan Stanley,Overweight,,main,Raises,175.0,165.0
2023-03-08,B of A Securities,Buy,,main,Raises,170.0,145.0
2023-03-08,Wedbush,Outperform,,main,Raises,155.0,140.0
2023-03-08,TD Cowen,Outperform,,main,Raises,175.0,166.0
2023-03-08,DA Davidson,Buy,,main,Raises,178.0,145.0
2023-03-08,JP Morgan,Neutral,,main,Raises,148.0,125.0
2023-03-08,Evercore ISI Group,Outperform,,main,Raises,200.0,160.0
2023-03-08,Stifel,Hold,,main,Raises,157.0,112.0
2023-03-03,Telsey Advisory Group,Outperform,,reit,Maintains,135.0,0.0
2023-02-28,Citigroup,Neutral,Buy,down,Lowers,140.0,143.0
2023-02-15,Loop Capital,Hold,,init,Announces,130.0,0.0
2023-02-06,Cowen & Co.,Outperform,,main,Raises,166.0,155.0
2023-01-09,Morgan Stanley,Overweight,,main,Raises,165.0,135.0
2023-01-06,UBS,Neutral,,main,Raises,130.0,120.0
2022-11-23,Telsey Advisory Group,Outperform,,main,Raises,135.0,125.0
2022-11-23,Barclays,Overweight,,main,Raises,140.0,125.0
2022-11-23,Morgan Stanley,Overweight,,main,Raises,135.0,125.0
2022-11-23,Wedbush,Outperform,,main,Raises,140.0,130.0
2022-11-23,Wells Fargo,Equal-Weight,Equal-Weight,main,Raises,120.0,103.0
2022-11-23,Citigroup,Buy,,main,Raises,143.0,136.0
2022-10-20,Oppenheimer,Outperform,Perform,up,Announces,138.0,0.0
2022-08-24,Evercore ISI Group,Outperform,,main,Raises,160.0,120.0
2022-08-24,DA Davidson,Buy,,main,Raises,130.0,120.0
2022-08-24,UBS,Neutral,,main,Raises,112.0,102.0
2022-08-24,Cowen & Co.,Outperform,,main,Raises,142.0,128.0
2022-08-24,Morgan Stanley,Overweight,,main,Raises,125.0,115.0
2022-08-24,Goldman Sachs,Buy,,main,Raises,125.0,105.0
2022-08-24,Wells Fargo,Equal-Weight,,main,Raises,103.0,90.0
2022-08-24,Barclays,Overweight,,main,Raises,125.0,106.0
2022-08-24,Stifel,Hold,,main,Raises,100.0,84.0
2022-08-23,Baird,Neutral,,main,Raises,115.0,85.0
2022-08-19,B of A Securities,Buy,,main,Raises,125.0,105.0
2022-08-19,Telsey Advisory Group,Outperform,,main,Raises,125.0,110.0
2022-08-17,Cowen & Co.,Outperform,,main,Raises,128.0,126.0
2022-08-17,OTR Global,Positive,Mixed,up,,0.0,0.0
2022-05-27,Morgan Stanley,Overweight,,main,Lowers,115.0,145.0
2022-05-26,Stifel,Hold,,main,Lowers,75.0,113.0
2022-05-26,Wedbush,Outperform,,main,Lowers,110.0,140.0
2022-05-26,Citigroup,Buy,,main,Lowers,132.0,170.0
2022-05-26,Barclays,Overweight,,main,Lowers,106.0,134.0
2022-05-26,Gordon Haskett,Hold,Reduce,up,Announces,78.0,0.0
2022-05-26,Telsey Advisory Group,Outperform,,main,Lowers,110.0,125.0
2022-05-26,Baird,Neutral,,main,Lowers,85.0,115.0
2022-05-24,B of A Securities,Buy,,main,Lowers,130.0,160.0
2022-05-23,Telsey Advisory Group,Outperform,,main,Lowers,125.0,153.0
2022-03-24,Wells Fargo,Equal-Weight,,main,Lowers,122.0,132.0
2022-03-09,Truist Securities,Buy,,main,Raises,180.0,168.0
2022-03-09,Cowen & Co.,Outperform,,main,Raises,165.0,161.0
2022-03-09,Stephens & Co.,Equal-Weight,,main,Lowers,122.0,138.0
2022-03-09,Barclays,Overweight,,main,Lowers,147.0,156.0
