source	mode(full|delta|lines a-b)	total_lines	last_line_read	dropped_as_boilerplate(short description)	output_file	notes_chars_for_this_source
SOURCE/04_PEERS/FL/sec_filings/8-K/FL_8-K_2024-08-28_EX-99-2_EXHIBIT-99-2.md	delta	105	23 (delta file, all 23 lines)	FLS/safe-harbor, non-GAAP definitions boilerplate, conf-call dial-ins, about-company boilerplate, verbatim repeats in reference docs	WORKING_NOTES/P_FL_8K_B.md	5090
SOURCE/04_PEERS/FL/sec_filings/8-K/FL_8-K_2024-12-04.md	delta	104	15 (delta file, all 15 lines)	SEC cover checkboxes, signature blocks, exhibit index, 8-K furnished-not-filed language	WORKING_NOTES/P_FL_8K_B.md	315
SOURCE/04_PEERS/FL/sec_filings/8-K/FL_8-K_2024-12-04_EX-99-1_EXHIBIT-99-1.md	delta	399	167 (delta file, all 167 lines)	FLS/safe-harbor, non-GAAP definitions boilerplate, conf-call dial-ins, about-company boilerplate, verbatim repeats in reference docs	WORKING_NOTES/P_FL_8K_B.md	10597
SOURCE/04_PEERS/FL/sec_filings/8-K/FL_8-K_2024-12-04_EX-99-2_EXHIBIT-99-2.md	delta	209	115 (delta file, all 115 lines)	FLS/safe-harbor, non-GAAP definitions boilerplate, conf-call dial-ins, about-company boilerplate, verbatim repeats in reference docs	WORKING_NOTES/P_FL_8K_B.md	1888
SOURCE/04_PEERS/FL/sec_filings/8-K/FL_8-K_2025-01-14.md	delta	112	47 (delta file, all 47 lines)	SEC cover checkboxes, signature blocks, exhibit index, 8-K furnished-not-filed language	WORKING_NOTES/P_FL_8K_B.md	635
SOURCE/04_PEERS/FL/sec_filings/8-K/FL_8-K_2025-01-14_EX-99-1_EXHIBIT-99-1.md	delta	93	68 (delta file, all 68 lines)	FLS boilerplate	WORKING_NOTES/P_FL_8K_B.md	1592
SOURCE/04_PEERS/FL/sec_filings/8-K/FL_8-K_2025-03-05.md	delta	106	17 (delta file, all 17 lines)	SEC cover checkboxes, signature blocks, exhibit index, 8-K furnished-not-filed language	WORKING_NOTES/P_FL_8K_B.md	334
SOURCE/04_PEERS/FL/sec_filings/8-K/FL_8-K_2025-03-05_EX-99-1_EXHIBIT-99-1.md	delta	427	188 (delta file, all 188 lines)	FLS/safe-harbor, non-GAAP definitions boilerplate, conf-call dial-ins, about-company boilerplate, verbatim repeats in reference docs	WORKING_NOTES/P_FL_8K_B.md	10784
SOURCE/04_PEERS/FL/sec_filings/8-K/FL_8-K_2025-03-05_EX-99-2_EXHIBIT-99-2.md	delta	345	116 (delta file, all 116 lines)	FLS/safe-harbor, non-GAAP definitions boilerplate, conf-call dial-ins, about-company boilerplate, verbatim repeats in reference docs	WORKING_NOTES/P_FL_8K_B.md	3357
SOURCE/04_PEERS/FL/sec_filings/8-K/FL_8-K_2025-03-26.md	delta	145	53 (delta file, all 53 lines)	SEC cover checkboxes, signature blocks, exhibit index, 8-K furnished-not-filed language	WORKING_NOTES/P_FL_8K_B.md	1055
SOURCE/04_PEERS/FL/sec_filings/8-K/FL_8-K_2025-03-26_EX-99-1_EXHIBIT-99-1.md	delta	90	55 (delta file, all 55 lines)	FLS boilerplate	WORKING_NOTES/P_FL_8K_B.md	1433
SOURCE/04_PEERS/FL/sec_filings/8-K/FL_8-K_2025-05-09.md	delta	95	22 (delta file, all 22 lines)	SEC cover checkboxes, signature blocks, exhibit index, 8-K furnished-not-filed language	WORKING_NOTES/P_FL_8K_B.md	502
SOURCE/04_PEERS/FL/sec_filings/8-K/FL_8-K_2025-05-15.md	delta	240	145 (delta file, all 145 lines)	SEC cover checkboxes, signature blocks, exhibit index, 8-K furnished-not-filed language; deal FLS, S-4/where-to-find-it, participants-in-solicitation, about-company boilerplate, verbatim repeats in reference docs	WORKING_NOTES/P_FL_8K_B.md	1549
SOURCE/04_PEERS/FL/sec_filings/8-K/FL_8-K_2025-05-15_EX-99-1_EXHIBIT-99-1.md	delta	282	191 (delta file, all 191 lines)	deal FLS, S-4/where-to-find-it, participants-in-solicitation, about-company boilerplate, verbatim repeats in reference docs; non-GAAP definitions	WORKING_NOTES/P_FL_8K_B.md	3508
SOURCE/04_PEERS/FL/sec_filings/8-K/FL_8-K_2025-05-15_EX-99-2_EXHIBIT-99-2.md	delta	308	134 (delta file, all 134 lines)	deal FLS, S-4/where-to-find-it, participants-in-solicitation, about-company boilerplate, verbatim repeats in reference docs	WORKING_NOTES/P_FL_8K_B.md	3282
SOURCE/04_PEERS/FL/sec_filings/8-K/FL_8-K_2025-05-23.md	delta	162	66 (delta file, all 66 lines)	SEC cover checkboxes, signature blocks, exhibit index, 8-K furnished-not-filed language	WORKING_NOTES/P_FL_8K_B.md	1468
SOURCE/04_PEERS/FL/sec_filings/8-K/FL_8-K_2025-05-29.md	delta	98	14 (delta file, all 14 lines)	SEC cover checkboxes, signature blocks, exhibit index, 8-K furnished-not-filed language	WORKING_NOTES/P_FL_8K_B.md	264
SOURCE/04_PEERS/FL/sec_filings/8-K/FL_8-K_2025-05-29_EX-99-1_EXHIBIT-99-1.md	delta	368	136 (delta file, all 136 lines)	FLS/safe-harbor, non-GAAP definitions boilerplate, conf-call dial-ins, about-company boilerplate, verbatim repeats in reference docs	WORKING_NOTES/P_FL_8K_B.md	6178
SOURCE/04_PEERS/FL/sec_filings/8-K/FL_8-K_2025-06-23.md	delta	120	34 (delta file, all 34 lines)	SEC cover checkboxes, signature blocks, exhibit index, 8-K furnished-not-filed language	WORKING_NOTES/P_FL_8K_B.md	1058
SOURCE/04_PEERS/FL/sec_filings/8-K/FL_8-K_2025-07-24.md	delta	229	129 (delta file, all 129 lines)	SEC cover checkboxes, signature blocks, exhibit index, 8-K furnished-not-filed language; deal FLS, S-4/where-to-find-it, participants-in-solicitation, about-company boilerplate, verbatim repeats in reference docs	WORKING_NOTES/P_FL_8K_B.md	1269
SOURCE/04_PEERS/FL/sec_filings/8-K/FL_8-K_2025-08-11.md	delta	670	450 (delta file, all 450 lines)	SEC cover checkboxes, signature blocks, exhibit index, 8-K furnished-not-filed language; deal FLS, S-4/where-to-find-it, participants-in-solicitation, about-company boilerplate, verbatim repeats in reference docs	WORKING_NOTES/P_FL_8K_B.md	9633
SOURCE/04_PEERS/FL/sec_filings/8-K/FL_8-K_2025-08-22.md	delta	142	52 (delta file, all 52 lines)	SEC cover checkboxes, signature blocks, exhibit index, 8-K furnished-not-filed language	WORKING_NOTES/P_FL_8K_B.md	707
SOURCE/04_PEERS/FL/sec_filings/8-K/FL_8-K_2025-08-26.md	delta	207	49 (delta file, all 49 lines)	SEC cover checkboxes, signature blocks, exhibit index, 8-K furnished-not-filed language; deal FLS, S-4/where-to-find-it, participants-in-solicitation, about-company boilerplate, verbatim repeats in reference docs	WORKING_NOTES/P_FL_8K_B.md	725
SOURCE/04_PEERS/FL/sec_filings/8-K/FL_8-K_2025-08-26_EX-99-1_EXHIBIT-99-1.md	delta	207	144 (delta file, all 144 lines)	deal FLS, S-4/where-to-find-it, participants-in-solicitation, about-company boilerplate, verbatim repeats in reference docs	WORKING_NOTES/P_FL_8K_B.md	1064
SOURCE/04_PEERS/FL/sec_filings/8-K/FL_8-K_2025-08-27.md	delta	98	14 (delta file, all 14 lines)	SEC cover checkboxes, signature blocks, exhibit index, 8-K furnished-not-filed language	WORKING_NOTES/P_FL_8K_B.md	243
SOURCE/04_PEERS/FL/sec_filings/8-K/FL_8-K_2025-08-27_EX-99-1_EXHIBIT-99-1.md	delta	376	153 (delta file, all 153 lines)	FLS/safe-harbor, non-GAAP definitions boilerplate, conf-call dial-ins, about-company boilerplate, verbatim repeats in reference docs	WORKING_NOTES/P_FL_8K_B.md	8458
SOURCE/04_PEERS/FL/sec_filings/8-K/FL_8-K_2025-09-02.md	delta	170	23 (delta file, all 23 lines)	SEC cover checkboxes, signature blocks, exhibit index, 8-K furnished-not-filed language; deal FLS, S-4/where-to-find-it, participants-in-solicitation, about-company boilerplate, verbatim repeats in reference docs	WORKING_NOTES/P_FL_8K_B.md	322
SOURCE/04_PEERS/FL/sec_filings/8-K/FL_8-K_2025-09-02_EX-99-1_EXHIBIT-99-1.md	delta	183	50 (delta file, all 50 lines)	deal FLS, S-4/where-to-find-it, participants-in-solicitation, about-company boilerplate, verbatim repeats in reference docs	WORKING_NOTES/P_FL_8K_B.md	858
SOURCE/04_PEERS/FL/sec_filings/8-K/FL_8-K_2025-09-08.md	delta	237	123 (delta file, all 123 lines)	SEC cover checkboxes, signature blocks, exhibit index, 8-K furnished-not-filed language; Reg S-K schedule-omission note	WORKING_NOTES/P_FL_8K_B.md	2558
