source	mode	total_lines	last_line_read	dropped_as_boilerplate	output_file	notes_chars_for_this_source
SOURCE/04_PEERS/ONON/2026-02-20_BloombergIntel_ONON_On_Peers_May_Have_Gross_Margin_Upside_From_Tariff_Ruling_React.md	full	387	387	Bloomberg per-page redistribution notices; chart images (titles kept)	WORKING_NOTES/P_ONON_RESEARCH_1.md	5432
SOURCE/04_PEERS/ONON/2026-05-13_Ameriprise_ONON_ONON_Margin_Beat_Amidst_Macro_Pressure.md	full	643	643	Ameriprise research team roster, rating defs/distribution, disclaimers, QRP definitions	WORKING_NOTES/P_ONON_RESEARCH_1.md	3830
SOURCE/04_PEERS/ONON/2026-05-15_InsiderTrade_ONON_ONON_On_Holding_Ag_Allemann_David_Michael_-CEO-DIR_Bought_-B_60k_shares_-36.36.md	full	82	82	InsiderInsights marketing + legal disclaimer	WORKING_NOTES/P_ONON_RESEARCH_1.md	527
SOURCE/04_PEERS/ONON/2026-05-15_InsiderTrade_ONON_ONON_On_Holding_Ag_Bernhard_Olivier_-DIR_Bought_-B_60k_shares_-36.36.md	full	81	81	InsiderInsights marketing + legal disclaimer	WORKING_NOTES/P_ONON_RESEARCH_1.md	448
SOURCE/04_PEERS/ONON/2026-05-15_InsiderTrade_ONON_ONON_On_Holding_Ag_Coppetti_Caspar_Felix_-CEO-DIR_Bought_-B_60k_shares_-36.36.md	full	82	82	InsiderInsights marketing + legal disclaimer	WORKING_NOTES/P_ONON_RESEARCH_1.md	495
SOURCE/04_PEERS/ONON/2026-05-15_JPMorgan_ONON_On_Holding_Q1_26_Results_First_Take.md	full	753	753	JPM call dial-in, analyst cert, rating defs/distribution, legal entity disclosures (PT history kept)	WORKING_NOTES/P_ONON_RESEARCH_1.md	3293
SOURCE/04_PEERS/ONON/2026-05-17_UBS_ONON_First_Read_On_Holding_AG_-Stellar_1Q26_Report_Reiterat.md	full	1265	1265	UBS rating defs, QRR boilerplate, global/GWM/CS disclaimers (PT history kept); figure images unextractable	WORKING_NOTES/P_ONON_RESEARCH_1.md	5135
SOURCE/04_PEERS/ONON/2026-05-18_Barclays_ONON_On_Holding_AG_1Q26_Review_Global_Growth_Continues_to_D.md	full	2587	2587	Barclays event promo, TOC, PRISM generic text, chart axes, disclosure legend, rating defs, coverage list (kept DKS mention), disclaimers (PT history kept)	WORKING_NOTES/P_ONON_RESEARCH_1.md	17296
SOURCE/04_PEERS/ONON/2026-05-18_UBS_ONON_On_Holding_AG_-Compelling_LT_Growth_Runway_Reiterate.md	full	2920	2920	UBS disclaimers (python-verified identical to 07 ref), rating defs; image-only figures; PT history =same as 07	WORKING_NOTES/P_ONON_RESEARCH_1.md	12082
SOURCE/04_PEERS/ONON/2026-05-19_Needham_ONON_Gross_Margin_Drives_Q1_Upside_Top_Line_Still_Strong_Re.md	full	413	413	Needham rating distribution/defs, disclaimer, price chart axes	WORKING_NOTES/P_ONON_RESEARCH_1.md	3690
SOURCE/04_PEERS/ONON/2026-05-19_UBS_ONON_UBS_Video_On_Holding_Compelling_LT_Growth_Runway_R.md	full	1120	1120	UBS disclaimers (python-verified identical), rating defs; repeated model =same as 09	WORKING_NOTES/P_ONON_RESEARCH_1.md	1078
SOURCE/04_PEERS/ONON/2026-06-29_UBS_ONON_On_Holding_AG_-US_Run_Specialty_Channel_Weakness_Unlike.md	full	2403	2403	UBS disclaimers (python-verified identical), rating defs; financial summary python-diffed vs 09 (only valuation rows differ)	WORKING_NOTES/P_ONON_RESEARCH_1.md	3081
