period,type,period_end,fl_revenue,fl_gross_profit,fl_gm_pct_row,fl_gm_pct_gp_over_rev,fl_oi,fl_om_pct_row,fl_om_pct_oi_over_rev,fl_sga_derived,fl_sga_pct_derived,fl_sga_pct_gm_minus_om,fl_pf_comp_pct,rev_yoy_pct,gm_yoy_bps,oi_yoy_chg,two_yr_comp_stack,implied_noncomp_drag_pts,qsum_rev,qsum_gp,qsum_gm_pct,qsum_oi,qsum_rev_wtd_comp
3Q25A(stub 8wk),A,2025-11-01,930.91,214.29,,23.02,-46.33,,-4.98,260.62,28.0,,-4.7,,,,,,,,,,
4Q25A,A,2026-01-31,2175.27,544.6,,25.04,-5.89,,-0.27,550.49,25.31,,-3.4,,,,,,,,,,
1Q26A,A,2026-05-02,1787.06,498.67,27.9,27.9,17.46,0.98,0.98,481.21,26.93,26.92,0.6,,,,,,,,,,
2Q26A,A,2026-08-01,1736.93,445.77,25.66,25.66,-31.88,-1.83,-1.84,477.65,27.5,27.49,-3.6,,,,,,,,,,
3Q26E,E,2026-10-31,1738.14,425.83,24.37,24.5,-71.34,-4.11,-4.1,497.17,28.6,28.48,0.34,-6.11,135,-78.14,-4.36,-6.45,,,,,
4Q26E,E,2027-01-30,2139.45,545.03,25.63,25.48,14.0,0.37,0.65,531.03,24.82,25.26,0.97,-1.65,59,19.89,-2.43,-2.62,,,,,
1Q27E,E,2027-05-01,1749.0,489.05,27.87,27.96,18.22,1.01,1.04,470.83,26.92,26.86,1.2,-2.13,-3,0.76,1.8,-3.33,,,,,
2Q27E,E,2027-07-31,1725.35,459.09,26.46,26.61,-13.26,-0.76,-0.77,472.35,27.38,27.22,1.92,-0.67,80,18.62,-1.68,-2.59,,,,,
3Q27E,E,2027-10-30,1733.89,456.9,26.01,26.35,-22.96,-1.19,-1.32,479.86,27.68,27.2,2.75,-0.24,164,48.38,3.09,-2.99,,,,,
4Q27E,E,2028-01-29,2174.61,578.13,26.73,26.59,51.2,2.01,2.35,526.93,24.23,24.72,2.72,1.64,110,37.2,3.69,-1.08,,,,,
1Q28E,E,2028-04-29,1773.19,506.95,28.29,28.59,56.73,3.18,3.2,450.22,25.39,25.11,2.79,1.38,42,38.51,3.99,-1.41,,,,,
2Q28E,E,2028-07-29,1749.74,463.59,26.13,26.49,6.0,0.31,0.34,457.59,26.15,25.82,3.14,1.41,-33,19.26,5.06,-1.73,,,,,
3Q28E,E,2028-10-28,1722.47,490.45,27.01,28.47,10.02,0.59,0.58,480.43,27.89,26.42,3.35,-0.66,100,32.98,6.1,-4.01,,,,,
4Q28E,E,2029-02-03,2214.16,590.7,27.24,26.68,97.7,4.22,4.41,493.0,22.27,23.02,3.53,1.82,51,46.5,6.25,-1.71,,,,,
FY25A,A,,3106.18,758.89,,24.43,-52.22,,-1.68,811.11,26.11,,-3.3,,,,,,,,,,
FY26E,E,,7401.59,1911.26,25.88,25.82,-72.61,-1.04,-0.98,1983.87,26.8,,-0.34,,,,,,7401.58,1915.3,25.88,-71.76,-0.34
FY27E,E,,7366.8,1987.47,26.81,26.98,19.71,0.23,0.27,1967.76,26.71,,2.18,,,,,,7382.85,1983.17,26.86,33.2,2.18
FY28E,E,,7585.72,2084.64,27.57,27.48,108.64,1.52,1.43,1976.0,26.05,,3.22,,,,,,7459.56,2051.69,27.5,170.45,3.22
FY29E,E,,8329.76,2191.08,28.66,26.3,212.18,,2.55,1978.9,23.76,,,,,,,,,,,,
FY30E,E,,8662.95,2267.77,29.18,26.18,339.63,,3.92,1928.14,22.26,,,,,,,,,,,,
