month,source,crawl,pages,products,all_n,all_on_sale_pct,all_depth_when_on_sale_pct,all_avg_disc_pct,nat_n,nat_on_sale_pct,nat_depth_when_on_sale_pct,nat_avg_disc_pct,own_n,own_on_sale_pct,own_depth_when_on_sale_pct,own_avg_disc_pct,Nike_n,Nike_on_sale_pct,adidas_n,adidas_on_sale_pct,Jordan_n,Jordan_on_sale_pct,New_Balance_n,New_Balance_on_sale_pct,Under_Armour_n,Under_Armour_on_sale_pct,Columbia_n,Columbia_on_sale_pct,PUMA_n,PUMA_on_sale_pct,The_North_Face_n,The_North_Face_on_sale_pct,Hoka_n,Hoka_on_sale_pct,Brooks_n,Brooks_on_sale_pct
2025-08,CC,CC-MAIN-2025-33,742,15933,15933,25.7,36.3,9.3,14865,24.1,35.1,8.5,1068,47.8,45.0,21.5,3184,22.2,1230,27.0,263,22.4,162,29.0,771,26.5,349,22.1,127,39.4,345,40.9,30,23.3,31,32.3
2025-09,CC,CC-MAIN-2025-38,740,15773,15773,20.3,33.6,6.8,14695,18.9,32.3,6.1,1078,39.3,42.2,16.6,3220,14.2,1185,22.1,145,16.6,174,20.7,867,24.6,499,14.8,106,25.5,404,27.2,9,11.1,9,55.6
2025-10,CC,CC-MAIN-2025-43,698,14531,14531,21.0,33.8,7.1,13846,20.1,33.0,6.6,685,40.3,41.9,16.9,2480,19.4,1239,28.2,201,21.4,87,24.1,277,15.2,183,22.4,201,23.9,202,40.1,78,16.7,31,12.9
2025-11,CC,CC-MAIN-2025-47,412,6435,6435,21.5,34.6,7.5,6007,20.0,33.0,6.6,428,42.5,45.3,19.2,1413,23.3,296,8.8,128,19.5,28,21.4,207,20.8,161,22.4,16,6.2,118,18.6,13,30.8,22,36.4
2025-12,CC,CC-MAIN-2025-51,495,7781,7781,33.9,33.5,11.3,7285,32.9,32.7,10.8,496,48.2,40.8,19.7,1591,43.5,556,21.6,186,48.4,81,43.2,323,34.7,317,38.2,38,10.5,128,22.7,20,30.0,30,40.0
2026-07,CC,CC-MAIN-2026-30,664,14971,14971,31.2,41.3,12.9,13683,29.0,39.7,11.5,1288,54.3,49.9,27.1,3246,36.0,1263,34.0,271,49.8,99,40.4,593,31.0,270,47.8,162,56.8,298,22.8,26,30.8,63,46.0
2026-08,CC,CC-MAIN-2026-34,763,16064,16061,27.3,36.2,9.9,14800,25.1,34.6,8.7,1261,52.8,45.0,23.8,3880,24.9,1254,34.8,253,33.6,168,39.9,713,32.7,447,27.3,136,41.9,415,17.1,30,23.3,51,35.3
2026-09,CC,CC-MAIN-2026-39,639,14279,14279,26.8,37.5,10.0,12968,24.6,35.4,8.7,1311,48.5,47.8,23.2,2856,25.0,828,33.2,269,31.6,141,39.0,640,29.8,287,28.6,127,29.1,240,19.2,28,57.1,63,46.0
2025-10,WB,WB-202510,269,5466,5466,23.3,34.1,7.9,5201,22.5,32.6,7.3,265,38.1,51.0,19.5,734,25.9,554,20.0,61,9.8,30,23.3,55,18.2,85,15.3,44,45.5,26,38.5,43,25.6,17,35.3
2025-11,WB,WB-202511,133,2263,2263,22.3,34.5,7.7,2039,21.0,32.4,6.8,224,34.4,46.1,15.8,364,26.4,99,10.1,42,19.0,8,0.0,104,14.4,117,27.4,3,33.3,40,5.0,5,20.0,8,25.0
2025-12,WB,WB-202512,222,4414,4414,36.6,33.6,12.3,4086,35.7,32.9,11.7,328,47.3,40.3,19.0,721,46.7,211,25.1,85,63.5,13,38.5,119,37.0,245,45.7,26,7.7,49,26.5,9,22.2,10,60.0
