month,"Sneakerheads|comments|""foot locker""",Sneakerheads|comments|champs,"Sneakerheads|posts|""foot locker""",Sneakerheads|posts|champs,Sneakers|comments|champs,"Sneakers|posts|""foot locker""",Sneakers|posts|champs,"footlocker|comments|""foot locker""",footlocker|comments|ALL,footlocker|comments|champs,"footlocker|posts|""foot locker""",footlocker|posts|ALL,footlocker|posts|champs,"frugalmalefashion|comments|""foot locker""",frugalmalefashion|comments|champs,"frugalmalefashion|posts|""foot locker""",frugalmalefashion|posts|champs,FL_total_ex_own,Champs_total_ex_own
2024-01,0,0,0,0,0,0,0,0,10,0,0,7,0,0,18,0,1,0,19
2024-02,0,0,0,0,0,3,0,0,4,0,0,4,0,0,10,0,0,3,10
2024-03,0,0,0,0,0,4,0,6,37,0,2,13,0,0,17,0,3,4,20
2024-04,0,0,0,0,0,1,1,2,30,2,1,7,0,1,43,0,12,2,56
2024-05,0,0,0,0,0,7,4,0,28,0,1,15,0,0,8,0,0,7,12
2024-06,0,0,0,0,0,2,0,4,53,1,0,17,0,1,7,0,3,3,10
2024-07,0,0,0,0,0,0,0,2,27,0,1,13,1,0,7,0,2,0,9
2024-08,0,0,0,0,0,0,0,3,80,1,0,16,0,1,27,0,5,1,32
2024-09,0,0,0,0,0,0,0,2,39,1,1,19,0,0,9,0,1,0,10
2024-10,0,0,0,0,0,1,0,3,22,0,0,11,0,0,5,0,0,1,5
2024-11,0,0,0,0,0,2,2,2,74,0,0,29,0,1,24,0,6,3,32
2024-12,0,0,0,0,0,3,0,5,86,2,0,20,1,0,35,1,3,4,38
2025-01,0,0,0,0,0,4,0,2,26,1,5,16,0,0,17,0,2,4,19
2025-02,0,0,0,0,0,2,1,0,44,0,0,17,0,0,10,0,2,2,13
2025-03,0,0,0,0,0,0,1,2,29,1,0,9,0,0,11,0,0,0,12
2025-04,0,0,0,0,0,1,2,3,37,0,0,10,0,0,17,0,3,1,22
2025-05,0,0,0,0,0,3,7,5,141,5,6,39,0,0,15,0,1,3,23
2025-06,0,0,0,0,0,3,2,6,74,1,3,21,1,0,6,0,2,3,10
2025-07,0,0,0,0,0,2,1,1,29,1,1,11,0,0,7,0,1,2,9
2025-08,0,0,0,0,0,4,0,0,61,1,2,24,0,0,1,1,1,5,2
2025-09,0,0,0,0,0,0,2,0,17,1,1,7,0,6,15,1,4,7,21
2025-10,0,0,0,0,0,2,0,0,22,0,1,11,0,0,7,0,3,2,10
2025-11,0,0,0,0,0,8,1,2,32,0,2,24,0,1,22,0,2,9,25
2025-12,0,0,0,0,0,2,1,3,157,3,2,23,0,2,8,1,3,5,12
2026-01,0,0,0,0,0,2,0,5,43,0,2,11,0,1,11,0,1,3,12
2026-02,0,0,0,0,0,1,0,4,66,0,3,19,1,1,5,0,1,2,6
2026-03,0,0,0,0,0,1,0,1,44,0,1,13,0,0,1,2,0,3,1
2026-04,0,0,0,0,12,0,2,2,13,0,1,10,0,0,6,0,0,0,20
2026-05,0,0,0,0,13,1,0,1,60,0,2,24,0,4,2,0,1,5,16
2026-06,0,0,0,0,7,1,0,1,21,1,0,10,0,0,6,0,1,1,14
2026-07,0,0,0,0,6,0,0,0,20,0,1,18,0,0,3,0,1,0,10
2026-08,0,0,0,0,8,0,0,0,22,0,2,12,0,0,5,0,2,0,15
2026-09,0,0,0,0,6,0,0,1,17,0,0,5,0,0,0,0,0,0,6
