geography,industry,ownercode,sex,agegrp,race,ethnicity,education,firmage,firmsize,year,quarter,Emp,EmpEnd,HirA,Sep,FrmJbC,EarnBeg
04001,4591,A05,0,A00,A0,A0,E0,0,0,2004,1,,,,,,
04003,4591,A05,0,A00,A0,A0,E0,0,0,2004,1,,30,,10,,
04005,4591,A05,0,A00,A0,A0,E0,0,0,2004,1,,200,,64,,
04007,4591,A05,0,A00,A0,A0,E0,0,0,2004,1,,,,,,
04009,4591,A05,0,A00,A0,A0,E0,0,0,2004,1,,14,,,,
04013,4591,A05,0,A00,A0,A0,E0,0,0,2004,1,,5800,,1982,,
04015,4591,A05,0,A00,A0,A0,E0,0,0,2004,1,,91,,18,,
04017,4591,A05,0,A00,A0,A0,E0,0,0,2004,1,,22,,20,,
04019,4591,A05,0,A00,A0,A0,E0,0,0,2004,1,,1560,,410,,
04021,4591,A05,0,A00,A0,A0,E0,0,0,2004,1,,38,,,,
04023,4591,A05,0,A00,A0,A0,E0,0,0,2004,1,,9,,0,,
04025,4591,A05,0,A00,A0,A0,E0,0,0,2004,1,,145,,39,,
04027,4591,A05,0,A00,A0,A0,E0,0,0,2004,1,,124,,49,,
04,4591,A05,0,A00,A0,A0,E0,0,0,2004,1,,8049,,2601,,
04001,4591,A05,0,A00,A0,A0,E0,0,0,2004,2,,,0,,,706
04003,4591,A05,0,A00,A0,A0,E0,0,0,2004,2,30,28,6,7,-1,1070
04005,4591,A05,0,A00,A0,A0,E0,0,0,2004,2,200,221,96,75,21,1172
04007,4591,A05,0,A00,A0,A0,E0,0,0,2004,2,,,0,0,,586
04009,4591,A05,0,A00,A0,A0,E0,0,0,2004,2,14,13,,,-1,777
04013,4591,A05,0,A00,A0,A0,E0,0,0,2004,2,5794,5565,1304,1533,-229,1370
04015,4591,A05,0,A00,A0,A0,E0,0,0,2004,2,91,87,25,29,-4,1387
04017,4591,A05,0,A00,A0,A0,E0,0,0,2004,2,22,23,9,7,2,632
04019,4591,A05,0,A00,A0,A0,E0,0,0,2004,2,1560,1512,292,340,-48,1415
04021,4591,A05,0,A00,A0,A0,E0,0,0,2004,2,38,36,6,8,-2,1121
04023,4591,A05,0,A00,A0,A0,E0,0,0,2004,2,9,8,,,-1,856
04025,4591,A05,0,A00,A0,A0,E0,0,0,2004,2,145,137,44,52,-8,1080
04027,4591,A05,0,A00,A0,A0,E0,0,0,2004,2,124,119,26,31,-5,1155
04,4591,A05,0,A00,A0,A0,E0,0,0,2004,2,8043,7764,1811,2090,-280,1358
04001,4591,A05,0,A00,A0,A0,E0,0,0,2004,3,,,0,0,,2033
04003,4591,A05,0,A00,A0,A0,E0,0,0,2004,3,28,29,7,7,0,1062
04005,4591,A05,0,A00,A0,A0,E0,0,0,2004,3,221,228,86,79,7,1227
04007,4591,A05,0,A00,A0,A0,E0,0,0,2004,3,,,,,,548
04009,4591,A05,0,A00,A0,A0,E0,0,0,2004,3,13,14,3,,1,881
04013,4591,A05,0,A00,A0,A0,E0,0,0,2004,3,5566,5828,1866,1605,261,1389
04015,4591,A05,0,A00,A0,A0,E0,0,0,2004,3,87,73,22,36,-14,1452
04017,4591,A05,0,A00,A0,A0,E0,0,0,2004,3,23,34,18,8,11,695
04019,4591,A05,0,A00,A0,A0,E0,0,0,2004,3,1513,1599,403,317,86,1572
04021,4591,A05,0,A00,A0,A0,E0,0,0,2004,3,36,37,13,11,2,1108
04023,4591,A05,0,A00,A0,A0,E0,0,0,2004,3,8,8,6,6,0,831
04025,4591,A05,0,A00,A0,A0,E0,0,0,2004,3,137,176,81,42,38,1303
04027,4591,A05,0,A00,A0,A0,E0,0,0,2004,3,119,123,41,36,4,1119
04,4591,A05,0,A00,A0,A0,E0,0,0,2004,3,7766,8160,2547,2153,394,1407
04001,4591,A05,0,A00,A0,A0,E0,0,0,2004,4,,,0,0,,1674
04003,4591,A05,0,A00,A0,A0,E0,0,0,2004,4,29,34,14,9,5,1106
04005,4591,A05,0,A00,A0,A0,E0,0,0,2004,4,228,230,89,87,1,1369
04007,4591,A05,0,A00,A0,A0,E0,0,0,2004,4,,,,0,,513
04009,4591,A05,0,A00,A0,A0,E0,0,0,2004,4,14,14,3,3,0,945
04013,4591,A05,0,A00,A0,A0,E0,0,0,2004,4,5827,6650,2928,2105,823,1470
04015,4591,A05,0,A00,A0,A0,E0,0,0,2004,4,73,84,36,25,11,2207
04017,4591,A05,0,A00,A0,A0,E0,0,0,2004,4,34,33,23,24,0,574
04019,4591,A05,0,A00,A0,A0,E0,0,0,2004,4,1599,1756,856,699,157,1714
04021,4591,A05,0,A00,A0,A0,E0,0,0,2004,4,37,37,3,3,0,1261
04023,4591,A05,0,A00,A0,A0,E0,0,0,2004,4,8,9,,,1,919
04025,4591,A05,0,A00,A0,A0,E0,0,0,2004,4,176,180,55,51,4,1077
04027,4591,A05,0,A00,A0,A0,E0,0,0,2004,4,123,139,93,77,16,1999
04,4591,A05,0,A00,A0,A0,E0,0,0,2004,4,8158,9178,4105,3085,1020,1512
04001,4591,A05,0,A00,A0,A0,E0,0,0,2005,1,,,0,0,,1435
04003,4591,A05,0,A00,A0,A0,E0,0,0,2005,1,21,19,7,9,-2,1002
04005,4591,A05,0,A00,A0,A0,E0,0,0,2005,1,226,207,51,69,-18,1106
04007,4591,A05,0,A00,A0,A0,E0,0,0,2005,1,,,,0,,441
04009,4591,A05,0,A00,A0,A0,E0,0,0,2005,1,14,12,0,3,-3,490
04013,4591,A05,0,A00,A0,A0,E0,0,0,2005,1,7072,6359,1438,2150,-712,1246
04015,4591,A05,0,A00,A0,A0,E0,0,0,2005,1,56,66,20,11,10,1086
04017,4591,A05,0,A00,A0,A0,E0,0,0,2005,1,33,27,6,13,-7,872
04019,4591,A05,0,A00,A0,A0,E0,0,0,2005,1,1362,1286,240,317,-77,1317
04021,4591,A05,0,A00,A0,A0,E0,0,0,2005,1,32,29,5,8,-2,1396
04023,4591,A05,0,A00,A0,A0,E0,0,0,2005,1,9,12,5,,2,934
04025,4591,A05,0,A00,A0,A0,E0,0,0,2005,1,206,194,52,65,-13,1119
04027,4591,A05,0,A00,A0,A0,E0,0,0,2005,1,136,121,24,40,-15,1072
04,4591,A05,0,A00,A0,A0,E0,0,0,2005,1,9179,8343,1850,2685,-836,1243
04001,4591,A05,0,A00,A0,A0,E0,0,0,2005,2,,,0,0,,1674
04003,4591,A05,0,A00,A0,A0,E0,0,0,2005,2,19,21,,0,2,1278
04005,4591,A05,0,A00,A0,A0,E0,0,0,2005,2,207,216,91,82,9,1153
04007,4591,A05,0,A00,A0,A0,E0,0,0,2005,2,,,,0,,541
04009,4591,A05,0,A00,A0,A0,E0,0,0,2005,2,,,0,0,,555
04013,4591,A05,0,A00,A0,A0,E0,0,0,2005,2,6358,6247,1635,1746,-110,1327
04015,4591,A05,0,A00,A0,A0,E0,0,0,2005,2,66,69,23,20,4,1024
04017,4591,A05,0,A00,A0,A0,E0,0,0,2005,2,26,35,20,11,9,640
04019,4591,A05,0,A00,A0,A0,E0,0,0,2005,2,1284,1219,223,288,-64,1408
04021,4591,A05,0,A00,A0,A0,E0,0,0,2005,2,29,27,7,9,-3,1357
04023,4591,A05,0,A00,A0,A0,E0,0,0,2005,2,12,15,7,3,3,952
04025,4591,A05,0,A00,A0,A0,E0,0,0,2005,2,193,184,63,72,-9,1383
04027,4591,A05,0,A00,A0,A0,E0,0,0,2005,2,121,112,20,28,-9,1193
04,4591,A05,0,A00,A0,A0,E0,0,0,2005,2,8339,8176,2096,2260,-164,1327
04001,4591,A05,0,A00,A0,A0,E0,0,0,2005,3,,,,0,,1674
04003,4591,A05,0,A00,A0,A0,E0,0,0,2005,3,21,19,,4,-2,1193
04005,4591,A05,0,A00,A0,A0,E0,0,0,2005,3,215,211,91,95,-4,1300
04007,4591,A05,0,A00,A0,A0,E0,0,0,2005,3,,,0,,,460
04009,4591,A05,0,A00,A0,A0,E0,0,0,2005,3,,,,0,,636
04013,4591,A05,0,A00,A0,A0,E0,0,0,2005,3,6370,6516,2250,2105,146,1579
04015,4591,A05,0,A00,A0,A0,E0,0,0,2005,3,69,59,10,21,-10,1085
04017,4591,A05,0,A00,A0,A0,E0,0,0,2005,3,35,34,10,12,-2,1013
04019,4591,A05,0,A00,A0,A0,E0,0,0,2005,3,1189,1210,296,275,21,1659
04021,4591,A05,0,A00,A0,A0,E0,0,0,2005,3,27,28,7,6,1,1249
04023,4591,A05,0,A00,A0,A0,E0,0,0,2005,3,15,13,,5,-2,1377
04025,4591,A05,0,A00,A0,A0,E0,0,0,2005,3,184,182,74,76,-2,1460
04027,4591,A05,0,A00,A0,A0,E0,0,0,2005,3,110,114,41,37,4,1312
04,4591,A05,0,A00,A0,A0,E0,0,0,2005,3,8264,8415,2787,2636,151,1564
04001,4591,A05,0,A00,A0,A0,E0,0,0,2005,4,,,,,,789
04003,4591,A05,0,A00,A0,A0,E0,0,0,2005,4,19,21,9,7,2,1458
04005,4591,A05,0,A00,A0,A0,E0,0,0,2005,4,211,228,84,67,18,1290
04007,4591,A05,0,A00,A0,A0,E0,0,0,2005,4,13,12,4,5,-1,535
04009,4591,A05,0,A00,A0,A0,E0,0,0,2005,4,,,0,,,620
04013,4591,A05,0,A00,A0,A0,E0,0,0,2005,4,6510,7464,3723,2769,954,1421
04015,4591,A05,0,A00,A0,A0,E0,0,0,2005,4,59,54,10,15,-5,1049
04017,4591,A05,0,A00,A0,A0,E0,0,0,2005,4,34,27,9,16,-7,656
04019,4591,A05,0,A00,A0,A0,E0,0,0,2005,4,1208,1261,467,414,53,1588
04021,4591,A05,0,A00,A0,A0,E0,0,0,2005,4,28,29,9,8,1,1281
04023,4591,A05,0,A00,A0,A0,E0,0,0,2005,4,13,13,,,0,779
04025,4591,A05,0,A00,A0,A0,E0,0,0,2005,4,182,218,123,87,36,1854
04027,4591,A05,0,A00,A0,A0,E0,0,0,2005,4,114,149,124,88,36,1350
04,4591,A05,0,A00,A0,A0,E0,0,0,2005,4,8407,9493,4565,3479,1086,1439
04001,4591,A05,0,A00,A0,A0,E0,0,0,2006,1,,,,,,1228
04003,4591,A05,0,A00,A0,A0,E0,0,0,2006,1,22,20,4,6,-2,1307
04005,4591,A05,0,A00,A0,A0,E0,0,0,2006,1,229,249,76,56,20,1215
04007,4591,A05,0,A00,A0,A0,E0,0,0,2006,1,12,15,4,,3,1007
04009,4591,A05,0,A00,A0,A0,E0,0,0,2006,1,12,9,,5,-2,494
04013,4591,A05,0,A00,A0,A0,E0,0,0,2006,1,7315,6781,1870,2405,-534,1204
04015,4591,A05,0,A00,A0,A0,E0,0,0,2006,1,51,58,13,6,7,1196
04017,4591,A05,0,A00,A0,A0,E0,0,0,2006,1,27,23,12,16,-4,659
04019,4591,A05,0,A00,A0,A0,E0,0,0,2006,1,1317,1260,292,349,-57,1390
04021,4591,A05,0,A00,A0,A0,E0,0,0,2006,1,33,46,16,4,12,1295
04023,4591,A05,0,A00,A0,A0,E0,0,0,2006,1,25,33,21,13,8,870
04025,4591,A05,0,A00,A0,A0,E0,0,0,2006,1,220,226,67,62,5,1376
04027,4591,A05,0,A00,A0,A0,E0,0,0,2006,1,152,130,34,56,-22,1263
04,4591,A05,0,A00,A0,A0,E0,0,0,2006,1,9419,8855,2415,2979,-564,1232
04001,4591,A05,0,A00,A0,A0,E0,0,0,2006,2,,,0,0,,1171
04003,4591,A05,0,A00,A0,A0,E0,0,0,2006,2,23,24,7,6,1,1377
04005,4591,A05,0,A00,A0,A0,E0,0,0,2006,2,249,264,96,81,16,1206
04007,4591,A05,0,A00,A0,A0,E0,0,0,2006,2,15,15,,,0,929
04009,4591,A05,0,A00,A0,A0,E0,0,0,2006,2,9,13,7,3,4,708
04013,4591,A05,0,A00,A0,A0,E0,0,0,2006,2,6935,6841,2153,2247,-94,1400
04015,4591,A05,0,A00,A0,A0,E0,0,0,2006,2,59,64,21,16,4,1031
04017,4591,A05,0,A00,A0,A0,E0,0,0,2006,2,23,37,21,7,14,634
04019,4591,A05,0,A00,A0,A0,E0,0,0,2006,2,1272,1282,303,293,10,1529
04021,4591,A05,0,A00,A0,A0,E0,0,0,2006,2,46,49,13,10,3,1287
04023,4591,A05,0,A00,A0,A0,E0,0,0,2006,2,34,34,13,12,1,890
04025,4591,A05,0,A00,A0,A0,E0,0,0,2006,2,227,208,49,68,-19,1370
04027,4591,A05,0,A00,A0,A0,E0,0,0,2006,2,134,135,45,43,1,1519
04,4591,A05,0,A00,A0,A0,E0,0,0,2006,2,9031,8971,2729,2789,-60,1405
04001,4591,A05,0,A00,A0,A0,E0,0,0,2006,3,,,0,0,,1539
04003,4591,A05,0,A00,A0,A0,E0,0,0,2006,3,23,23,10,11,-1,1290
04005,4591,A05,0,A00,A0,A0,E0,0,0,2006,3,264,255,74,83,-9,1214
04007,4591,A05,0,A00,A0,A0,E0,0,0,2006,3,15,14,,,-1,752
04009,4591,A05,0,A00,A0,A0,E0,0,0,2006,3,13,12,,,0,541
04013,4591,A05,0,A00,A0,A0,E0,0,0,2006,3,6794,7212,2721,2303,418,1305
04015,4591,A05,0,A00,A0,A0,E0,0,0,2006,3,64,66,18,16,2,1082
04017,4591,A05,0,A00,A0,A0,E0,0,0,2006,3,37,33,10,15,-4,914
04019,4591,A05,0,A00,A0,A0,E0,0,0,2006,3,1297,1319,354,332,22,1629
04021,4591,A05,0,A00,A0,A0,E0,0,0,2006,3,49,43,8,15,-7,1131
04023,4591,A05,0,A00,A0,A0,E0,0,0,2006,3,34,58,33,10,23,1099
04025,4591,A05,0,A00,A0,A0,E0,0,0,2006,3,208,235,69,42,27,1561
04027,4591,A05,0,A00,A0,A0,E0,0,0,2006,3,135,140,51,46,5,1269
04,4591,A05,0,A00,A0,A0,E0,0,0,2006,3,8939,9413,3351,2877,474,1347
04001,4591,A05,0,A00,A0,A0,E0,0,0,2006,4,,,0,,,1182
04003,4591,A05,0,A00,A0,A0,E0,0,0,2006,4,23,28,11,5,6,1523
04005,4591,A05,0,A00,A0,A0,E0,0,0,2006,4,255,265,89,79,10,1407
04007,4591,A05,0,A00,A0,A0,E0,0,0,2006,4,14,12,,4,-3,1486
04009,4591,A05,0,A00,A0,A0,E0,0,0,2006,4,,,0,,,491
04011,4591,A05,0,A00,A0,A0,E0,0,0,2006,4,,,,,,782
04013,4591,A05,0,A00,A0,A0,E0,0,0,2006,4,7212,8095,4094,3211,883,1491
04015,4591,A05,0,A00,A0,A0,E0,0,0,2006,4,66,75,23,13,10,1381
04017,4591,A05,0,A00,A0,A0,E0,0,0,2006,4,33,29,15,19,-4,694
04019,4591,A05,0,A00,A0,A0,E0,0,0,2006,4,1319,1461,565,422,143,1670
04021,4591,A05,0,A00,A0,A0,E0,0,0,2006,4,43,53,22,12,10,1459
04023,4591,A05,0,A00,A0,A0,E0,0,0,2006,4,58,60,31,29,2,1095
04025,4591,A05,0,A00,A0,A0,E0,0,0,2006,4,179,197,76,58,18,2548
04027,4591,A05,0,A00,A0,A0,E0,0,0,2006,4,140,159,87,68,19,1323
04,4591,A05,0,A00,A0,A0,E0,0,0,2006,4,9359,10451,5015,3924,1092,1522
04001,4591,A05,0,A00,A0,A0,E0,0,0,2007,1,,,0,0,,1434
04003,4591,A05,0,A00,A0,A0,E0,0,0,2007,1,28,28,4,4,-1,1311
04005,4591,A05,0,A00,A0,A0,E0,0,0,2007,1,269,262,53,60,-7,1115
04007,4591,A05,0,A00,A0,A0,E0,0,0,2007,1,,,0,0,,598
04009,4591,A05,0,A00,A0,A0,E0,0,0,2007,1,14,14,7,7,0,430
04013,4591,A05,0,A00,A0,A0,E0,0,0,2007,1,8065,7120,1561,2506,-945,1274
04015,4591,A05,0,A00,A0,A0,E0,0,0,2007,1,75,77,20,18,2,1231
04017,4591,A05,0,A00,A0,A0,E0,0,0,2007,1,29,23,18,24,-6,929
04019,4591,A05,0,A00,A0,A0,E0,0,0,2007,1,1465,1381,266,349,-84,1332
04021,4591,A05,0,A00,A0,A0,E0,0,0,2007,1,53,54,11,9,1,1253
04023,4591,A05,0,A00,A0,A0,E0,0,0,2007,1,60,51,8,16,-9,798
04025,4591,A05,0,A00,A0,A0,E0,0,0,2007,1,166,170,39,36,4,1441
04027,4591,A05,0,A00,A0,A0,E0,0,0,2007,1,159,143,31,47,-16,1270
04,4591,A05,0,A00,A0,A0,E0,0,0,2007,1,10398,9338,2018,3078,-1060,1275
04001,4591,A05,0,A00,A0,A0,E0,0,0,2007,2,,,,,,1006
04003,4591,A05,0,A00,A0,A0,E0,0,0,2007,2,28,30,8,6,2,1472
04005,4591,A05,0,A00,A0,A0,E0,0,0,2007,2,261,261,87,87,0,1222
04007,4591,A05,0,A00,A0,A0,E0,0,0,2007,2,,,0,0,,570
04009,4591,A05,0,A00,A0,A0,E0,0,0,2007,2,14,14,5,5,0,546
04013,4591,A05,0,A00,A0,A0,E0,0,0,2007,2,7121,7335,2577,2363,214,1351
04015,4591,A05,0,A00,A0,A0,E0,0,0,2007,2,77,78,22,22,1,1489
04017,4591,A05,0,A00,A0,A0,E0,0,0,2007,2,25,38,22,9,13,820
04019,4591,A05,0,A00,A0,A0,E0,0,0,2007,2,1382,1355,324,351,-27,1416
04021,4591,A05,0,A00,A0,A0,E0,0,0,2007,2,54,50,21,25,-4,1463
04023,4591,A05,0,A00,A0,A0,E0,0,0,2007,2,51,60,33,23,9,1046
04025,4591,A05,0,A00,A0,A0,E0,0,0,2007,2,170,169,35,36,-1,1322
04027,4591,A05,0,A00,A0,A0,E0,0,0,2007,2,143,122,29,50,-21,1200
04,4591,A05,0,A00,A0,A0,E0,0,0,2007,2,9342,9524,3164,2981,183,1351
04001,4591,A05,0,A00,A0,A0,E0,0,0,2007,3,,,0,0,,1674
04003,4591,A05,0,A00,A0,A0,E0,0,0,2007,3,30,29,5,6,-1,1247
04005,4591,A05,0,A00,A0,A0,E0,0,0,2007,3,261,265,92,88,4,1248
04007,4591,A05,0,A00,A0,A0,E0,0,0,2007,3,11,11,,,0,384
04009,4591,A05,0,A00,A0,A0,E0,0,0,2007,3,14,15,3,,1,692
04013,4591,A05,0,A00,A0,A0,E0,0,0,2007,3,7331,7714,2821,2437,384,1306
04015,4591,A05,0,A00,A0,A0,E0,0,0,2007,3,78,81,17,15,3,1349
04017,4591,A05,0,A00,A0,A0,E0,0,0,2007,3,38,40,9,7,2,1026
04019,4591,A05,0,A00,A0,A0,E0,0,0,2007,3,1356,1376,324,305,19,1550
04021,4591,A05,0,A00,A0,A0,E0,0,0,2007,3,46,44,11,14,-3,1635
04023,4591,A05,0,A00,A0,A0,E0,0,0,2007,3,60,63,20,17,3,1103
04025,4591,A05,0,A00,A0,A0,E0,0,0,2007,3,169,169,38,38,0,1372
04027,4591,A05,0,A00,A0,A0,E0,0,0,2007,3,122,123,35,34,1,1459
04,4591,A05,0,A00,A0,A0,E0,0,0,2007,3,9518,9930,3379,2966,412,1339
04001,4591,A05,0,A00,A0,A0,E0,0,0,2007,4,,,,0,,1435
04003,4591,A05,0,A00,A0,A0,E0,0,0,2007,4,29,29,12,12,0,1478
04005,4591,A05,0,A00,A0,A0,E0,0,0,2007,4,263,276,133,120,12,1083
04007,4591,A05,0,A00,A0,A0,E0,0,0,2007,4,11,13,5,,2,1150
04009,4591,A05,0,A00,A0,A0,E0,0,0,2007,4,15,18,7,3,3,717
04013,4591,A05,0,A00,A0,A0,E0,0,0,2007,4,7738,8875,3918,2781,1137,1823
04015,4591,A05,0,A00,A0,A0,E0,0,0,2007,4,80,77,21,24,-4,1431
04017,4591,A05,0,A00,A0,A0,E0,0,0,2007,4,40,32,17,25,-8,749
04019,4591,A05,0,A00,A0,A0,E0,0,0,2007,4,1374,1565,586,395,190,2081
04021,4591,A05,0,A00,A0,A0,E0,0,0,2007,4,44,48,18,13,5,1599
04023,4591,A05,0,A00,A0,A0,E0,0,0,2007,4,64,64,27,26,0,1313
04025,4591,A05,0,A00,A0,A0,E0,0,0,2007,4,169,176,61,53,7,1862
04027,4591,A05,0,A00,A0,A0,E0,0,0,2007,4,123,151,83,55,28,1543
04,4591,A05,0,A00,A0,A0,E0,0,0,2007,4,9951,11329,4890,3512,1378,1821
04001,4591,A05,0,A00,A0,A0,E0,0,0,2008,1,,,0,0,,1674
04003,4591,A05,0,A00,A0,A0,E0,0,0,2008,1,29,26,6,9,-3,1346
04005,4591,A05,0,A00,A0,A0,E0,0,0,2008,1,275,280,78,73,5,1127
04007,4591,A05,0,A00,A0,A0,E0,0,0,2008,1,13,13,6,6,-1,311
04009,4591,A05,0,A00,A0,A0,E0,0,0,2008,1,18,16,,4,-2,563
04013,4591,A05,0,A00,A0,A0,E0,0,0,2008,1,8854,7812,1594,2636,-1042,1285
04015,4591,A05,0,A00,A0,A0,E0,0,0,2008,1,82,83,17,17,0,1354
04017,4591,A05,0,A00,A0,A0,E0,0,0,2008,1,32,19,15,28,-13,1248
04019,4591,A05,0,A00,A0,A0,E0,0,0,2008,1,1543,1358,231,416,-185,1294
04021,4591,A05,0,A00,A0,A0,E0,0,0,2008,1,48,71,33,10,22,1418
04023,4591,A05,0,A00,A0,A0,E0,0,0,2008,1,64,72,26,18,8,1039
04025,4591,A05,0,A00,A0,A0,E0,0,0,2008,1,136,136,24,24,0,1153
04027,4591,A05,0,A00,A0,A0,E0,0,0,2008,1,148,123,13,38,-25,1220
04,4591,A05,0,A00,A0,A0,E0,0,0,2008,1,11245,10008,2043,3280,-1237,1278
04001,4591,A05,0,A00,A0,A0,E0,0,0,2008,2,,0,0,,,837
04003,4591,A05,0,A00,A0,A0,E0,0,0,2008,2,26,29,6,3,3,1357
04005,4591,A05,0,A00,A0,A0,E0,0,0,2008,2,275,266,87,96,-9,1214
04007,4591,A05,0,A00,A0,A0,E0,0,0,2008,2,13,12,3,4,-1,434
04009,4591,A05,0,A00,A0,A0,E0,0,0,2008,2,16,21,6,,5,637
04013,4591,A05,0,A00,A0,A0,E0,0,0,2008,2,7798,7265,1618,2151,-533,1416
04015,4591,A05,0,A00,A0,A0,E0,0,0,2008,2,83,90,37,29,7,1354
04017,4591,A05,0,A00,A0,A0,E0,0,0,2008,2,19,36,25,8,17,1381
04019,4591,A05,0,A00,A0,A0,E0,0,0,2008,2,1327,1303,240,264,-24,1490
04021,4591,A05,0,A00,A0,A0,E0,0,0,2008,2,71,53,13,31,-19,1467
04023,4591,A05,0,A00,A0,A0,E0,0,0,2008,2,31,34,6,3,3,1264
04025,4591,A05,0,A00,A0,A0,E0,0,0,2008,2,177,162,39,53,-14,1111
04027,4591,A05,0,A00,A0,A0,E0,0,0,2008,2,123,113,18,27,-10,1305
04,4591,A05,0,A00,A0,A0,E0,0,0,2008,2,9959,9382,2096,2673,-577,1411
04003,4591,A05,0,A00,A0,A0,E0,0,0,2008,3,28,29,5,4,1,1348
04005,4591,A05,0,A00,A0,A0,E0,0,0,2008,3,272,264,77,85,-8,1365
04007,4591,A05,0,A00,A0,A0,E0,0,0,2008,3,12,11,0,,-1,536
04009,4591,A05,0,A00,A0,A0,E0,0,0,2008,3,21,11,0,9,-9,573
04013,4591,A05,0,A00,A0,A0,E0,0,0,2008,3,7256,7366,1930,1820,110,1405
04015,4591,A05,0,A00,A0,A0,E0,0,0,2008,3,90,100,39,29,10,1158
04017,4591,A05,0,A00,A0,A0,E0,0,0,2008,3,36,29,4,11,-7,1152
04019,4591,A05,0,A00,A0,A0,E0,0,0,2008,3,1328,1357,284,254,29,1579
04021,4591,A05,0,A00,A0,A0,E0,0,0,2008,3,53,54,13,12,1,1718
04023,4591,A05,0,A00,A0,A0,E0,0,0,2008,3,34,33,6,7,-1,1516
04025,4591,A05,0,A00,A0,A0,E0,0,0,2008,3,162,177,67,52,15,1056
04027,4591,A05,0,A00,A0,A0,E0,0,0,2008,3,113,113,27,27,0,1371
04,4591,A05,0,A00,A0,A0,E0,0,0,2008,3,9403,9543,2451,2312,140,1418
04003,4591,A05,0,A00,A0,A0,E0,0,0,2008,4,32,29,13,15,-2,1565
04005,4591,A05,0,A00,A0,A0,E0,0,0,2008,4,264,274,95,85,10,1446
04007,4591,A05,0,A00,A0,A0,E0,0,0,2008,4,11,9,,,-1,509
04009,4591,A05,0,A00,A0,A0,E0,0,0,2008,4,16,14,,4,-2,587
04013,4591,A05,0,A00,A0,A0,E0,0,0,2008,4,7490,8457,2928,1961,967,1500
04015,4591,A05,0,A00,A0,A0,E0,0,0,2008,4,100,95,21,26,-5,1159
04017,4591,A05,0,A00,A0,A0,E0,0,0,2008,4,31,44,28,15,13,1060
04019,4591,A05,0,A00,A0,A0,E0,0,0,2008,4,1358,1433,429,353,75,1575
04021,4591,A05,0,A00,A0,A0,E0,0,0,2008,4,54,57,12,9,3,1619
04023,4591,A05,0,A00,A0,A0,E0,0,0,2008,4,37,37,6,7,-1,1315
04025,4591,A05,0,A00,A0,A0,E0,0,0,2008,4,162,147,36,52,-15,1219
04027,4591,A05,0,A00,A0,A0,E0,0,0,2008,4,113,150,69,31,37,1538
04,4591,A05,0,A00,A0,A0,E0,0,0,2008,4,9667,10746,3639,2561,1079,1497
04003,4591,A05,0,A00,A0,A0,E0,0,0,2009,1,29,30,3,,0,1582
04005,4591,A05,0,A00,A0,A0,E0,0,0,2009,1,259,247,43,55,-12,1263
04007,4591,A05,0,A00,A0,A0,E0,0,0,2009,1,9,11,4,3,1,478
04009,4591,A05,0,A00,A0,A0,E0,0,0,2009,1,14,21,9,,8,705
04013,4591,A05,0,A00,A0,A0,E0,0,0,2009,1,8553,7325,853,2081,-1228,1275
04015,4591,A05,0,A00,A0,A0,E0,0,0,2009,1,88,81,18,25,-7,1033
04017,4591,A05,0,A00,A0,A0,E0,0,0,2009,1,44,25,6,26,-20,843
04019,4591,A05,0,A00,A0,A0,E0,0,0,2009,1,1375,1255,173,294,-120,1328
04021,4591,A05,0,A00,A0,A0,E0,0,0,2009,1,57,55,7,8,-1,1649
04023,4591,A05,0,A00,A0,A0,E0,0,0,2009,1,37,33,4,8,-3,842
04025,4591,A05,0,A00,A0,A0,E0,0,0,2009,1,148,148,28,28,0,1082
04027,4591,A05,0,A00,A0,A0,E0,0,0,2009,1,155,125,12,42,-30,1220
04,4591,A05,0,A00,A0,A0,E0,0,0,2009,1,10769,9355,1160,2573,-1413,1274
04003,4591,A05,0,A00,A0,A0,E0,0,0,2009,2,30,31,4,2,2,1624
04005,4591,A05,0,A00,A0,A0,E0,0,0,2009,2,247,257,81,71,10,1405
04007,4591,A05,0,A00,A0,A0,E0,0,0,2009,2,11,12,,0,1,555
04009,4591,A05,0,A00,A0,A0,E0,0,0,2009,2,21,20,3,5,-1,791
04013,4591,A05,0,A00,A0,A0,E0,0,0,2009,2,7331,6404,946,1874,-928,1413
04015,4591,A05,0,A00,A0,A0,E0,0,0,2009,2,81,85,25,21,4,1141
04017,4591,A05,0,A00,A0,A0,E0,0,0,2009,2,25,63,44,6,38,821
04019,4591,A05,0,A00,A0,A0,E0,0,0,2009,2,1257,1210,185,232,-47,1439
04021,4591,A05,0,A00,A0,A0,E0,0,0,2009,2,56,55,9,10,0,1855
04023,4591,A05,0,A00,A0,A0,E0,0,0,2009,2,33,33,6,7,-1,1095
04025,4591,A05,0,A00,A0,A0,E0,0,0,2009,2,148,142,27,32,-6,1132
04027,4591,A05,0,A00,A0,A0,E0,0,0,2009,2,125,119,14,21,-6,1369
04,4591,A05,0,A00,A0,A0,E0,0,0,2009,2,9364,8430,1346,2280,-934,1407
04003,4591,A05,0,A00,A0,A0,E0,0,0,2009,3,31,39,11,3,8,1585
04005,4591,A05,0,A00,A0,A0,E0,0,0,2009,3,257,250,74,80,-7,1349
04007,4591,A05,0,A00,A0,A0,E0,0,0,2009,3,12,10,0,2,-2,559
04009,4591,A05,0,A00,A0,A0,E0,0,0,2009,3,20,23,4,,2,773
04013,4591,A05,0,A00,A0,A0,E0,0,0,2009,3,6403,6384,1123,1141,-19,1452
04015,4591,A05,0,A00,A0,A0,E0,0,0,2009,3,85,78,19,26,-7,1088
04017,4591,A05,0,A00,A0,A0,E0,0,0,2009,3,63,51,12,25,-12,868
04019,4591,A05,0,A00,A0,A0,E0,0,0,2009,3,1210,1215,177,171,6,1478
04021,4591,A05,0,A00,A0,A0,E0,0,0,2009,3,55,56,7,7,0,1834
04023,4591,A05,0,A00,A0,A0,E0,0,0,2009,3,33,34,,,1,1078
04025,4591,A05,0,A00,A0,A0,E0,0,0,2009,3,142,125,31,48,-17,1387
04027,4591,A05,0,A00,A0,A0,E0,0,0,2009,3,119,116,12,15,-3,1451
04,4591,A05,0,A00,A0,A0,E0,0,0,2009,3,8429,8379,1471,1520,-49,1442
04003,4591,A05,0,A00,A0,A0,E0,0,0,2009,4,39,39,11,11,0,1462
04005,4591,A05,0,A00,A0,A0,E0,0,0,2009,4,250,249,66,68,-2,1265
04007,4591,A05,0,A00,A0,A0,E0,0,0,2009,4,10,8,3,5,-2,509
04009,4591,A05,0,A00,A0,A0,E0,0,0,2009,4,23,21,3,5,-2,832
04013,4591,A05,0,A00,A0,A0,E0,0,0,2009,4,6386,7847,3216,1755,1461,1608
04015,4591,A05,0,A00,A0,A0,E0,0,0,2009,4,78,78,20,20,0,1242
04017,4591,A05,0,A00,A0,A0,E0,0,0,2009,4,51,45,21,27,-6,822
04019,4591,A05,0,A00,A0,A0,E0,0,0,2009,4,1216,1294,349,271,78,1704
04021,4591,A05,0,A00,A0,A0,E0,0,0,2009,4,56,60,14,10,4,1616
04023,4591,A05,0,A00,A0,A0,E0,0,0,2009,4,34,34,7,7,0,1142
04025,4591,A05,0,A00,A0,A0,E0,0,0,2009,4,125,132,39,32,7,1505
04027,4591,A05,0,A00,A0,A0,E0,0,0,2009,4,116,133,56,39,17,1731
04,4591,A05,0,A00,A0,A0,E0,0,0,2009,4,8382,9938,3804,2248,1555,1598
04003,4591,A05,0,A00,A0,A0,E0,0,0,2010,1,39,39,5,5,0,1221
04005,4591,A05,0,A00,A0,A0,E0,0,0,2010,1,240,213,19,45,-27,1130
04007,4591,A05,0,A00,A0,A0,E0,0,0,2010,1,,,,,,428
04009,4591,A05,0,A00,A0,A0,E0,0,0,2010,1,21,19,,,-2,776
04013,4591,A05,0,A00,A0,A0,E0,0,0,2010,1,7856,7224,770,1403,-632,1301
04015,4591,A05,0,A00,A0,A0,E0,0,0,2010,1,78,80,17,15,2,1130
04017,4591,A05,0,A00,A0,A0,E0,0,0,2010,1,43,34,6,16,-10,1049
04019,4591,A05,0,A00,A0,A0,E0,0,0,2010,1,1308,1271,186,222,-36,1327
04021,4591,A05,0,A00,A0,A0,E0,0,0,2010,1,73,71,10,11,-1,2149
04023,4591,A05,0,A00,A0,A0,E0,0,0,2010,1,19,16,,5,-4,953
04025,4591,A05,0,A00,A0,A0,E0,0,0,2010,1,135,132,16,19,-3,1163
04027,4591,A05,0,A00,A0,A0,E0,0,0,2010,1,135,123,11,23,-12,1302
04,4591,A05,0,A00,A0,A0,E0,0,0,2010,1,9952,9225,1042,1768,-726,1300
04003,4591,A05,0,A00,A0,A0,E0,0,0,2010,2,39,32,7,13,-6,1213
04005,4591,A05,0,A00,A0,A0,E0,0,0,2010,2,216,234,80,61,18,1409
04007,4591,A05,0,A00,A0,A0,E0,0,0,2010,2,4,7,3,0,3,433
04009,4591,A05,0,A00,A0,A0,E0,0,0,2010,2,19,18,4,5,-1,848
04013,4591,A05,0,A00,A0,A0,E0,0,0,2010,2,7227,7031,1212,1408,-196,1458
04015,4591,A05,0,A00,A0,A0,E0,0,0,2010,2,77,79,18,16,2,1184
04017,4591,A05,0,A00,A0,A0,E0,0,0,2010,2,34,47,28,14,14,1014
04019,4591,A05,0,A00,A0,A0,E0,0,0,2010,2,1265,1237,181,208,-28,1469
04021,4591,A05,0,A00,A0,A0,E0,0,0,2010,2,71,74,13,11,2,2494
04023,4591,A05,0,A00,A0,A0,E0,0,0,2010,2,16,16,5,5,0,1186
04025,4591,A05,0,A00,A0,A0,E0,0,0,2010,2,132,129,17,21,-3,1317
04027,4591,A05,0,A00,A0,A0,E0,0,0,2010,2,123,120,14,17,-3,1488
04,4591,A05,0,A00,A0,A0,E0,0,0,2010,2,9221,9024,1582,1779,-198,1458
04003,4591,A05,0,A00,A0,A0,E0,0,0,2010,3,32,32,10,10,0,1308
04005,4591,A05,0,A00,A0,A0,E0,0,0,2010,3,234,242,76,68,8,1426
04007,4591,A05,0,A00,A0,A0,E0,0,0,2010,3,7,10,,0,2,636
04009,4591,A05,0,A00,A0,A0,E0,0,0,2010,3,18,20,5,3,1,925
04013,4591,A05,0,A00,A0,A0,E0,0,0,2010,3,7031,7140,1350,1241,109,1425
04015,4591,A05,0,A00,A0,A0,E0,0,0,2010,3,79,77,16,19,-2,1003
04017,4591,A05,0,A00,A0,A0,E0,0,0,2010,3,47,43,10,14,-4,786
04019,4591,A05,0,A00,A0,A0,E0,0,0,2010,3,1232,1215,167,184,-17,1595
04021,4591,A05,0,A00,A0,A0,E0,0,0,2010,3,74,74,8,8,0,2413
04023,4591,A05,0,A00,A0,A0,E0,0,0,2010,3,16,18,3,,2,1202
04025,4591,A05,0,A00,A0,A0,E0,0,0,2010,3,129,120,22,30,-8,2046
04027,4591,A05,0,A00,A0,A0,E0,0,0,2010,3,120,123,17,13,3,1420
04,4591,A05,0,A00,A0,A0,E0,0,0,2010,3,9019,9114,1685,1591,94,1455
04003,4591,A05,0,A00,A0,A0,E0,0,0,2010,4,32,40,17,9,8,1578
04005,4591,A05,0,A00,A0,A0,E0,0,0,2010,4,242,233,71,80,-9,1338
04007,4591,A05,0,A00,A0,A0,E0,0,0,2010,4,10,5,0,5,-5,328
04009,4591,A05,0,A00,A0,A0,E0,0,0,2010,4,20,17,3,7,-3,787
04013,4591,A05,0,A00,A0,A0,E0,0,0,2010,4,7146,8036,2705,1814,890,1608
04015,4591,A05,0,A00,A0,A0,E0,0,0,2010,4,77,88,29,18,11,1172
04017,4591,A05,0,A00,A0,A0,E0,0,0,2010,4,43,35,16,25,-8,681
04019,4591,A05,0,A00,A0,A0,E0,0,0,2010,4,1215,1303,405,317,88,1721
04021,4591,A05,0,A00,A0,A0,E0,0,0,2010,4,74,79,20,15,5,2629
04023,4591,A05,0,A00,A0,A0,E0,0,0,2010,4,18,18,3,4,0,1234
04025,4591,A05,0,A00,A0,A0,E0,0,0,2010,4,120,125,25,21,5,2731
04027,4591,A05,0,A00,A0,A0,E0,0,0,2010,4,123,152,77,47,29,1777
04,4591,A05,0,A00,A0,A0,E0,0,0,2010,4,9119,10129,3371,2361,1010,1630
04003,4591,A05,0,A00,A0,A0,E0,0,0,2011,1,40,38,8,9,-2,1185
04005,4591,A05,0,A00,A0,A0,E0,0,0,2011,1,227,231,52,49,3,1259
04007,4591,A05,0,A00,A0,A0,E0,0,0,2011,1,,,0,,,456
04009,4591,A05,0,A00,A0,A0,E0,0,0,2011,1,17,13,,5,-3,757
04013,4591,A05,0,A00,A0,A0,E0,0,0,2011,1,8093,7454,927,1566,-639,1347
04015,4591,A05,0,A00,A0,A0,E0,0,0,2011,1,83,82,15,16,-1,1078
04017,4591,A05,0,A00,A0,A0,E0,0,0,2011,1,42,42,24,24,0,1128
04019,4591,A05,0,A00,A0,A0,E0,0,0,2011,1,1318,1203,168,282,-115,1365
04021,4591,A05,0,A00,A0,A0,E0,0,0,2011,1,79,79,9,9,0,2377
04023,4591,A05,0,A00,A0,A0,E0,0,0,2011,1,18,15,,3,-2,1035
04025,4591,A05,0,A00,A0,A0,E0,0,0,2011,1,125,124,25,26,-2,1903
04027,4591,A05,0,A00,A0,A0,E0,0,0,2011,1,159,135,9,34,-25,1201
04,4591,A05,0,A00,A0,A0,E0,0,0,2011,1,10213,9426,1239,2025,-786,1354
04003,4591,A05,0,A00,A0,A0,E0,0,0,2011,2,38,38,5,5,0,1484
04005,4591,A05,0,A00,A0,A0,E0,0,0,2011,2,231,239,74,66,9,1373
04007,4591,A05,0,A00,A0,A0,E0,0,0,2011,2,11,14,6,3,2,552
04009,4591,A05,0,A00,A0,A0,E0,0,0,2011,2,13,14,,,1,1279
04013,4591,A05,0,A00,A0,A0,E0,0,0,2011,2,7455,7225,1192,1422,-230,1517
04015,4591,A05,0,A00,A0,A0,E0,0,0,2011,2,82,78,18,23,-4,1194
04017,4591,A05,0,A00,A0,A0,E0,0,0,2011,2,42,69,36,8,28,1387
04019,4591,A05,0,A00,A0,A0,E0,0,0,2011,2,1204,1210,233,227,6,1546
04021,4591,A05,0,A00,A0,A0,E0,0,0,2011,2,80,79,13,14,-1,2497
04023,4591,A05,0,A00,A0,A0,E0,0,0,2011,2,15,17,3,,2,1228
04025,4591,A05,0,A00,A0,A0,E0,0,0,2011,2,124,130,25,18,6,1291
04027,4591,A05,0,A00,A0,A0,E0,0,0,2011,2,135,125,19,29,-10,1621
04,4591,A05,0,A00,A0,A0,E0,0,0,2011,2,9430,9238,1626,1818,-192,1519
04003,4591,A05,0,A00,A0,A0,E0,0,0,2011,3,38,34,6,9,-4,1484
04005,4591,A05,0,A00,A0,A0,E0,0,0,2011,3,237,243,84,78,6,1336
04007,4591,A05,0,A00,A0,A0,E0,0,0,2011,3,14,13,3,5,-1,838
04009,4591,A05,0,A00,A0,A0,E0,0,0,2011,3,14,16,6,4,2,1121
04013,4591,A05,0,A00,A0,A0,E0,0,0,2011,3,7225,7410,1655,1469,186,1543
04015,4591,A05,0,A00,A0,A0,E0,0,0,2011,3,78,85,36,29,7,1206
04017,4591,A05,0,A00,A0,A0,E0,0,0,2011,3,69,63,13,19,-6,1023
04019,4591,A05,0,A00,A0,A0,E0,0,0,2011,3,1209,1203,193,200,-7,1579
04021,4591,A05,0,A00,A0,A0,E0,0,0,2011,3,79,82,14,10,3,2668
04023,4591,A05,0,A00,A0,A0,E0,0,0,2011,3,17,17,5,5,0,1110
04025,4591,A05,0,A00,A0,A0,E0,0,0,2011,3,130,129,25,25,-1,1191
04027,4591,A05,0,A00,A0,A0,E0,0,0,2011,3,125,112,26,40,-14,1525
04,4591,A05,0,A00,A0,A0,E0,0,0,2011,3,9234,9407,2067,1894,173,1538
04003,4591,A05,0,A00,A0,A0,E0,0,0,2011,4,34,36,12,11,1,1389
04005,4591,A05,0,A00,A0,A0,E0,0,0,2011,4,241,234,74,82,-8,1268
04007,4591,A05,0,A00,A0,A0,E0,0,0,2011,4,13,11,0,,-1,784
04009,4591,A05,0,A00,A0,A0,E0,0,0,2011,4,16,13,5,8,-2,1253
04013,4591,A05,0,A00,A0,A0,E0,0,0,2011,4,7405,8281,2796,1920,876,1523
04015,4591,A05,0,A00,A0,A0,E0,0,0,2011,4,85,80,19,24,-5,1200
04017,4591,A05,0,A00,A0,A0,E0,0,0,2011,4,63,66,30,27,4,945
04019,4591,A05,0,A00,A0,A0,E0,0,0,2011,4,1202,1285,399,315,83,1580
04021,4591,A05,0,A00,A0,A0,E0,0,0,2011,4,82,86,23,19,4,2652
04023,4591,A05,0,A00,A0,A0,E0,0,0,2011,4,17,18,4,3,1,1223
04025,4591,A05,0,A00,A0,A0,E0,0,0,2011,4,129,133,24,21,3,2947
04027,4591,A05,0,A00,A0,A0,E0,0,0,2011,4,111,125,78,64,14,1302
04,4591,A05,0,A00,A0,A0,E0,0,0,2011,4,9399,10369,3464,2494,970,1541
04003,4591,A05,0,A00,A0,A0,E0,0,0,2012,1,36,31,8,12,-4,1278
04005,4591,A05,0,A00,A0,A0,E0,0,0,2012,1,233,229,48,52,-4,1219
04007,4591,A05,0,A00,A0,A0,E0,0,0,2012,1,11,15,7,3,3,716
04009,4591,A05,0,A00,A0,A0,E0,0,0,2012,1,13,12,3,4,-1,1514
04013,4591,A05,0,A00,A0,A0,E0,0,0,2012,1,8180,7431,997,1746,-749,1497
04015,4591,A05,0,A00,A0,A0,E0,0,0,2012,1,82,82,14,14,0,1304
04017,4591,A05,0,A00,A0,A0,E0,0,0,2012,1,66,50,17,33,-16,1187
04019,4591,A05,0,A00,A0,A0,E0,0,0,2012,1,1269,1191,183,260,-77,1507
04021,4591,A05,0,A00,A0,A0,E0,0,0,2012,1,86,89,17,13,4,2598
04023,4591,A05,0,A00,A0,A0,E0,0,0,2012,1,19,19,4,4,0,1117
04025,4591,A05,0,A00,A0,A0,E0,0,0,2012,1,143,138,24,29,-5,1989
04027,4591,A05,0,A00,A0,A0,E0,0,0,2012,1,125,133,41,33,8,1106
04,4591,A05,0,A00,A0,A0,E0,0,0,2012,1,10263,9422,1363,2203,-840,1498
04003,4591,A05,0,A00,A0,A0,E0,0,0,2012,2,31,30,7,8,-1,1335
04005,4591,A05,0,A00,A0,A0,E0,0,0,2012,2,230,240,86,76,10,1368
04007,4591,A05,0,A00,A0,A0,E0,0,0,2012,2,15,17,7,5,2,927
04009,4591,A05,0,A00,A0,A0,E0,0,0,2012,2,12,12,,,-1,1504
04013,4591,A05,0,A00,A0,A0,E0,0,0,2012,2,7437,7394,1408,1451,-43,1543
04015,4591,A05,0,A00,A0,A0,E0,0,0,2012,2,82,77,22,27,-5,1254
04017,4591,A05,0,A00,A0,A0,E0,0,0,2012,2,50,70,38,18,20,1122
04019,4591,A05,0,A00,A0,A0,E0,0,0,2012,2,1193,1177,184,200,-16,1545
04021,4591,A05,0,A00,A0,A0,E0,0,0,2012,2,90,86,10,14,-4,2344
04023,4591,A05,0,A00,A0,A0,E0,0,0,2012,2,19,18,3,3,-1,1179
04025,4591,A05,0,A00,A0,A0,E0,0,0,2012,2,138,138,22,22,0,1240
04027,4591,A05,0,A00,A0,A0,E0,0,0,2012,2,133,125,26,34,-8,1508
04,4591,A05,0,A00,A0,A0,E0,0,0,2012,2,9432,9386,1814,1860,-46,1534
04003,4591,A05,0,A00,A0,A0,E0,0,0,2012,3,30,35,8,4,4,1405
04005,4591,A05,0,A00,A0,A0,E0,0,0,2012,3,240,265,86,60,25,1354
04007,4591,A05,0,A00,A0,A0,E0,0,0,2012,3,17,17,4,4,0,801
04009,4591,A05,0,A00,A0,A0,E0,0,0,2012,3,12,13,5,4,1,1387
04013,4591,A05,0,A00,A0,A0,E0,0,0,2012,3,7397,7625,1657,1428,228,1498
04015,4591,A05,0,A00,A0,A0,E0,0,0,2012,3,77,75,22,24,-2,1161
04017,4591,A05,0,A00,A0,A0,E0,0,0,2012,3,71,68,20,22,-3,1132
04019,4591,A05,0,A00,A0,A0,E0,0,0,2012,3,1177,1191,190,176,14,1637
04021,4591,A05,0,A00,A0,A0,E0,0,0,2012,3,86,80,8,14,-6,2358
04023,4591,A05,0,A00,A0,A0,E0,0,0,2012,3,18,17,3,4,-1,1158
04025,4591,A05,0,A00,A0,A0,E0,0,0,2012,3,135,148,31,18,13,1244
04027,4591,A05,0,A00,A0,A0,E0,0,0,2012,3,125,131,30,24,6,1395
04,4591,A05,0,A00,A0,A0,E0,0,0,2012,3,9386,9666,2064,1784,280,1507
04003,4591,A05,0,A00,A0,A0,E0,0,0,2012,4,35,36,7,6,1,1380
04005,4591,A05,0,A00,A0,A0,E0,0,0,2012,4,265,263,69,72,-2,1398
04007,4591,A05,0,A00,A0,A0,E0,0,0,2012,4,17,13,,5,-4,965
04009,4591,A05,0,A00,A0,A0,E0,0,0,2012,4,13,16,5,,3,1186
04013,4591,A05,0,A00,A0,A0,E0,0,0,2012,4,7627,8619,2869,1876,992,1556
04015,4591,A05,0,A00,A0,A0,E0,0,0,2012,4,75,84,33,25,8,1108
04017,4591,A05,0,A00,A0,A0,E0,0,0,2012,4,68,65,29,33,-4,1035
04019,4591,A05,0,A00,A0,A0,E0,0,0,2012,4,1191,1294,362,260,102,1665
04021,4591,A05,0,A00,A0,A0,E0,0,0,2012,4,80,77,20,23,-3,2759
04023,4591,A05,0,A00,A0,A0,E0,0,0,2012,4,17,20,5,3,2,1163
04025,4591,A05,0,A00,A0,A0,E0,0,0,2012,4,148,131,28,44,-16,4331
04027,4591,A05,0,A00,A0,A0,E0,0,0,2012,4,131,172,87,46,41,1804
04,4591,A05,0,A00,A0,A0,E0,0,0,2012,4,9668,10789,3516,2395,1121,1611
04003,4591,A05,0,A00,A0,A0,E0,0,0,2013,1,33,30,5,9,-3,1325
04005,4591,A05,0,A00,A0,A0,E0,0,0,2013,1,263,260,73,76,-3,1338
04007,4591,A05,0,A00,A0,A0,E0,0,0,2013,1,13,17,6,,3,1013
04009,4591,A05,0,A00,A0,A0,E0,0,0,2013,1,16,15,,,-1,1170
04013,4591,A05,0,A00,A0,A0,E0,0,0,2013,1,8675,7963,1280,1992,-713,1490
04015,4591,A05,0,A00,A0,A0,E0,0,0,2013,1,84,88,26,22,5,1304
04017,4591,A05,0,A00,A0,A0,E0,0,0,2013,1,51,37,11,26,-15,1026
04019,4591,A05,0,A00,A0,A0,E0,0,0,2013,1,1314,1227,175,263,-87,1449
04021,4591,A05,0,A00,A0,A0,E0,0,0,2013,1,61,63,10,7,3,1687
04023,4591,A05,0,A00,A0,A0,E0,0,0,2013,1,31,21,0,10,-10,895
04025,4591,A05,0,A00,A0,A0,E0,0,0,2013,1,133,129,19,23,-4,1158
04027,4591,A05,0,A00,A0,A0,E0,0,0,2013,1,172,139,13,46,-33,1238
04,4591,A05,0,A00,A0,A0,E0,0,0,2013,1,10846,9989,1619,2477,-858,1468
04003,4591,A05,0,A00,A0,A0,E0,0,0,2013,2,30,31,9,9,1,1732
04005,4591,A05,0,A00,A0,A0,E0,0,0,2013,2,260,263,84,81,3,1437
04007,4591,A05,0,A00,A0,A0,E0,0,0,2013,2,17,22,10,4,5,1131
04009,4591,A05,0,A00,A0,A0,E0,0,0,2013,2,15,13,,3,-2,999
04013,4591,A05,0,A00,A0,A0,E0,0,0,2013,2,7922,7647,1337,1612,-275,1553
04015,4591,A05,0,A00,A0,A0,E0,0,0,2013,2,88,81,23,30,-7,1152
04017,4591,A05,0,A00,A0,A0,E0,0,0,2013,2,37,56,27,8,19,924
04019,4591,A05,0,A00,A0,A0,E0,0,0,2013,2,1267,1225,190,232,-42,1515
04021,4591,A05,0,A00,A0,A0,E0,0,0,2013,2,63,64,17,17,0,1818
04023,4591,A05,0,A00,A0,A0,E0,0,0,2013,2,21,24,5,,3,1293
04025,4591,A05,0,A00,A0,A0,E0,0,0,2013,2,129,141,36,24,12,1303
04027,4591,A05,0,A00,A0,A0,E0,0,0,2013,2,139,125,22,35,-14,1531
04,4591,A05,0,A00,A0,A0,E0,0,0,2013,2,9988,9692,1761,2057,-296,1536
04003,4591,A05,0,A00,A0,A0,E0,0,0,2013,3,31,38,16,9,7,1540
04005,4591,A05,0,A00,A0,A0,E0,0,0,2013,3,264,264,70,70,0,1324
04007,4591,A05,0,A00,A0,A0,E0,0,0,2013,3,22,24,4,,2,1191
04009,4591,A05,0,A00,A0,A0,E0,0,0,2013,3,13,16,7,3,4,1308
04013,4591,A05,0,A00,A0,A0,E0,0,0,2013,3,7765,8148,1942,1558,384,1557
04015,4591,A05,0,A00,A0,A0,E0,0,0,2013,3,81,80,25,26,-1,1356
04017,4591,A05,0,A00,A0,A0,E0,0,0,2013,3,56,47,12,21,-9,880
04019,4591,A05,0,A00,A0,A0,E0,0,0,2013,3,1227,1232,191,185,6,1552
04021,4591,A05,0,A00,A0,A0,E0,0,0,2013,3,64,66,10,8,2,1788
04023,4591,A05,0,A00,A0,A0,E0,0,0,2013,3,24,26,6,4,2,1314
04025,4591,A05,0,A00,A0,A0,E0,0,0,2013,3,141,160,52,33,19,1227
04027,4591,A05,0,A00,A0,A0,E0,0,0,2013,3,125,132,26,20,6,1861
04,4591,A05,0,A00,A0,A0,E0,0,0,2013,3,9812,10234,2361,1939,422,1544
04003,4591,A05,0,A00,A0,A0,E0,0,0,2013,4,38,42,12,8,4,1573
04005,4591,A05,0,A00,A0,A0,E0,0,0,2013,4,264,266,62,60,2,1517
04007,4591,A05,0,A00,A0,A0,E0,0,0,2013,4,24,20,,6,-4,1426
04009,4591,A05,0,A00,A0,A0,E0,0,0,2013,4,16,24,14,7,7,1193
04012,4591,A05,0,A00,A0,A0,E0,0,0,2013,4,0,,,0,,
04013,4591,A05,0,A00,A0,A0,E0,0,0,2013,4,8150,9229,2891,1812,1079,1596
04015,4591,A05,0,A00,A0,A0,E0,0,0,2013,4,80,97,35,19,16,1241
04017,4591,A05,0,A00,A0,A0,E0,0,0,2013,4,47,55,29,21,7,828
04019,4591,A05,0,A00,A0,A0,E0,0,0,2013,4,1233,1376,392,249,143,1662
04021,4591,A05,0,A00,A0,A0,E0,0,0,2013,4,66,82,24,8,16,1710
04023,4591,A05,0,A00,A0,A0,E0,0,0,2013,4,26,28,6,4,2,1360
04025,4591,A05,0,A00,A0,A0,E0,0,0,2013,4,160,159,42,43,-1,2745
04027,4591,A05,0,A00,A0,A0,E0,0,0,2013,4,132,162,69,39,30,2219
04,4591,A05,0,A00,A0,A0,E0,0,0,2013,4,10236,11539,3578,2274,1303,1621
04003,4591,A05,0,A00,A0,A0,E0,0,0,2014,1,47,38,6,14,-9,1543
04005,4591,A05,0,A00,A0,A0,E0,0,0,2014,1,273,265,50,58,-8,1311
04007,4591,A05,0,A00,A0,A0,E0,0,0,2014,1,20,23,3,0,3,1205
04009,4591,A05,0,A00,A0,A0,E0,0,0,2014,1,24,17,,7,-6,920
04012,4591,A05,0,A00,A0,A0,E0,0,0,2014,1,,,0,0,,2239
04013,4591,A05,0,A00,A0,A0,E0,0,0,2014,1,9230,8151,1002,2081,-1079,1486
04015,4591,A05,0,A00,A0,A0,E0,0,0,2014,1,91,96,38,33,5,1260
04017,4591,A05,0,A00,A0,A0,E0,0,0,2014,1,55,37,8,25,-18,927
04019,4591,A05,0,A00,A0,A0,E0,0,0,2014,1,1426,1284,180,322,-142,1495
04021,4591,A05,0,A00,A0,A0,E0,0,0,2014,1,82,63,8,27,-20,1487
04023,4591,A05,0,A00,A0,A0,E0,0,0,2014,1,28,22,,8,-6,1250
04025,4591,A05,0,A00,A0,A0,E0,0,0,2014,1,161,151,29,39,-10,1175
04027,4591,A05,0,A00,A0,A0,E0,0,0,2014,1,162,137,16,41,-24,1359
04,4591,A05,0,A00,A0,A0,E0,0,0,2014,1,11599,10285,1342,2656,-1313,1471
04003,4591,A05,0,A00,A0,A0,E0,0,0,2014,2,38,40,7,5,2,1500
04005,4591,A05,0,A00,A0,A0,E0,0,0,2014,2,265,261,86,90,-4,1337
04007,4591,A05,0,A00,A0,A0,E0,0,0,2014,2,23,21,5,7,-2,1124
04009,4591,A05,0,A00,A0,A0,E0,0,0,2014,2,17,15,,5,-2,1099
04011,4591,A05,0,A00,A0,A0,E0,0,0,2014,2,0,,,0,,
04012,4591,A05,0,A00,A0,A0,E0,0,0,2014,2,,,,,,2239
04013,4591,A05,0,A00,A0,A0,E0,0,0,2014,2,8141,8050,1334,1425,-91,1552
04015,4591,A05,0,A00,A0,A0,E0,0,0,2014,2,96,97,29,27,1,1170
04017,4591,A05,0,A00,A0,A0,E0,0,0,2014,2,37,53,21,5,16,951
04019,4591,A05,0,A00,A0,A0,E0,0,0,2014,2,1284,1294,210,199,10,1563
04021,4591,A05,0,A00,A0,A0,E0,0,0,2014,2,63,60,6,9,-2,1653
04023,4591,A05,0,A00,A0,A0,E0,0,0,2014,2,22,24,5,3,2,1201
04025,4591,A05,0,A00,A0,A0,E0,0,0,2014,2,150,157,37,30,6,1391
04027,4591,A05,0,A00,A0,A0,E0,0,0,2014,2,137,136,22,24,-2,1593
04,4591,A05,0,A00,A0,A0,E0,0,0,2014,2,10274,10210,1766,1829,-63,1539
04003,4591,A05,0,A00,A0,A0,E0,0,0,2014,3,40,48,12,4,8,1764
04005,4591,A05,0,A00,A0,A0,E0,0,0,2014,3,261,270,70,61,10,1255
04007,4591,A05,0,A00,A0,A0,E0,0,0,2014,3,21,17,,6,-4,1324
04009,4591,A05,0,A00,A0,A0,E0,0,0,2014,3,15,21,8,,6,1258
04011,4591,A05,0,A00,A0,A0,E0,0,0,2014,3,,,0,0,,872
04012,4591,A05,0,A00,A0,A0,E0,0,0,2014,3,,,,,,2163
04013,4591,A05,0,A00,A0,A0,E0,0,0,2014,3,8045,8175,1671,1541,130,1551
04015,4591,A05,0,A00,A0,A0,E0,0,0,2014,3,97,93,17,21,-4,1305
04017,4591,A05,0,A00,A0,A0,E0,0,0,2014,3,53,60,13,6,6,1030
04019,4591,A05,0,A00,A0,A0,E0,0,0,2014,3,1293,1337,249,205,44,1604
04021,4591,A05,0,A00,A0,A0,E0,0,0,2014,3,60,58,12,14,-2,1728
04023,4591,A05,0,A00,A0,A0,E0,0,0,2014,3,24,31,8,,7,1375
04025,4591,A05,0,A00,A0,A0,E0,0,0,2014,3,157,159,33,31,2,1268
04027,4591,A05,0,A00,A0,A0,E0,0,0,2014,3,136,137,24,22,2,1495
04,4591,A05,0,A00,A0,A0,E0,0,0,2014,3,10204,10408,2119,1916,203,1541
04003,4591,A05,0,A00,A0,A0,E0,0,0,2014,4,47,43,9,13,-4,1416
04005,4591,A05,0,A00,A0,A0,E0,0,0,2014,4,270,274,71,67,4,1346
04007,4591,A05,0,A00,A0,A0,E0,0,0,2014,4,17,19,3,,2,1158
04009,4591,A05,0,A00,A0,A0,E0,0,0,2014,4,21,24,11,7,4,997
04011,4591,A05,0,A00,A0,A0,E0,0,0,2014,4,,,0,0,,896
04012,4591,A05,0,A00,A0,A0,E0,0,0,2014,4,,,0,0,,2007
04013,4591,A05,0,A00,A0,A0,E0,0,0,2014,4,8175,8798,2880,2256,623,1646
04015,4591,A05,0,A00,A0,A0,E0,0,0,2014,4,92,99,26,18,8,1319
04017,4591,A05,0,A00,A0,A0,E0,0,0,2014,4,60,59,26,26,0,779
04019,4591,A05,0,A00,A0,A0,E0,0,0,2014,4,1338,1347,362,353,9,1662
04021,4591,A05,0,A00,A0,A0,E0,0,0,2014,4,58,69,22,12,11,1787
04023,4591,A05,0,A00,A0,A0,E0,0,0,2014,4,31,30,5,6,-1,1180
04025,4591,A05,0,A00,A0,A0,E0,0,0,2014,4,159,176,53,36,17,2848
04027,4591,A05,0,A00,A0,A0,E0,0,0,2014,4,137,128,77,86,-9,2097
04,4591,A05,0,A00,A0,A0,E0,0,0,2014,4,10406,11068,3544,2882,662,1653
04003,4591,A05,0,A00,A0,A0,E0,0,0,2015,1,43,42,7,9,-2,1396
04005,4591,A05,0,A00,A0,A0,E0,0,0,2015,1,278,268,53,63,-10,1217
04007,4591,A05,0,A00,A0,A0,E0,0,0,2015,1,19,18,,3,-1,955
04009,4591,A05,0,A00,A0,A0,E0,0,0,2015,1,24,22,4,6,-2,1140
04011,4591,A05,0,A00,A0,A0,E0,0,0,2015,1,,,0,0,,872
04012,4591,A05,0,A00,A0,A0,E0,0,0,2015,1,,,0,0,,2234
04013,4591,A05,0,A00,A0,A0,E0,0,0,2015,1,8656,7961,1393,2089,-695,1562
04015,4591,A05,0,A00,A0,A0,E0,0,0,2015,1,99,96,25,29,-3,1357
04017,4591,A05,0,A00,A0,A0,E0,0,0,2015,1,59,40,12,31,-19,998
04019,4591,A05,0,A00,A0,A0,E0,0,0,2015,1,1321,1264,262,318,-57,1552
04021,4591,A05,0,A00,A0,A0,E0,0,0,2015,1,69,64,10,15,-5,1655
04023,4591,A05,0,A00,A0,A0,E0,0,0,2015,1,30,30,5,5,0,1308
04025,4591,A05,0,A00,A0,A0,E0,0,0,2015,1,193,190,30,33,-3,1646
04027,4591,A05,0,A00,A0,A0,E0,0,0,2015,1,128,110,16,34,-18,1567
04,4591,A05,0,A00,A0,A0,E0,0,0,2015,1,10921,10107,1821,2635,-814,1546
04003,4591,A05,0,A00,A0,A0,E0,0,0,2015,2,41,40,5,6,-1,1453
04005,4591,A05,0,A00,A0,A0,E0,0,0,2015,2,268,270,79,76,2,1320
04007,4591,A05,0,A00,A0,A0,E0,0,0,2015,2,18,12,0,6,-6,1162
04009,4591,A05,0,A00,A0,A0,E0,0,0,2015,2,22,23,3,,1,979
04011,4591,A05,0,A00,A0,A0,E0,0,0,2015,2,,,0,0,,941
04012,4591,A05,0,A00,A0,A0,E0,0,0,2015,2,,,0,0,,2234
04013,4591,A05,0,A00,A0,A0,E0,0,0,2015,2,7968,8040,1586,1515,72,1595
04015,4591,A05,0,A00,A0,A0,E0,0,0,2015,2,96,89,19,26,-8,1348
04017,4591,A05,0,A00,A0,A0,E0,0,0,2015,2,40,57,23,6,17,890
04019,4591,A05,0,A00,A0,A0,E0,0,0,2015,2,1259,1265,230,223,7,1567
04021,4591,A05,0,A00,A0,A0,E0,0,0,2015,2,64,62,13,15,-2,1646
04023,4591,A05,0,A00,A0,A0,E0,0,0,2015,2,30,30,7,6,1,1166
04025,4591,A05,0,A00,A0,A0,E0,0,0,2015,2,190,199,42,33,9,1680
04027,4591,A05,0,A00,A0,A0,E0,0,0,2015,2,110,123,35,23,12,1780
04,4591,A05,0,A00,A0,A0,E0,0,0,2015,2,10109,10213,2041,1937,104,1579
04003,4591,A05,0,A00,A0,A0,E0,0,0,2015,3,40,41,9,7,2,1561
04005,4591,A05,0,A00,A0,A0,E0,0,0,2015,3,270,297,87,61,27,1441
04007,4591,A05,0,A00,A0,A0,E0,0,0,2015,3,12,9,,5,-3,1416
04009,4591,A05,0,A00,A0,A0,E0,0,0,2015,3,23,27,13,9,4,886
04011,4591,A05,0,A00,A0,A0,E0,0,0,2015,3,,,0,0,,872
04012,4591,A05,0,A00,A0,A0,E0,0,0,2015,3,,,0,0,,2234
04013,4591,A05,0,A00,A0,A0,E0,0,0,2015,3,8084,8307,1771,1548,224,1602
04015,4591,A05,0,A00,A0,A0,E0,0,0,2015,3,89,78,17,27,-10,1301
04017,4591,A05,0,A00,A0,A0,E0,0,0,2015,3,57,68,29,18,11,969
04019,4591,A05,0,A00,A0,A0,E0,0,0,2015,3,1275,1316,251,209,41,1639
04021,4591,A05,0,A00,A0,A0,E0,0,0,2015,3,62,61,12,12,-1,1797
04023,4591,A05,0,A00,A0,A0,E0,0,0,2015,3,30,27,5,8,-3,1157
04025,4591,A05,0,A00,A0,A0,E0,0,0,2015,3,199,206,46,40,7,1676
04027,4591,A05,0,A00,A0,A0,E0,0,0,2015,3,123,121,28,30,-2,1709
04,4591,A05,0,A00,A0,A0,E0,0,0,2015,3,10266,10562,2270,1974,296,1597
04003,4591,A05,0,A00,A0,A0,E0,0,0,2015,4,40,39,15,16,-1,1564
04005,4591,A05,0,A00,A0,A0,E0,0,0,2015,4,297,312,88,73,15,1485
04007,4591,A05,0,A00,A0,A0,E0,0,0,2015,4,9,9,,,0,2058
04009,4591,A05,0,A00,A0,A0,E0,0,0,2015,4,27,25,7,9,-2,1121
04011,4591,A05,0,A00,A0,A0,E0,0,0,2015,4,,,0,0,,872
04012,4591,A05,0,A00,A0,A0,E0,0,0,2015,4,,,,,,2115
04013,4591,A05,0,A00,A0,A0,E0,0,0,2015,4,8306,9218,3111,2198,913,1774
04015,4591,A05,0,A00,A0,A0,E0,0,0,2015,4,78,83,38,34,4,1453
04017,4591,A05,0,A00,A0,A0,E0,0,0,2015,4,68,64,24,28,-4,933
04019,4591,A05,0,A00,A0,A0,E0,0,0,2015,4,1315,1426,412,301,111,1775
04021,4591,A05,0,A00,A0,A0,E0,0,0,2015,4,61,65,20,16,4,1874
04023,4591,A05,0,A00,A0,A0,E0,0,0,2015,4,27,30,6,3,3,1257
04025,4591,A05,0,A00,A0,A0,E0,0,0,2015,4,204,226,64,43,21,1918
04027,4591,A05,0,A00,A0,A0,E0,0,0,2015,4,121,151,72,41,30,1642
04,4591,A05,0,A00,A0,A0,E0,0,0,2015,4,10556,11654,3865,2767,1098,1756
04003,4591,A05,0,A00,A0,A0,E0,0,0,2016,1,39,38,6,7,-1,1135
04005,4591,A05,0,A00,A0,A0,E0,0,0,2016,1,312,305,51,58,-7,1267
04007,4591,A05,0,A00,A0,A0,E0,0,0,2016,1,9,8,,3,-1,1923
04009,4591,A05,0,A00,A0,A0,E0,0,0,2016,1,25,26,6,5,1,987
04011,4591,A05,0,A00,A0,A0,E0,0,0,2016,1,,,0,0,,838
04012,4591,A05,0,A00,A0,A0,E0,0,0,2016,1,,,0,,,557
04013,4591,A05,0,A00,A0,A0,E0,0,0,2016,1,9147,8276,1033,1904,-871,1488
04015,4591,A05,0,A00,A0,A0,E0,0,0,2016,1,83,81,25,27,-2,1498
04017,4591,A05,0,A00,A0,A0,E0,0,0,2016,1,64,56,20,28,-8,989
04019,4591,A05,0,A00,A0,A0,E0,0,0,2016,1,1439,1329,165,275,-110,1463
04021,4591,A05,0,A00,A0,A0,E0,0,0,2016,1,65,62,8,11,-3,1615
04023,4591,A05,0,A00,A0,A0,E0,0,0,2016,1,29,28,3,5,-1,1093
04025,4591,A05,0,A00,A0,A0,E0,0,0,2016,1,225,224,43,44,-1,2877
04027,4591,A05,0,A00,A0,A0,E0,0,0,2016,1,171,206,83,48,35,1537
04,4591,A05,0,A00,A0,A0,E0,0,0,2016,1,11614,10640,1446,2420,-974,1501
04003,4591,A05,0,A00,A0,A0,E0,0,0,2016,2,38,38,7,7,0,1202
04005,4591,A05,0,A00,A0,A0,E0,0,0,2016,2,305,292,77,90,-13,1317
04007,4591,A05,0,A00,A0,A0,E0,0,0,2016,2,8,9,,,1,1833
04009,4591,A05,0,A00,A0,A0,E0,0,0,2016,2,26,23,4,7,-3,1005
04011,4591,A05,0,A00,A0,A0,E0,0,0,2016,2,,,0,0,,969
04012,4591,A05,0,A00,A0,A0,E0,0,0,2016,2,,,0,0,,2281
04013,4591,A05,0,A00,A0,A0,E0,0,0,2016,2,8308,8055,1434,1687,-253,1642
04015,4591,A05,0,A00,A0,A0,E0,0,0,2016,2,81,78,26,28,-3,1503
04017,4591,A05,0,A00,A0,A0,E0,0,0,2016,2,56,82,36,10,26,1324
04019,4591,A05,0,A00,A0,A0,E0,0,0,2016,2,1300,1242,216,273,-58,1606
04021,4591,A05,0,A00,A0,A0,E0,0,0,2016,2,91,80,16,27,-11,1493
04023,4591,A05,0,A00,A0,A0,E0,0,0,2016,2,27,28,4,3,1,1193
04025,4591,A05,0,A00,A0,A0,E0,0,0,2016,2,193,190,40,43,-3,2269
04027,4591,A05,0,A00,A0,A0,E0,0,0,2016,2,206,194,23,35,-12,1727
04,4591,A05,0,A00,A0,A0,E0,0,0,2016,2,10639,10312,1885,2212,-327,1633
04003,4591,A05,0,A00,A0,A0,E0,0,0,2016,3,38,38,12,11,0,1305
04005,4591,A05,0,A00,A0,A0,E0,0,0,2016,3,292,306,92,79,14,1372
04007,4591,A05,0,A00,A0,A0,E0,0,0,2016,3,9,11,,0,2,1833
04009,4591,A05,0,A00,A0,A0,E0,0,0,2016,3,23,26,8,4,3,1150
04011,4591,A05,0,A00,A0,A0,E0,0,0,2016,3,,,0,0,,1036
04012,4591,A05,0,A00,A0,A0,E0,0,0,2016,3,,0,0,,,760
04013,4591,A05,0,A00,A0,A0,E0,0,0,2016,3,8077,8014,1823,1886,-63,1716
04015,4591,A05,0,A00,A0,A0,E0,0,0,2016,3,78,75,12,15,-3,1707
04017,4591,A05,0,A00,A0,A0,E0,0,0,2016,3,82,83,23,22,1,1286
04019,4591,A05,0,A00,A0,A0,E0,0,0,2016,3,1242,1215,228,255,-27,1720
04021,4591,A05,0,A00,A0,A0,E0,0,0,2016,3,81,74,12,20,-7,1435
04023,4591,A05,0,A00,A0,A0,E0,0,0,2016,3,28,28,9,8,0,1197
04025,4591,A05,0,A00,A0,A0,E0,0,0,2016,3,190,182,37,45,-8,1293
04027,4591,A05,0,A00,A0,A0,E0,0,0,2016,3,194,182,22,35,-12,1949
04,4591,A05,0,A00,A0,A0,E0,0,0,2016,3,10336,10234,2279,2381,-102,1694
04003,4591,A05,0,A00,A0,A0,E0,0,0,2016,4,38,42,12,8,4,1480
04005,4591,A05,0,A00,A0,A0,E0,0,0,2016,4,306,319,85,72,13,1338
04007,4591,A05,0,A00,A0,A0,E0,0,0,2016,4,11,9,,4,-2,1574
04009,4591,A05,0,A00,A0,A0,E0,0,0,2016,4,26,26,8,8,0,985
04011,4591,A05,0,A00,A0,A0,E0,0,0,2016,4,,,0,0,,837
04013,4591,A05,0,A00,A0,A0,E0,0,0,2016,4,8025,8999,2758,1784,973,1791
04015,4591,A05,0,A00,A0,A0,E0,0,0,2016,4,75,73,27,29,-2,1609
04017,4591,A05,0,A00,A0,A0,E0,0,0,2016,4,84,80,30,33,-4,1097
04019,4591,A05,0,A00,A0,A0,E0,0,0,2016,4,1215,1361,362,216,146,1780
04021,4591,A05,0,A00,A0,A0,E0,0,0,2016,4,74,76,21,18,2,1590
04023,4591,A05,0,A00,A0,A0,E0,0,0,2016,4,28,29,11,10,1,1204
04025,4591,A05,0,A00,A0,A0,E0,0,0,2016,4,241,252,57,46,10,1845
04027,4591,A05,0,A00,A0,A0,E0,0,0,2016,4,182,226,61,17,44,1869
04,4591,A05,0,A00,A0,A0,E0,0,0,2016,4,10305,11493,3432,2245,1188,1766
04003,4591,A05,0,A00,A0,A0,E0,0,0,2017,1,42,42,8,8,-1,1317
04005,4591,A05,0,A00,A0,A0,E0,0,0,2017,1,327,316,48,59,-12,1213
04007,4591,A05,0,A00,A0,A0,E0,0,0,2017,1,9,9,5,4,0,1660
04009,4591,A05,0,A00,A0,A0,E0,0,0,2017,1,26,23,3,6,-3,941
04011,4591,A05,0,A00,A0,A0,E0,0,0,2017,1,,,0,0,,945
04013,4591,A05,0,A00,A0,A0,E0,0,0,2017,1,9374,8211,1037,2201,-1164,1643
04015,4591,A05,0,A00,A0,A0,E0,0,0,2017,1,73,67,18,24,-6,1659
04017,4591,A05,0,A00,A0,A0,E0,0,0,2017,1,80,68,21,33,-12,1120
04019,4591,A05,0,A00,A0,A0,E0,0,0,2017,1,1322,1251,138,208,-71,1657
04021,4591,A05,0,A00,A0,A0,E0,0,0,2017,1,72,67,6,11,-5,1609
04023,4591,A05,0,A00,A0,A0,E0,0,0,2017,1,29,32,7,5,3,1258
04025,4591,A05,0,A00,A0,A0,E0,0,0,2017,1,237,228,31,41,-10,1752
04027,4591,A05,0,A00,A0,A0,E0,0,0,2017,1,192,179,10,24,-13,2008
04,4591,A05,0,A00,A0,A0,E0,0,0,2017,1,11785,10493,1331,2624,-1292,1634
04003,4591,A05,0,A00,A0,A0,E0,0,0,2017,2,42,43,8,7,1,1430
04005,4591,A05,0,A00,A0,A0,E0,0,0,2017,2,316,336,93,73,20,1407
04007,4591,A05,0,A00,A0,A0,E0,0,0,2017,2,9,10,,,1,1452
04009,4591,A05,0,A00,A0,A0,E0,0,0,2017,2,23,21,5,8,-2,1036
04011,4591,A05,0,A00,A0,A0,E0,0,0,2017,2,,,0,0,,848
04013,4591,A05,0,A00,A0,A0,E0,0,0,2017,2,8213,7773,1337,1778,-441,1775
04015,4591,A05,0,A00,A0,A0,E0,0,0,2017,2,67,71,11,7,4,1866
04017,4591,A05,0,A00,A0,A0,E0,0,0,2017,2,68,100,43,11,32,1246
04019,4591,A05,0,A00,A0,A0,E0,0,0,2017,2,1251,1177,215,289,-74,1800
04021,4591,A05,0,A00,A0,A0,E0,0,0,2017,2,68,73,16,12,5,1773
04023,4591,A05,0,A00,A0,A0,E0,0,0,2017,2,32,34,5,3,2,1258
04025,4591,A05,0,A00,A0,A0,E0,0,0,2017,2,228,193,37,72,-35,1437
04027,4591,A05,0,A00,A0,A0,E0,0,0,2017,2,179,158,15,36,-21,1853
04,4591,A05,0,A00,A0,A0,E0,0,0,2017,2,10497,9988,1789,2298,-509,1753
04003,4591,A05,0,A00,A0,A0,E0,0,0,2017,3,43,39,11,15,-4,1346
04005,4591,A05,0,A00,A0,A0,E0,0,0,2017,3,336,331,72,77,-5,1351
04007,4591,A05,0,A00,A0,A0,E0,0,0,2017,3,10,13,6,3,3,1426
04009,4591,A05,0,A00,A0,A0,E0,0,0,2017,3,21,19,4,6,-2,965
04011,4591,A05,0,A00,A0,A0,E0,0,0,2017,3,,0,0,,,700
04013,4591,A05,0,A00,A0,A0,E0,0,0,2017,3,7766,7818,1470,1418,52,1773
04015,4591,A05,0,A00,A0,A0,E0,0,0,2017,3,71,63,6,14,-8,1584
04017,4591,A05,0,A00,A0,A0,E0,0,0,2017,3,100,104,22,19,3,1102
04019,4591,A05,0,A00,A0,A0,E0,0,0,2017,3,1176,1141,182,217,-36,1709
04021,4591,A05,0,A00,A0,A0,E0,0,0,2017,3,72,75,15,12,3,1532
04023,4591,A05,0,A00,A0,A0,E0,0,0,2017,3,34,34,6,6,0,1208
04025,4591,A05,0,A00,A0,A0,E0,0,0,2017,3,193,196,34,31,3,1557
04027,4591,A05,0,A00,A0,A0,E0,0,0,2017,3,163,162,15,16,-1,1962
04,4591,A05,0,A00,A0,A0,E0,0,0,2017,3,9986,9994,1843,1834,9,1735
04003,4591,A05,0,A00,A0,A0,E0,0,0,2017,4,39,41,10,8,2,1555
04005,4591,A05,0,A00,A0,A0,E0,0,0,2017,4,331,352,93,71,21,1455
04007,4591,A05,0,A00,A0,A0,E0,0,0,2017,4,13,13,,,-1,1205
04009,4591,A05,0,A00,A0,A0,E0,0,0,2017,4,19,23,6,,4,1255
04013,4591,A05,0,A00,A0,A0,E0,0,0,2017,4,7816,9241,3246,1822,1424,1885
04015,4591,A05,0,A00,A0,A0,E0,0,0,2017,4,63,72,25,16,9,1765
04017,4591,A05,0,A00,A0,A0,E0,0,0,2017,4,104,89,30,45,-15,1124
04019,4591,A05,0,A00,A0,A0,E0,0,0,2017,4,1140,1338,440,242,198,1935
04021,4591,A05,0,A00,A0,A0,E0,0,0,2017,4,75,85,25,16,10,1746
04023,4591,A05,0,A00,A0,A0,E0,0,0,2017,4,34,36,6,4,3,1194
04025,4591,A05,0,A00,A0,A0,E0,0,0,2017,4,196,205,48,40,9,1704
04027,4591,A05,0,A00,A0,A0,E0,0,0,2017,4,162,215,90,38,52,1998
04,4591,A05,0,A00,A0,A0,E0,0,0,2017,4,9993,11710,4021,2305,1716,1859
04001,4591,A05,0,A00,A0,A0,E0,0,0,2018,1,0,,,0,,
04003,4591,A05,0,A00,A0,A0,E0,0,0,2018,1,41,39,3,5,-2,1434
04005,4591,A05,0,A00,A0,A0,E0,0,0,2018,1,352,331,53,74,-21,1293
04007,4591,A05,0,A00,A0,A0,E0,0,0,2018,1,13,11,,4,-2,1235
04009,4591,A05,0,A00,A0,A0,E0,0,0,2018,1,23,24,5,4,2,974
04013,4591,A05,0,A00,A0,A0,E0,0,0,2018,1,9161,8270,1036,1926,-891,1718
04015,4591,A05,0,A00,A0,A0,E0,0,0,2018,1,72,72,15,15,0,1787
04017,4591,A05,0,A00,A0,A0,E0,0,0,2018,1,89,76,16,29,-13,1092
04019,4591,A05,0,A00,A0,A0,E0,0,0,2018,1,1322,1238,152,236,-85,1681
04021,4591,A05,0,A00,A0,A0,E0,0,0,2018,1,85,77,15,24,-8,1586
04023,4591,A05,0,A00,A0,A0,E0,0,0,2018,1,39,37,5,7,-2,1205
04025,4591,A05,0,A00,A0,A0,E0,0,0,2018,1,192,185,19,26,-7,1663
04027,4591,A05,0,A00,A0,A0,E0,0,0,2018,1,215,179,13,49,-36,1756
04,4591,A05,0,A00,A0,A0,E0,0,0,2018,1,11603,10540,1335,2398,-1063,1690
04001,4591,A05,0,A00,A0,A0,E0,0,0,2018,2,,,,0,,1842
04003,4591,A05,0,A00,A0,A0,E0,0,0,2018,2,39,39,6,6,0,1487
04005,4591,A05,0,A00,A0,A0,E0,0,0,2018,2,332,317,112,127,-15,1451
04007,4591,A05,0,A00,A0,A0,E0,0,0,2018,2,11,9,4,6,-2,1291
04009,4591,A05,0,A00,A0,A0,E0,0,0,2018,2,24,27,10,7,3,1099
04013,4591,A05,0,A00,A0,A0,E0,0,0,2018,2,8270,8093,1428,1606,-178,1822
04015,4591,A05,0,A00,A0,A0,E0,0,0,2018,2,72,68,11,15,-4,1683
04017,4591,A05,0,A00,A0,A0,E0,0,0,2018,2,76,91,34,18,15,1278
04019,4591,A05,0,A00,A0,A0,E0,0,0,2018,2,1237,1179,201,260,-59,1788
04021,4591,A05,0,A00,A0,A0,E0,0,0,2018,2,77,68,13,22,-9,1601
04023,4591,A05,0,A00,A0,A0,E0,0,0,2018,2,37,38,5,4,1,1372
04025,4591,A05,0,A00,A0,A0,E0,0,0,2018,2,185,174,36,46,-10,1769
04027,4591,A05,0,A00,A0,A0,E0,0,0,2018,2,179,157,16,38,-22,1739
04,4591,A05,0,A00,A0,A0,E0,0,0,2018,2,10540,10263,1877,2155,-278,1792
04001,4591,A05,0,A00,A0,A0,E0,0,0,2018,3,,,0,,,1152
04003,4591,A05,0,A00,A0,A0,E0,0,0,2018,3,39,35,8,13,-4,1486
04005,4591,A05,0,A00,A0,A0,E0,0,0,2018,3,356,359,70,66,3,1514
04007,4591,A05,0,A00,A0,A0,E0,0,0,2018,3,9,12,6,3,3,1651
04009,4591,A05,0,A00,A0,A0,E0,0,0,2018,3,27,25,5,7,-2,993
04013,4591,A05,0,A00,A0,A0,E0,0,0,2018,3,7829,7729,1542,1642,-100,1726
04015,4591,A05,0,A00,A0,A0,E0,0,0,2018,3,69,66,7,10,-4,1643
04017,4591,A05,0,A00,A0,A0,E0,0,0,2018,3,92,84,24,32,-8,1121
04019,4591,A05,0,A00,A0,A0,E0,0,0,2018,3,1222,1209,224,236,-12,1713
04021,4591,A05,0,A00,A0,A0,E0,0,0,2018,3,68,68,11,11,0,1681
04023,4591,A05,0,A00,A0,A0,E0,0,0,2018,3,38,37,8,10,-1,1183
04025,4591,A05,0,A00,A0,A0,E0,0,0,2018,3,175,183,34,27,8,1672
04027,4591,A05,0,A00,A0,A0,E0,0,0,2018,3,158,146,13,26,-12,1902
04,4591,A05,0,A00,A0,A0,E0,0,0,2018,3,10086,9954,1952,2085,-132,1707
04003,4591,A05,0,A00,A0,A0,E0,0,0,2018,4,35,36,10,9,1,1532
04005,4591,A05,0,A00,A0,A0,E0,0,0,2018,4,345,350,89,84,5,1877
04007,4591,A05,0,A00,A0,A0,E0,0,0,2018,4,12,9,0,,-2,1350
04009,4591,A05,0,A00,A0,A0,E0,0,0,2018,4,25,28,7,4,2,1203
04013,4591,A05,0,A00,A0,A0,E0,0,0,2018,4,7696,8787,2704,1614,1091,1906
04015,4591,A05,0,A00,A0,A0,E0,0,0,2018,4,66,77,23,12,11,1755
04017,4591,A05,0,A00,A0,A0,E0,0,0,2018,4,74,65,23,33,-9,1313
04019,4591,A05,0,A00,A0,A0,E0,0,0,2018,4,1204,1271,284,217,67,1887
04021,4591,A05,0,A00,A0,A0,E0,0,0,2018,4,68,85,30,14,17,1833
04023,4591,A05,0,A00,A0,A0,E0,0,0,2018,4,37,33,4,8,-3,1378
04025,4591,A05,0,A00,A0,A0,E0,0,0,2018,4,205,221,56,40,16,1807
04027,4591,A05,0,A00,A0,A0,E0,0,0,2018,4,174,186,35,23,12,1986
04,4591,A05,0,A00,A0,A0,E0,0,0,2018,4,9941,11147,3266,2059,1206,1891
04003,4591,A05,0,A00,A0,A0,E0,0,0,2019,1,36,31,4,8,-5,1414
04005,4591,A05,0,A00,A0,A0,E0,0,0,2019,1,346,332,49,63,-14,1478
04007,4591,A05,0,A00,A0,A0,E0,0,0,2019,1,9,11,3,,2,1528
04009,4591,A05,0,A00,A0,A0,E0,0,0,2019,1,28,27,3,4,-1,926
04013,4591,A05,0,A00,A0,A0,E0,0,0,2019,1,8794,8019,1114,1889,-775,1665
04015,4591,A05,0,A00,A0,A0,E0,0,0,2019,1,76,76,16,17,0,1643
04017,4591,A05,0,A00,A0,A0,E0,0,0,2019,1,65,59,5,11,-6,1146
04019,4591,A05,0,A00,A0,A0,E0,0,0,2019,1,1250,1071,123,303,-180,1741
04021,4591,A05,0,A00,A0,A0,E0,0,0,2019,1,86,82,8,12,-4,1492
04023,4591,A05,0,A00,A0,A0,E0,0,0,2019,1,33,33,,,0,1178
04025,4591,A05,0,A00,A0,A0,E0,0,0,2019,1,221,213,25,32,-8,1587
04027,4591,A05,0,A00,A0,A0,E0,0,0,2019,1,109,100,9,18,-9,1793
04,4591,A05,0,A00,A0,A0,E0,0,0,2019,1,11052,10053,1361,2361,-1000,1659
04003,4591,A05,0,A00,A0,A0,E0,0,0,2019,2,31,30,4,5,-1,1603
04005,4591,A05,0,A00,A0,A0,E0,0,0,2019,2,333,325,61,69,-8,1572
04007,4591,A05,0,A00,A0,A0,E0,0,0,2019,2,11,13,3,,2,1663
04009,4591,A05,0,A00,A0,A0,E0,0,0,2019,2,27,27,4,3,1,1113
04013,4591,A05,0,A00,A0,A0,E0,0,0,2019,2,8031,7521,1165,1675,-510,1812
04015,4591,A05,0,A00,A0,A0,E0,0,0,2019,2,76,68,15,23,-8,1647
04017,4591,A05,0,A00,A0,A0,E0,0,0,2019,2,59,67,28,19,8,1331
04019,4591,A05,0,A00,A0,A0,E0,0,0,2019,2,1062,1045,152,169,-18,2018
04021,4591,A05,0,A00,A0,A0,E0,0,0,2019,2,82,75,12,19,-7,1839
04023,4591,A05,0,A00,A0,A0,E0,0,0,2019,2,33,36,9,6,3,1300
04025,4591,A05,0,A00,A0,A0,E0,0,0,2019,2,211,214,39,36,3,1750
04027,4591,A05,0,A00,A0,A0,E0,0,0,2019,2,99,93,14,21,-6,1890
04,4591,A05,0,A00,A0,A0,E0,0,0,2019,2,10055,9514,1506,2046,-541,1817
04003,4591,A05,0,A00,A0,A0,E0,0,0,2019,3,35,34,4,5,-1,1638
04005,4591,A05,0,A00,A0,A0,E0,0,0,2019,3,330,331,54,53,1,1580
04007,4591,A05,0,A00,A0,A0,E0,0,0,2019,3,13,13,,,0,1537
04009,4591,A05,0,A00,A0,A0,E0,0,0,2019,3,27,22,5,10,-5,936
04013,4591,A05,0,A00,A0,A0,E0,0,0,2019,3,7446,7575,1523,1393,130,1836
04015,4591,A05,0,A00,A0,A0,E0,0,0,2019,3,74,71,10,14,-3,1692
04017,4591,A05,0,A00,A0,A0,E0,0,0,2019,3,67,67,10,11,-1,1297
04019,4591,A05,0,A00,A0,A0,E0,0,0,2019,3,1085,1112,187,160,27,1917
04021,4591,A05,0,A00,A0,A0,E0,0,0,2019,3,83,83,11,11,0,1683
04023,4591,A05,0,A00,A0,A0,E0,0,0,2019,3,36,35,4,5,-1,1272
04025,4591,A05,0,A00,A0,A0,E0,0,0,2019,3,224,217,36,43,-7,1692
04027,4591,A05,0,A00,A0,A0,E0,0,0,2019,3,93,93,17,16,1,1996
04,4591,A05,0,A00,A0,A0,E0,0,0,2019,3,9513,9654,1863,1722,141,1823
04003,4591,A05,0,A00,A0,A0,E0,0,0,2019,4,34,36,9,8,1,1908
04005,4591,A05,0,A00,A0,A0,E0,0,0,2019,4,331,358,107,80,27,1659
04007,4591,A05,0,A00,A0,A0,E0,0,0,2019,4,13,13,4,4,0,1466
04009,4591,A05,0,A00,A0,A0,E0,0,0,2019,4,22,21,5,7,-2,1211
04013,4591,A05,0,A00,A0,A0,E0,0,0,2019,4,7576,8535,2680,1720,959,1979
04015,4591,A05,0,A00,A0,A0,E0,0,0,2019,4,71,85,31,16,14,1812
04017,4591,A05,0,A00,A0,A0,E0,0,0,2019,4,67,52,19,34,-14,1270
04019,4591,A05,0,A00,A0,A0,E0,0,0,2019,4,1112,1205,299,207,92,2094
04021,4591,A05,0,A00,A0,A0,E0,0,0,2019,4,83,94,28,17,11,1750
04023,4591,A05,0,A00,A0,A0,E0,0,0,2019,4,35,31,5,9,-4,1287
04025,4591,A05,0,A00,A0,A0,E0,0,0,2019,4,217,227,55,45,10,1826
04027,4591,A05,0,A00,A0,A0,E0,0,0,2019,4,93,112,31,13,18,2179
04,4591,A05,0,A00,A0,A0,E0,0,0,2019,4,9655,10769,3273,2159,1114,1967
04003,4591,A05,0,A00,A0,A0,E0,0,0,2020,1,36,37,6,5,1,1808
04005,4591,A05,0,A00,A0,A0,E0,0,0,2020,1,371,330,47,89,-42,1521
04007,4591,A05,0,A00,A0,A0,E0,0,0,2020,1,11,11,,,0,1474
04009,4591,A05,0,A00,A0,A0,E0,0,0,2020,1,21,19,4,6,-2,1186
04013,4591,A05,0,A00,A0,A0,E0,0,0,2020,1,8471,7247,838,2063,-1225,1786
04015,4591,A05,0,A00,A0,A0,E0,0,0,2020,1,85,88,15,12,3,1722
04017,4591,A05,0,A00,A0,A0,E0,0,0,2020,1,52,49,10,13,-3,1262
04019,4591,A05,0,A00,A0,A0,E0,0,0,2020,1,1200,1078,139,261,-122,1858
04021,4591,A05,0,A00,A0,A0,E0,0,0,2020,1,94,83,8,19,-11,1766
04023,4591,A05,0,A00,A0,A0,E0,0,0,2020,1,31,29,4,6,-2,1310
04025,4591,A05,0,A00,A0,A0,E0,0,0,2020,1,231,209,30,52,-22,1578
04027,4591,A05,0,A00,A0,A0,E0,0,0,2020,1,112,105,53,59,-7,1954
04,4591,A05,0,A00,A0,A0,E0,0,0,2020,1,10715,9284,1154,2585,-1431,1776
04003,4591,A05,0,A00,A0,A0,E0,0,0,2020,2,37,36,4,5,-1,1891
04005,4591,A05,0,A00,A0,A0,E0,0,0,2020,2,330,305,47,72,-25,1570
04007,4591,A05,0,A00,A0,A0,E0,0,0,2020,2,11,10,,3,-2,1746
04009,4591,A05,0,A00,A0,A0,E0,0,0,2020,2,19,16,0,3,-3,1204
04013,4591,A05,0,A00,A0,A0,E0,0,0,2020,2,7231,6637,1016,1610,-594,1811
04015,4591,A05,0,A00,A0,A0,E0,0,0,2020,2,88,86,18,20,-2,1744
04017,4591,A05,0,A00,A0,A0,E0,0,0,2020,2,49,66,27,10,17,1560
04019,4591,A05,0,A00,A0,A0,E0,0,0,2020,2,1070,1005,126,191,-65,1882
04021,4591,A05,0,A00,A0,A0,E0,0,0,2020,2,83,87,19,15,4,1969
04023,4591,A05,0,A00,A0,A0,E0,0,0,2020,2,29,30,5,4,1,1312
04025,4591,A05,0,A00,A0,A0,E0,0,0,2020,2,209,224,45,30,15,1704
04027,4591,A05,0,A00,A0,A0,E0,0,0,2020,2,105,99,5,11,-7,2107
04,4591,A05,0,A00,A0,A0,E0,0,0,2020,2,9260,8600,1312,1972,-660,1809
04003,4591,A05,0,A00,A0,A0,E0,0,0,2020,3,36,38,10,8,2,1941
04005,4591,A05,0,A00,A0,A0,E0,0,0,2020,3,305,325,75,55,20,1945
04007,4591,A05,0,A00,A0,A0,E0,0,0,2020,3,10,9,,3,-1,1837
04009,4591,A05,0,A00,A0,A0,E0,0,0,2020,3,16,16,3,4,0,1306
04013,4591,A05,0,A00,A0,A0,E0,0,0,2020,3,6650,7314,1982,1318,664,2150
04015,4591,A05,0,A00,A0,A0,E0,0,0,2020,3,86,80,19,25,-5,1836
04017,4591,A05,0,A00,A0,A0,E0,0,0,2020,3,66,70,15,11,4,1498
04019,4591,A05,0,A00,A0,A0,E0,0,0,2020,3,1011,1059,220,173,48,2081
04021,4591,A05,0,A00,A0,A0,E0,0,0,2020,3,87,85,19,21,-2,1760
04023,4591,A05,0,A00,A0,A0,E0,0,0,2020,3,30,28,,4,-2,1386
04025,4591,A05,0,A00,A0,A0,E0,0,0,2020,3,224,236,50,38,12,1780
04027,4591,A05,0,A00,A0,A0,E0,0,0,2020,3,99,105,18,11,7,2329
04,4591,A05,0,A00,A0,A0,E0,0,0,2020,3,8619,9365,2416,1670,746,2110
04003,4591,A05,0,A00,A0,A0,E0,0,0,2020,4,38,40,10,7,3,2128
04005,4591,A05,0,A00,A0,A0,E0,0,0,2020,4,325,356,101,70,31,2548
04007,4591,A05,0,A00,A0,A0,E0,0,0,2020,4,9,12,4,,3,3416
04009,4591,A05,0,A00,A0,A0,E0,0,0,2020,4,16,16,4,3,1,1484
04013,4591,A05,0,A00,A0,A0,E0,0,0,2020,4,7298,8423,3051,1926,1125,2547
04015,4591,A05,0,A00,A0,A0,E0,0,0,2020,4,80,92,23,11,12,2084
04017,4591,A05,0,A00,A0,A0,E0,0,0,2020,4,70,59,23,34,-11,1300
04019,4591,A05,0,A00,A0,A0,E0,0,0,2020,4,1059,1154,332,237,95,2248
04021,4591,A05,0,A00,A0,A0,E0,0,0,2020,4,85,94,32,23,9,2190
04023,4591,A05,0,A00,A0,A0,E0,0,0,2020,4,28,30,4,,1,1601
04025,4591,A05,0,A00,A0,A0,E0,0,0,2020,4,236,254,73,56,18,2041
04027,4591,A05,0,A00,A0,A0,E0,0,0,2020,4,105,109,24,21,3,2748
04,4591,A05,0,A00,A0,A0,E0,0,0,2020,4,9349,10639,3682,2392,1290,2480
04003,4591,A05,0,A00,A0,A0,E0,0,0,2021,1,47,46,5,7,-1,2214
04005,4591,A05,0,A00,A0,A0,E0,0,0,2021,1,356,356,49,50,-1,1680
04007,4591,A05,0,A00,A0,A0,E0,0,0,2021,1,12,13,,0,1,2448
04009,4591,A05,0,A00,A0,A0,E0,0,0,2021,1,16,14,,4,-2,1426
04013,4591,A05,0,A00,A0,A0,E0,0,0,2021,1,8449,7865,1074,1658,-584,2011
04015,4591,A05,0,A00,A0,A0,E0,0,0,2021,1,92,95,18,15,3,1649
04017,4591,A05,0,A00,A0,A0,E0,0,0,2021,1,66,61,9,13,-5,1442
04019,4591,A05,0,A00,A0,A0,E0,0,0,2021,1,1154,1116,144,182,-38,1926
04021,4591,A05,0,A00,A0,A0,E0,0,0,2021,1,94,92,19,21,-2,1776
04023,4591,A05,0,A00,A0,A0,E0,0,0,2021,1,30,32,4,,2,1480
04025,4591,A05,0,A00,A0,A0,E0,0,0,2021,1,254,240,27,41,-14,1646
04027,4591,A05,0,A00,A0,A0,E0,0,0,2021,1,109,101,13,20,-7,2030
04,4591,A05,0,A00,A0,A0,E0,0,0,2021,1,10678,10031,1365,2013,-648,1972
04003,4591,A05,0,A00,A0,A0,E0,0,0,2021,2,46,44,6,8,-2,2386
04005,4591,A05,0,A00,A0,A0,E0,0,0,2021,2,356,340,78,93,-15,1916
04007,4591,A05,0,A00,A0,A0,E0,0,0,2021,2,13,14,4,3,1,2003
04009,4591,A05,0,A00,A0,A0,E0,0,0,2021,2,14,16,4,,2,1660
04013,4591,A05,0,A00,A0,A0,E0,0,0,2021,2,7872,7743,1532,1661,-129,2309
04015,4591,A05,0,A00,A0,A0,E0,0,0,2021,2,95,101,26,20,6,1745
04017,4591,A05,0,A00,A0,A0,E0,0,0,2021,2,61,82,37,16,21,1528
04019,4591,A05,0,A00,A0,A0,E0,0,0,2021,2,1111,1112,214,213,1,2161
04021,4591,A05,0,A00,A0,A0,E0,0,0,2021,2,92,87,13,17,-4,1722
04023,4591,A05,0,A00,A0,A0,E0,0,0,2021,2,32,35,5,,3,1626
04025,4591,A05,0,A00,A0,A0,E0,0,0,2021,2,240,241,59,59,0,1904
04027,4591,A05,0,A00,A0,A0,E0,0,0,2021,2,101,100,18,19,-1,2145
04,4591,A05,0,A00,A0,A0,E0,0,0,2021,2,10032,9915,1996,2113,-117,2249
04003,4591,A05,0,A00,A0,A0,E0,0,0,2021,3,44,47,13,10,3,2341
04005,4591,A05,0,A00,A0,A0,E0,0,0,2021,3,340,352,76,64,11,1938
04007,4591,A05,0,A00,A0,A0,E0,0,0,2021,3,14,13,,,-1,1966
04009,4591,A05,0,A00,A0,A0,E0,0,0,2021,3,16,16,5,5,0,1569
04013,4591,A05,0,A00,A0,A0,E0,0,0,2021,3,7736,7963,2107,1879,228,2233
04015,4591,A05,0,A00,A0,A0,E0,0,0,2021,3,101,113,27,15,12,1731
04017,4591,A05,0,A00,A0,A0,E0,0,0,2021,3,82,83,20,19,1,1369
04019,4591,A05,0,A00,A0,A0,E0,0,0,2021,3,1104,1124,236,216,20,2091
04021,4591,A05,0,A00,A0,A0,E0,0,0,2021,3,87,89,16,14,2,2004
04023,4591,A05,0,A00,A0,A0,E0,0,0,2021,3,35,32,3,6,-2,1503
04025,4591,A05,0,A00,A0,A0,E0,0,0,2021,3,241,258,63,46,17,1810
04027,4591,A05,0,A00,A0,A0,E0,0,0,2021,3,100,109,26,18,8,1988
04,4591,A05,0,A00,A0,A0,E0,0,0,2021,3,9900,10198,2593,2294,299,2177
04003,4591,A05,0,A00,A0,A0,E0,0,0,2021,4,47,51,13,9,4,2250
04005,4591,A05,0,A00,A0,A0,E0,0,0,2021,4,352,400,127,79,48,2247
04007,4591,A05,0,A00,A0,A0,E0,0,0,2021,4,13,12,,,-1,3557
04009,4591,A05,0,A00,A0,A0,E0,0,0,2021,4,16,20,8,4,4,1487
04013,4591,A05,0,A00,A0,A0,E0,0,0,2021,4,7963,8788,2942,2117,825,2629
04015,4591,A05,0,A00,A0,A0,E0,0,0,2021,4,113,115,28,26,2,1746
04017,4591,A05,0,A00,A0,A0,E0,0,0,2021,4,83,61,27,49,-22,1224
04019,4591,A05,0,A00,A0,A0,E0,0,0,2021,4,1124,1206,346,263,83,2313
04021,4591,A05,0,A00,A0,A0,E0,0,0,2021,4,89,98,33,24,9,2242
04023,4591,A05,0,A00,A0,A0,E0,0,0,2021,4,34,34,7,6,0,1484
04025,4591,A05,0,A00,A0,A0,E0,0,0,2021,4,258,269,73,61,12,3087
04027,4591,A05,0,A00,A0,A0,E0,0,0,2021,4,109,121,41,29,13,2572
04,4591,A05,0,A00,A0,A0,E0,0,0,2021,4,10199,11176,3645,2667,977,2561
04003,4591,A05,0,A00,A0,A0,E0,0,0,2022,1,51,47,10,14,-4,1891
04005,4591,A05,0,A00,A0,A0,E0,0,0,2022,1,400,395,56,61,-5,2079
04007,4591,A05,0,A00,A0,A0,E0,0,0,2022,1,12,13,,0,1,2300
04009,4591,A05,0,A00,A0,A0,E0,0,0,2022,1,20,18,6,7,-2,1344
04013,4591,A05,0,A00,A0,A0,E0,0,0,2022,1,8719,8205,1336,1851,-514,2188
04015,4591,A05,0,A00,A0,A0,E0,0,0,2022,1,115,120,24,19,5,1662
04017,4591,A05,0,A00,A0,A0,E0,0,0,2022,1,61,56,6,11,-5,1368
04019,4591,A05,0,A00,A0,A0,E0,0,0,2022,1,1235,1213,195,217,-22,2025
04021,4591,A05,0,A00,A0,A0,E0,0,0,2022,1,98,100,22,20,2,2098
04023,4591,A05,0,A00,A0,A0,E0,0,0,2022,1,34,35,5,4,1,1546
04025,4591,A05,0,A00,A0,A0,E0,0,0,2022,1,254,236,25,43,-18,1597
04027,4591,A05,0,A00,A0,A0,E0,0,0,2022,1,122,116,17,23,-6,1807
04,4591,A05,0,A00,A0,A0,E0,0,0,2022,1,11121,10555,1703,2270,-567,2132
04003,4591,A05,0,A00,A0,A0,E0,0,0,2022,2,47,45,11,13,-2,2180
04005,4591,A05,0,A00,A0,A0,E0,0,0,2022,2,395,381,84,98,-14,1998
04007,4591,A05,0,A00,A0,A0,E0,0,0,2022,2,13,14,3,,1,2271
04009,4591,A05,0,A00,A0,A0,E0,0,0,2022,2,18,19,7,6,1,1649
04013,4591,A05,0,A00,A0,A0,E0,0,0,2022,2,8187,8102,1643,1728,-86,2405
04015,4591,A05,0,A00,A0,A0,E0,0,0,2022,2,120,119,24,25,-1,1818
04017,4591,A05,0,A00,A0,A0,E0,0,0,2022,2,56,81,47,21,26,1502
04019,4591,A05,0,A00,A0,A0,E0,0,0,2022,2,1213,1170,238,280,-42,2223
04021,4591,A05,0,A00,A0,A0,E0,0,0,2022,2,100,91,19,28,-9,2169
04023,4591,A05,0,A00,A0,A0,E0,0,0,2022,2,35,38,6,3,3,1699
04025,4591,A05,0,A00,A0,A0,E0,0,0,2022,2,235,221,54,68,-14,1813
04027,4591,A05,0,A00,A0,A0,E0,0,0,2022,2,116,116,24,24,0,2265
04,4591,A05,0,A00,A0,A0,E0,0,0,2022,2,10536,10397,2157,2296,-139,2335
04003,4591,A05,0,A00,A0,A0,E0,0,0,2022,3,45,48,15,12,2,2145
04005,4591,A05,0,A00,A0,A0,E0,0,0,2022,3,383,388,97,92,5,2112
04007,4591,A05,0,A00,A0,A0,E0,0,0,2022,3,14,16,,0,2,2105
04009,4591,A05,0,A00,A0,A0,E0,0,0,2022,3,19,17,5,7,-1,1775
04013,4591,A05,0,A00,A0,A0,E0,0,0,2022,3,8135,8412,2161,1884,277,2422
04015,4591,A05,0,A00,A0,A0,E0,0,0,2022,3,119,115,21,24,-3,2055
04017,4591,A05,0,A00,A0,A0,E0,0,0,2022,3,81,75,15,20,-6,1347
04019,4591,A05,0,A00,A0,A0,E0,0,0,2022,3,1171,1222,287,237,50,2345
04021,4591,A05,0,A00,A0,A0,E0,0,0,2022,3,88,85,20,23,-3,2174
04023,4591,A05,0,A00,A0,A0,E0,0,0,2022,3,38,39,8,7,1,1789
04025,4591,A05,0,A00,A0,A0,E0,0,0,2022,3,221,218,46,49,-3,2832
04027,4591,A05,0,A00,A0,A0,E0,0,0,2022,3,116,118,21,19,2,1894
04,4591,A05,0,A00,A0,A0,E0,0,0,2022,3,10430,10753,2697,2374,323,2385
04003,4591,A05,0,A00,A0,A0,E0,0,0,2022,4,48,49,14,13,1,2173
04005,4591,A05,0,A00,A0,A0,E0,0,0,2022,4,388,419,127,96,31,2083
04007,4591,A05,0,A00,A0,A0,E0,0,0,2022,4,16,15,3,4,-1,2589
04009,4591,A05,0,A00,A0,A0,E0,0,0,2022,4,17,17,6,6,0,1663
04013,4591,A05,0,A00,A0,A0,E0,0,0,2022,4,8410,9201,2765,1974,791,2447
04015,4591,A05,0,A00,A0,A0,E0,0,0,2022,4,115,125,30,20,10,2069
04017,4591,A05,0,A00,A0,A0,E0,0,0,2022,4,86,71,24,39,-15,1464
04019,4591,A05,0,A00,A0,A0,E0,0,0,2022,4,1221,1297,281,206,76,2243
04021,4591,A05,0,A00,A0,A0,E0,0,0,2022,4,91,98,24,17,7,2151
04023,4591,A05,0,A00,A0,A0,E0,0,0,2022,4,39,43,11,8,4,1666
04025,4591,A05,0,A00,A0,A0,E0,0,0,2022,4,208,224,65,50,16,4026
04027,4591,A05,0,A00,A0,A0,E0,0,0,2022,4,118,118,22,22,0,2251
04,4591,A05,0,A00,A0,A0,E0,0,0,2022,4,10758,11676,3373,2455,918,2419
04001,4591,A05,0,A00,A0,A0,E0,0,0,2023,1,,,0,0,,5081
04003,4591,A05,0,A00,A0,A0,E0,0,0,2023,1,49,47,6,7,-1,2067
04005,4591,A05,0,A00,A0,A0,E0,0,0,2023,1,417,391,40,66,-26,2159
04007,4591,A05,0,A00,A0,A0,E0,0,0,2023,1,15,15,0,0,0,1916
04009,4591,A05,0,A00,A0,A0,E0,0,0,2023,1,22,18,6,9,-3,1862
04013,4591,A05,0,A00,A0,A0,E0,0,0,2023,1,9191,8495,1067,1763,-695,2356
04015,4591,A05,0,A00,A0,A0,E0,0,0,2023,1,113,117,25,21,4,2010
04017,4591,A05,0,A00,A0,A0,E0,0,0,2023,1,71,65,12,18,-6,1581
04019,4591,A05,0,A00,A0,A0,E0,0,0,2023,1,1267,1182,129,213,-84,2290
04021,4591,A05,0,A00,A0,A0,E0,0,0,2023,1,98,101,20,17,3,2090
04023,4591,A05,0,A00,A0,A0,E0,0,0,2023,1,43,40,7,9,-3,1675
04025,4591,A05,0,A00,A0,A0,E0,0,0,2023,1,240,221,26,45,-19,1797
04027,4591,A05,0,A00,A0,A0,E0,0,0,2023,1,118,121,23,20,3,1880
04,4591,A05,0,A00,A0,A0,E0,0,0,2023,1,11643,10815,1362,2189,-828,2310
04001,4591,A05,0,A00,A0,A0,E0,0,0,2023,2,,,,0,,6040
04003,4591,A05,0,A00,A0,A0,E0,0,0,2023,2,47,47,6,6,0,2185
04005,4591,A05,0,A00,A0,A0,E0,0,0,2023,2,391,357,57,91,-34,1960
04007,4591,A05,0,A00,A0,A0,E0,0,0,2023,2,15,17,4,,3,1944
04009,4591,A05,0,A00,A0,A0,E0,0,0,2023,2,18,18,5,6,-1,2107
04013,4591,A05,0,A00,A0,A0,E0,0,0,2023,2,8496,8283,1430,1643,-213,2392
04015,4591,A05,0,A00,A0,A0,E0,0,0,2023,2,117,115,20,22,-2,2061
04017,4591,A05,0,A00,A0,A0,E0,0,0,2023,2,65,75,29,19,10,1483
04019,4591,A05,0,A00,A0,A0,E0,0,0,2023,2,1182,1163,177,195,-19,2236
04021,4591,A05,0,A00,A0,A0,E0,0,0,2023,2,102,100,18,20,-2,1920
04023,4591,A05,0,A00,A0,A0,E0,0,0,2023,2,40,40,5,6,-1,1741
04025,4591,A05,0,A00,A0,A0,E0,0,0,2023,2,221,226,47,42,5,1930
04027,4591,A05,0,A00,A0,A0,E0,0,0,2023,2,121,125,18,14,4,2002
04,4591,A05,0,A00,A0,A0,E0,0,0,2023,2,10816,10586,1835,2065,-231,2327
04001,4591,A05,0,A00,A0,A0,E0,0,0,2023,3,,,,,,839
04003,4591,A05,0,A00,A0,A0,E0,0,0,2023,3,47,51,13,9,4,2260
04005,4591,A05,0,A00,A0,A0,E0,0,0,2023,3,357,345,57,69,-12,2206
04007,4591,A05,0,A00,A0,A0,E0,0,0,2023,3,17,17,4,4,0,2353
04009,4591,A05,0,A00,A0,A0,E0,0,0,2023,3,18,18,7,7,0,3200
04013,4591,A05,0,A00,A0,A0,E0,0,0,2023,3,8297,8386,1725,1637,89,2405
04015,4591,A05,0,A00,A0,A0,E0,0,0,2023,3,115,106,14,23,-9,2093
04017,4591,A05,0,A00,A0,A0,E0,0,0,2023,3,75,79,21,17,4,1495
04019,4591,A05,0,A00,A0,A0,E0,0,0,2023,3,1167,1156,173,185,-12,2276
04021,4591,A05,0,A00,A0,A0,E0,0,0,2023,3,100,94,13,19,-7,1969
04023,4591,A05,0,A00,A0,A0,E0,0,0,2023,3,40,40,6,6,0,1932
04025,4591,A05,0,A00,A0,A0,E0,0,0,2023,3,226,221,36,41,-4,2665
04027,4591,A05,0,A00,A0,A0,E0,0,0,2023,3,125,118,10,17,-7,1948
04,4591,A05,0,A00,A0,A0,E0,0,0,2023,3,10605,10646,2082,2041,41,2366
04001,4591,A05,0,A00,A0,A0,E0,0,0,2023,4,,0,0,,,1307
04003,4591,A05,0,A00,A0,A0,E0,0,0,2023,4,51,62,18,8,10,1988
04005,4591,A05,0,A00,A0,A0,E0,0,0,2023,4,345,388,120,77,43,2334
04007,4591,A05,0,A00,A0,A0,E0,0,0,2023,4,17,18,,,0,2496
04009,4591,A05,0,A00,A0,A0,E0,0,0,2023,4,18,20,7,5,2,2946
04013,4591,A05,0,A00,A0,A0,E0,0,0,2023,4,8376,9640,3238,1974,1264,2580
04015,4591,A05,0,A00,A0,A0,E0,0,0,2023,4,106,111,20,16,4,2253
04017,4591,A05,0,A00,A0,A0,E0,0,0,2023,4,79,61,22,39,-18,1875
04019,4591,A05,0,A00,A0,A0,E0,0,0,2023,4,1160,1293,331,198,133,2404
04021,4591,A05,0,A00,A0,A0,E0,0,0,2023,4,95,100,31,26,5,2242
04023,4591,A05,0,A00,A0,A0,E0,0,0,2023,4,40,39,8,9,-1,1873
04025,4591,A05,0,A00,A0,A0,E0,0,0,2023,4,221,229,46,38,8,2734
04027,4591,A05,0,A00,A0,A0,E0,0,0,2023,4,118,129,34,23,10,2517
04,4591,A05,0,A00,A0,A0,E0,0,0,2023,4,10645,12088,3876,2432,1444,2537
04003,4591,A05,0,A00,A0,A0,E0,0,0,2024,1,56,57,12,12,1,1655
04005,4591,A05,0,A00,A0,A0,E0,0,0,2024,1,358,339,42,61,-19,2086
04007,4591,A05,0,A00,A0,A0,E0,0,0,2024,1,18,14,2,6,-4,1473
04009,4591,A05,0,A00,A0,A0,E0,0,0,2024,1,20,17,5,8,-3,2412
04013,4591,A05,0,A00,A0,A0,E0,0,0,2024,1,9703,9074,1033,1661,-629,2411
04015,4591,A05,0,A00,A0,A0,E0,0,0,2024,1,111,110,12,13,-1,2136
04017,4591,A05,0,A00,A0,A0,E0,0,0,2024,1,61,59,8,11,-2,1714
04019,4591,A05,0,A00,A0,A0,E0,0,0,2024,1,1288,1204,123,206,-83,2177
04021,4591,A05,0,A00,A0,A0,E0,0,0,2024,1,100,95,13,18,-5,2213
04023,4591,A05,0,A00,A0,A0,E0,0,0,2024,1,39,38,9,9,0,1835
04025,4591,A05,0,A00,A0,A0,E0,0,0,2024,1,352,333,28,46,-19,2676
04027,4591,A05,0,A00,A0,A0,E0,0,0,2024,1,129,128,22,23,-1,1909
04,4591,A05,0,A00,A0,A0,E0,0,0,2024,1,12234,11469,1309,2074,-765,2364
04001,4591,A05,0,A00,A0,A0,E0,0,0,2024,2,0,,,,,
04003,4591,A05,0,A00,A0,A0,E0,0,0,2024,2,57,56,11,12,-1,1531
04005,4591,A05,0,A00,A0,A0,E0,0,0,2024,2,339,302,50,87,-37,2063
04007,4591,A05,0,A00,A0,A0,E0,0,0,2024,2,14,14,,,0,1894
04009,4591,A05,0,A00,A0,A0,E0,0,0,2024,2,17,14,,6,-4,2374
04013,4591,A05,0,A00,A0,A0,E0,0,0,2024,2,9073,8862,1593,1804,-211,2455
04015,4591,A05,0,A00,A0,A0,E0,0,0,2024,2,110,106,22,26,-4,2281
04017,4591,A05,0,A00,A0,A0,E0,0,0,2024,2,59,74,30,15,15,1585
04019,4591,A05,0,A00,A0,A0,E0,0,0,2024,2,1204,1165,143,183,-40,2237
04021,4591,A05,0,A00,A0,A0,E0,0,0,2024,2,95,92,14,17,-3,2191
04023,4591,A05,0,A00,A0,A0,E0,0,0,2024,2,38,35,4,7,-3,1830
04025,4591,A05,0,A00,A0,A0,E0,0,0,2024,2,333,310,47,71,-24,2703
04027,4591,A05,0,A00,A0,A0,E0,0,0,2024,2,128,118,13,23,-10,2134
04,4591,A05,0,A00,A0,A0,E0,0,0,2024,2,11467,11163,1950,2255,-305,2407
04001,4591,A05,0,A00,A0,A0,E0,0,0,2024,3,,,,,,2168
04003,4591,A05,0,A00,A0,A0,E0,0,0,2024,3,50,50,8,8,0,1752
04005,4591,A05,0,A00,A0,A0,E0,0,0,2024,3,301,304,58,55,2,2235
04007,4591,A05,0,A00,A0,A0,E0,0,0,2024,3,14,13,,3,-2,1688
04009,4591,A05,0,A00,A0,A0,E0,0,0,2024,3,14,13,,3,-1,2827
04013,4591,A05,0,A00,A0,A0,E0,0,0,2024,3,8871,8866,1708,1713,-5,2518
04015,4591,A05,0,A00,A0,A0,E0,0,0,2024,3,103,106,17,14,2,2301
04017,4591,A05,0,A00,A0,A0,E0,0,0,2024,3,74,71,16,18,-2,1660
04019,4591,A05,0,A00,A0,A0,E0,0,0,2024,3,1161,1145,138,154,-15,2290
04021,4591,A05,0,A00,A0,A0,E0,0,0,2024,3,88,90,13,10,3,2538
04023,4591,A05,0,A00,A0,A0,E0,0,0,2024,3,35,38,4,,3,1997
04025,4591,A05,0,A00,A0,A0,E0,0,0,2024,3,309,307,50,52,-2,2946
04027,4591,A05,0,A00,A0,A0,E0,0,0,2024,3,118,118,18,18,0,2159
04,4591,A05,0,A00,A0,A0,E0,0,0,2024,3,11154,11136,2040,2058,-18,2479
04001,4591,A05,0,A00,A0,A0,E0,0,0,2024,4,16,7,3,12,-9,1014
04003,4591,A05,0,A00,A0,A0,E0,0,0,2024,4,50,54,16,12,4,1739
04005,4591,A05,0,A00,A0,A0,E0,0,0,2024,4,304,333,95,66,29,2264
04007,4591,A05,0,A00,A0,A0,E0,0,0,2024,4,13,10,,3,-2,3141
04009,4591,A05,0,A00,A0,A0,E0,0,0,2024,4,13,12,,3,-1,1794
04013,4591,A05,0,A00,A0,A0,E0,0,0,2024,4,8869,9655,2537,1750,787,2806
04015,4591,A05,0,A00,A0,A0,E0,0,0,2024,4,106,108,11,9,2,2210
04017,4591,A05,0,A00,A0,A0,E0,0,0,2024,4,71,57,17,31,-15,1528
04019,4591,A05,0,A00,A0,A0,E0,0,0,2024,4,1141,1212,246,175,71,2362
04021,4591,A05,0,A00,A0,A0,E0,0,0,2024,4,90,88,22,24,-2,2563
04023,4591,A05,0,A00,A0,A0,E0,0,0,2024,4,38,40,5,3,2,1700
04025,4591,A05,0,A00,A0,A0,E0,0,0,2024,4,307,314,62,55,7,2250
04027,4591,A05,0,A00,A0,A0,E0,0,0,2024,4,118,120,16,14,2,2549
04,4591,A05,0,A00,A0,A0,E0,0,0,2024,4,11134,12010,3032,2156,876,2699
04001,4591,A05,0,A00,A0,A0,E0,0,0,2025,1,,,0,0,,1948
04003,4591,A05,0,A00,A0,A0,E0,0,0,2025,1,54,47,8,16,-8,1801
04005,4591,A05,0,A00,A0,A0,E0,0,0,2025,1,333,308,40,64,-24,2243
04007,4591,A05,0,A00,A0,A0,E0,0,0,2025,1,10,11,5,4,1,1788
04009,4591,A05,0,A00,A0,A0,E0,0,0,2025,1,12,13,3,3,1,2139
04013,4591,A05,0,A00,A0,A0,E0,0,0,2025,1,9658,9047,1111,1722,-611,2526
04015,4591,A05,0,A00,A0,A0,E0,0,0,2025,1,108,108,12,12,-1,2097
04017,4591,A05,0,A00,A0,A0,E0,0,0,2025,1,57,55,7,9,-2,1911
04019,4591,A05,0,A00,A0,A0,E0,0,0,2025,1,1212,1169,145,187,-42,2288
04021,4591,A05,0,A00,A0,A0,E0,0,0,2025,1,88,89,16,15,1,2508
04023,4591,A05,0,A00,A0,A0,E0,0,0,2025,1,40,41,7,6,1,1863
04025,4591,A05,0,A00,A0,A0,E0,0,0,2025,1,314,301,47,61,-13,2658
04027,4591,A05,0,A00,A0,A0,E0,0,0,2025,1,120,123,12,9,3,2100
04,4591,A05,0,A00,A0,A0,E0,0,0,2025,1,12013,11318,1413,2108,-695,2479
04001,4591,A05,0,A00,A0,A0,E0,0,0,2025,2,7,23,17,0,17,2035
04003,4591,A05,0,A00,A0,A0,E0,0,0,2025,2,47,46,13,14,-1,2007
04005,4591,A05,0,A00,A0,A0,E0,0,0,2025,2,297,266,52,82,-31,2318
04007,4591,A05,0,A00,A0,A0,E0,0,0,2025,2,11,11,,,0,1298
04009,4591,A05,0,A00,A0,A0,E0,0,0,2025,2,13,13,,,0,1993
04013,4591,A05,0,A00,A0,A0,E0,0,0,2025,2,9069,8585,1501,1986,-484,2580
04015,4591,A05,0,A00,A0,A0,E0,0,0,2025,2,109,102,19,27,-7,2126
04017,4591,A05,0,A00,A0,A0,E0,0,0,2025,2,55,55,10,10,0,2032
04019,4591,A05,0,A00,A0,A0,E0,0,0,2025,2,1166,1097,186,255,-69,2247
04021,4591,A05,0,A00,A0,A0,E0,0,0,2025,2,89,70,22,40,-19,2323
04023,4591,A05,0,A00,A0,A0,E0,0,0,2025,2,41,40,5,6,-1,1845
04025,4591,A05,0,A00,A0,A0,E0,0,0,2025,2,301,267,52,86,-34,2257
04027,4591,A05,0,A00,A0,A0,E0,0,0,2025,2,124,123,16,18,-1,2282
04,4591,A05,0,A00,A0,A0,E0,0,0,2025,2,11327,10697,1899,2529,-630,2510
04001,4591,A05,0,A00,A0,A0,E0,0,0,2025,3,23,17,3,10,-7,959
04003,4591,A05,0,A00,A0,A0,E0,0,0,2025,3,46,50,17,13,4,2013
04005,4591,A05,0,A00,A0,A0,E0,0,0,2025,3,266,260,39,46,-7,2486
04007,4591,A05,0,A00,A0,A0,E0,0,0,2025,3,11,14,6,4,3,1490
04009,4591,A05,0,A00,A0,A0,E0,0,0,2025,3,13,11,,3,-2,2224
04013,4591,A05,0,A00,A0,A0,E0,0,0,2025,3,8585,8907,1723,1401,323,2676
04015,4591,A05,0,A00,A0,A0,E0,0,0,2025,3,102,91,8,19,-11,2208
04017,4591,A05,0,A00,A0,A0,E0,0,0,2025,3,55,53,10,12,-2,1995
04019,4591,A05,0,A00,A0,A0,E0,0,0,2025,3,1089,1078,161,172,-11,2362
04021,4591,A05,0,A00,A0,A0,E0,0,0,2025,3,70,74,11,8,3,2650
04023,4591,A05,0,A00,A0,A0,E0,0,0,2025,3,40,41,7,6,1,2030
04025,4591,A05,0,A00,A0,A0,E0,0,0,2025,3,267,284,56,39,17,2880
04027,4591,A05,0,A00,A0,A0,E0,0,0,2025,3,123,121,14,16,-1,2125
04,4591,A05,0,A00,A0,A0,E0,0,0,2025,3,10689,10999,2057,1747,311,2618
04001,4591,A05,0,A00,A0,A0,E0,0,0,2025,4,17,,0,,,1090
04003,4591,A05,0,A00,A0,A0,E0,0,0,2025,4,50,,16,,,1872
04005,4591,A05,0,A00,A0,A0,E0,0,0,2025,4,257,,88,,,2573
04007,4591,A05,0,A00,A0,A0,E0,0,0,2025,4,14,,,,,1990
04009,4591,A05,0,A00,A0,A0,E0,0,0,2025,4,11,,,,,2460
04013,4591,A05,0,A00,A0,A0,E0,0,0,2025,4,8905,,2479,,,3051
04015,4591,A05,0,A00,A0,A0,E0,0,0,2025,4,91,,15,,,2510
04017,4591,A05,0,A00,A0,A0,E0,0,0,2025,4,53,,7,,,1955
04019,4591,A05,0,A00,A0,A0,E0,0,0,2025,4,1079,,218,,,2485
04021,4591,A05,0,A00,A0,A0,E0,0,0,2025,4,74,,17,,,2599
04023,4591,A05,0,A00,A0,A0,E0,0,0,2025,4,41,,5,,,2097
04025,4591,A05,0,A00,A0,A0,E0,0,0,2025,4,284,,66,,,3295
04027,4591,A05,0,A00,A0,A0,E0,0,0,2025,4,121,,29,,,2318
04,4591,A05,0,A00,A0,A0,E0,0,0,2025,4,10995,,2943,,,2954
