city,open_q,k,Emp_ly,Emp,ctl_yoy,excessEmp_vs_ctl,Hir_ly,Hir,excessHir,nctl
Harris(Baybrook+Katy),2023Q2,0,7301,7446,0.973,343,1592,1642,213,80
Harris(Baybrook+Katy),2023Q2,1,7379,7529,0.983,272,2013,1660,-130,80
Harris(Baybrook+Katy),2023Q2,2,7619,7573,0.98,108,2467,1992,-273,84
Harris(Baybrook+Katy),2023Q2,3,8219,7912,0.992,-244,1013,928,-86,83
Fayetteville,2023Q3,0,490,586,0.985,103,144,160,47,69
Fayetteville,2023Q3,1,492,598,0.966,123,167,165,11,70
Fayetteville,2023Q3,2,517,611,1.011,88,99,109,22,70
Fayetteville,2023Q3,3,565,588,1.002,22,144,108,-31,70
Chesapeake,2023Q3,0,371,421,0.979,58,94,97,-2,54
Chesapeake,2023Q3,1,361,416,1.0,55,109,115,4,56
Chesapeake,2023Q3,2,383,452,1.019,62,57,43,-10,56
Chesapeake,2023Q3,3,357,412,1.035,43,125,53,-54,57
Tampa(Intl Plaza),2024Q4,0,2182,2256,1.0,75,604,551,-37,46
Tampa(Intl Plaza),2024Q4,1,2454,2258,0.923,-6,311,245,-19,46
Tampa(Intl Plaza),2024Q4,2,2314,2186,0.956,-27,369,313,-83,45
Tampa(Intl Plaza),2024Q4,3,2286,1990,0.934,-145,460,378,-14,44
Miami(Kendall),2025Q1,0,3002,2665,0.923,-105,402,312,-30,46
Miami(Kendall),2025Q1,1,2752,2551,0.956,-80,417,383,-64,45
Miami(Kendall),2025Q1,2,2640,2405,0.934,-60,550,435,-34,44
Miami(Kendall),2025Q1,3,2668,2380,0.933,-109,870,656,30,44
Beavercreek,2025Q1,0,369,429,0.976,69,47,66,22,54
Beavercreek,2025Q1,1,367,412,0.999,45,53,62,9,53
Beavercreek,2025Q1,2,350,337,0.934,10,72,82,2,54
Beavercreek,2025Q1,3,359,341,0.957,-3,139,116,-17,53
Columbus(Polaris),2025Q3,0,767,714,0.934,-3,147,188,26,54
Columbus(Polaris),2025Q3,1,767,752,0.957,18,176,225,56,53
Dallas(Galleria),2025Q3,0,3812,3498,0.998,-307,796,888,-22,82
Dallas(Galleria),2025Q3,1,3843,3701,1.037,-285,1049,916,-92,82
Leawood,2025Q3,0,2264,2281,0.934,166,472,542,47,19
Leawood,2025Q3,1,2213,2301,0.955,187,570,536,29,20
Jersey City,2025Q3,0,216,232,0.969,23,32,68,30,19
Jersey City,2025Q3,1,222,275,1.018,49,51,103,50,19
Durham,2025Q4,0,593,616,0.966,43,100,137,45,68
Live Oak(San Antonio),2025Q4,0,2656,2849,1.037,94,687,687,27,82
Glendale,2025Q4,0,8869,8905,0.977,244,2537,2479,29,13
Charlottesville,2025Q4,0,179,166,0.994,-12,43,41,-1,52
Strongsville,2025Q4,0,1574,1604,0.957,98,392,406,30,53
Freehold,2025Q4,0,994,1170,1.018,158,271,330,48,19
Brandon,2025Q4,0,2256,2043,0.933,-62,551,458,62,44
Kennesaw,2025Q4,0,1659,1945,1.025,245,449,466,43,65
Mobile,2025Q4,0,542,574,1.017,23,176,148,-22,36
