city,open,n_post_mo,yoy_postavg,yoy_FebMar,pre6_FebMar,wag_exc_2026Q1_annualized_$M,"estabs_25Q1,26Q1,excess"
Columbus(Polaris),2025-08-15,8,89.50171164985652,139.97144402407807,137.96696529419748,1.027750765294889,"(np.float64(18.0), np.float64(19.0), np.float64(1.0))"
Dallas(Galleria),2025-09-10,7,-77.39265760291131,-24.771522798681417,21.256557276604326,11.655554092043921,"(np.float64(118.0), np.float64(122.0), np.float64(4.0))"
Leawood,2025-09-12,7,77.83393504955711,59.13508990447474,52.51117674781585,2.424605238803439,"(np.float64(63.0), np.float64(69.0), np.float64(6.0))"
Jersey City,2025-09-18,1,151.087409345225,169.5,145.24701715621268,5.382808,"(np.float64(13.0), np.float64(13.0), np.float64(0.0))"
Durham,2025-10-10,6,115.68041893347747,105.3834464738535,58.25199821936647,0.36218239103977384,"(np.float64(18.0), np.float64(22.0), np.float64(4.0))"
Live Oak(San Antonio),2025-10-15,6,219.3834721997679,175.35793624482926,111.62266213336534,3.6473841547081025,"(np.float64(91.0), np.float64(87.0), np.float64(-4.0))"
Glendale,2025-10-20,6,174.27395027340026,167.99543296435922,288.02432770055384,5.5046934264533816,"(np.float64(334.0), np.float64(323.0), np.float64(-11.0))"
Charlottesville,2025-10-31,6,-12.015275923366138,-2.9531761745524996,-0.5141464754704046,0.08310185018618195,"(np.float64(6.0), np.float64(5.0), np.float64(-1.0))"
Strongsville,2025-10-31,6,17.033092262204264,56.4335989595092,65.2884032568503,0.9029586416768283,"(np.float64(74.0), np.float64(71.0), np.float64(-3.0))"
Freehold,2025-11-01,5,199.3759153720278,186.53561015043434,122.66317250238046,4.11475583085984,"(np.float64(47.0), np.float64(48.0), np.float64(1.0))"
Brandon,2025-11-07,5,93.93784028623277,20.071279412738477,13.946374403436607,3.389905792901531,"(np.float64(100.0), np.float64(98.0), np.float64(-2.0))"
Kennesaw,2025-11-07,5,106.43089266494545,44.994016628390455,4.657073279698068,0.9059929890461527,"(np.float64(54.0), np.float64(50.0), np.float64(-4.0))"
Mobile,2025-10-15,6,67.71113893917706,63.84242772100491,27.74899915045731,1.8870218278494515,"(np.float64(31.0), np.float64(31.0), np.float64(0.0))"
Amherst,2026-03-13,1,110.55292089879345,141.28733602000756,145.05202318101362,2.6852326596483476,"(np.float64(62.0), np.float64(60.0), np.float64(-2.0))"
