id,citystate,slug,posted,text
202638967,daly-city-ca,seasonal-retail-sales-associate,10/02/2026,"Daly City, California Daly City CA Seasonal Retail Sales Associate Store Hourly Date posted 10/02/2026"
202635606,daly-city-ca,specialist-apparel,30+ days ago,"Daly City, California Daly City CA Specialist Apparel Store Hourly Date posted 30+ days ago"
202635609,daly-city-ca,specialist-off-field-operations,30+ days ago,"Daly City, California Daly City CA Specialist Off Field Operations Store Hourly Date posted 30+ days ago"
202633568,daly-city-ca,teammate-operations,30+ days ago,"Daly City, California Daly City CA Teammate - Operations Store Hourly Date posted 30+ days ago"
202633567,daly-city-ca,teammate-sales,30+ days ago,"Daly City, California Daly City CA Teammate - Sales Store Hourly Date posted 30+ days ago"
202616679,daly-city-ca,team-captain-endzone-loyalty,30+ days ago,"Daly City, California Daly City CA Team Captain Endzone & Loyalty Sales Managers Date posted 30+ days ago"
202640012,pleasant-hill-ca,retail-softlines-sales-lead-key-holder,10/06/2026,"Pleasant Hill, California Pleasant Hill CA Retail Softlines Sales Lead - Key Holder Store Hourly Golf Date posted 10/06/2026"
202638526,pleasant-hill-ca,ggxy-retail-operations-lead,10/02/2026,"Pleasant Hill, California Pleasant Hill CA GGXY Retail Operations Lead Store Hourly Golf Date posted 10/02/2026"
202631585,pleasant-hill-ca,retail-softlines-sales-associate,30+ days ago,"Pleasant Hill, California Pleasant Hill CA Retail Softlines Sales Associate Store Hourly Golf Date posted 30+ days ago"
202623265,pleasant-hill-ca,retail-cashier,30+ days ago,"Pleasant Hill, California Pleasant Hill CA Retail Cashier Store Hourly Date posted 30+ days ago"
202608631,pleasant-hill-ca,retail-golf-club-tech,30+ days ago,"Pleasant Hill, California Pleasant Hill CA Retail Golf Club Tech Store Hourly Golf Date posted 30+ days ago"
202608099,pleasant-hill-ca,retail-golf-equipment-sales-associate,30+ days ago,"Pleasant Hill, California Pleasant Hill CA Retail golf equipment sales associate Store Hourly Golf Date posted 30+ days ago"
202638959,pleasant-hill-ca,seasonal-retail-sales-associate,10/02/2026,"Pleasant Hill, California Pleasant Hill CA Seasonal Retail Sales Associate Store Hourly Date posted 10/02/2026"
202634757,pleasant-hill-ca,team-captain-off-field-operations,30+ days ago,"Pleasant Hill, California Pleasant Hill CA Team Captain Off Field Operations Sales Managers Date posted 30+ days ago"
202609961,pleasant-hill-ca,team-captain-off-field-operations,30+ days ago,"Pleasant Hill, California Pleasant Hill CA Team Captain Off Field Operations Sales Managers Date posted 30+ days ago"
202633537,pleasant-hill-ca,teammate-sales,30+ days ago,"Pleasant Hill, California Pleasant Hill CA Teammate - Sales Store Hourly Date posted 30+ days ago"
202633538,pleasant-hill-ca,teammate-operations,30+ days ago,"Pleasant Hill, California Pleasant Hill CA Teammate - Operations Store Hourly Date posted 30+ days ago"
202609960,pleasant-hill-ca,team-captain-apparel,30+ days ago,"Pleasant Hill, California Pleasant Hill CA Team Captain Apparel Sales Managers Date posted 30+ days ago"
202639568,dublin-ca,seasonal-retail-sales-associate,10/02/2026,"Dublin, California Dublin CA Seasonal Retail Sales Associate Store Hourly Date posted 10/02/2026"
202634129,dublin-ca,teammate-operations,30+ days ago,"Dublin, California Dublin CA Teammate - Operations Store Hourly Date posted 30+ days ago"
202634128,dublin-ca,teammate-sales,30+ days ago,"Dublin, California Dublin CA Teammate - Sales Store Hourly Date posted 30+ days ago"
202610345,petaluma-ca,specialist-off-field-operations,10/06/2026,"Petaluma, California Petaluma CA Specialist Off Field Operations Store Hourly Date posted 10/06/2026"
202638957,petaluma-ca,seasonal-retail-sales-associate,10/02/2026,"Petaluma, California Petaluma CA Seasonal Retail Sales Associate Store Hourly Date posted 10/02/2026"
202633518,petaluma-ca,teammate-operations,30+ days ago,"Petaluma, California Petaluma CA Teammate - Operations Store Hourly Date posted 30+ days ago"
202633517,petaluma-ca,teammate-sales,30+ days ago,"Petaluma, California Petaluma CA Teammate - Sales Store Hourly Date posted 30+ days ago"
202635290,oklahoma-city-ok,retail-sales-associate-team-sports,30+ days ago,"Oklahoma City, Oklahoma Oklahoma City OK Retail Sales Associate Team Sports Store Hourly Date posted 30+ days ago"
202631450,oklahoma-city-ok,retail-sales-leader-front-end,30+ days ago,"Oklahoma City, Oklahoma Oklahoma City OK Retail Sales Leader - Front End Store Hourly Date posted 30+ days ago"
202629181,oklahoma-city-ok,retail-sales-associate-apparel,30+ days ago,"Oklahoma City, Oklahoma Oklahoma City OK Retail Sales Associate Apparel Store Hourly Date posted 30+ days ago"
202605183,oklahoma-city-ok,retail-cashier,30+ days ago,"Oklahoma City, Oklahoma Oklahoma City OK Retail Cashier Store Hourly Date posted 30+ days ago"
202639582,sioux-falls-sd,seasonal-retail-sales-associate,10/02/2026,"Sioux Falls, South Dakota Sioux Falls SD Seasonal Retail Sales Associate Store Hourly Date posted 10/02/2026"
202637774,sioux-falls-sd,retail-cashier,09/28/2026,"Sioux Falls, South Dakota Sioux Falls SD Retail Cashier Store Hourly Date posted 09/28/2026"
202637773,sioux-falls-sd,retail-sales-associate-footwear,09/28/2026,"Sioux Falls, South Dakota Sioux Falls SD Retail Sales Associate Footwear Store Hourly Date posted 09/28/2026"
202637776,sioux-falls-sd,retail-sales-associate-golf,09/28/2026,"Sioux Falls, South Dakota Sioux Falls SD Retail Sales Associate Golf Store Hourly Golf Date posted 09/28/2026"
202638172,sioux-falls-sd,retail-equipment-services-technician,09/26/2026,"Sioux Falls, South Dakota Sioux Falls SD Retail Equipment Services Technician Store Hourly Date posted 09/26/2026"
202638036,sioux-falls-sd,retail-rock-climbing-lead,09/24/2026,"Sioux Falls, South Dakota Sioux Falls SD Retail Rock Climbing Lead Store Hourly Date posted 09/24/2026"
202638034,sioux-falls-sd,retail-operations-associate,09/24/2026,"Sioux Falls, South Dakota Sioux Falls SD Retail Operations Associate Store Hourly Date posted 09/24/2026"
202638037,sioux-falls-sd,retail-omni-fulfillment-lead,09/24/2026,"Sioux Falls, South Dakota Sioux Falls SD Retail Omni Fulfillment Lead Store Hourly Date posted 09/24/2026"
202638035,sioux-falls-sd,retail-outdoor-associate,09/24/2026,"Sioux Falls, South Dakota Sioux Falls SD Retail Outdoor Associate Store Hourly Date posted 09/24/2026"
202637775,sioux-falls-sd,retail-sales-associate-team-sports,09/23/2026,"Sioux Falls, South Dakota Sioux Falls SD Retail Sales Associate Team Sports Store Hourly Date posted 09/23/2026"
202637772,sioux-falls-sd,retail-sales-associate-apparel,09/23/2026,"Sioux Falls, South Dakota Sioux Falls SD Retail Sales Associate Apparel Store Hourly Date posted 09/23/2026"
202606163,sioux-falls-sd,golf-professional-dick-s-house-of-sport,09/16/2026,"Sioux Falls, South Dakota Sioux Falls SD Golf Professional - DICK'S House of Sport Golf Professional Date posted 09/16/2026"
202639565,arlington-tx,seasonal-retail-sales-associate,10/02/2026,"Arlington, Texas Arlington TX Seasonal Retail Sales Associate Store Hourly Date posted 10/02/2026"
202637689,arlington-tx,retail-sales-associate-apparel,09/22/2026,"Arlington, Texas Arlington TX Retail Sales Associate Apparel Store Hourly Date posted 09/22/2026"
202600949,arlington-tx,golf-professional-dick-s-house-of-sport,09/16/2026,"Arlington, Texas Arlington TX Golf Professional - DICK'S House of Sport Golf Professional Date posted 09/16/2026"
202636192,arlington-tx,retail-sales-leader-front-end,09/11/2026,"Arlington, Texas Arlington TX Retail Sales Leader - Front End Store Hourly Date posted 09/11/2026"
202639545,tulsa-ok,seasonal-retail-sales-associate,10/02/2026,"Tulsa, Oklahoma Tulsa OK Seasonal Retail Sales Associate Store Hourly Date posted 10/02/2026"
202630021,tulsa-ok,retail-cashier,10/01/2026,"Tulsa, Oklahoma Tulsa OK Retail Cashier Store Hourly Date posted 10/01/2026"
202638707,tulsa-ok,golf-associate,10/01/2026,"Tulsa, Oklahoma Tulsa OK Golf Associate Store Hourly Golf Date posted 10/01/2026"
202638489,tulsa-ok,retail-omni-fulfillment-associate,09/29/2026,"Tulsa, Oklahoma Tulsa OK Retail Omni Fulfillment Associate Store Hourly Date posted 09/29/2026"
202637605,tulsa-ok,retail-rock-climbing-associate,09/22/2026,"Tulsa, Oklahoma Tulsa OK Retail Rock Climbing Associate Store Hourly Date posted 09/22/2026"
202637559,tulsa-ok,retail-sales-associate-apparel,09/21/2026,"Tulsa, Oklahoma Tulsa OK Retail Sales Associate Apparel Store Hourly Date posted 09/21/2026"
202637542,tulsa-ok,event-associate,09/21/2026,"Tulsa, Oklahoma Tulsa OK Event Associate Store Hourly Date posted 09/21/2026"
202637534,tulsa-ok,retail-sales-associate-team-sports,09/21/2026,"Tulsa, Oklahoma Tulsa OK Retail Sales Associate Team Sports Store Hourly Date posted 09/21/2026"
202637538,tulsa-ok,retail-outdoor-associate,09/21/2026,"Tulsa, Oklahoma Tulsa OK Retail Outdoor Associate Store Hourly Date posted 09/21/2026"
202631831,tulsa-ok,retail-equipment-services-technician,30+ days ago,"Tulsa, Oklahoma Tulsa OK Retail Equipment Services Technician Store Hourly Date posted 30+ days ago"
202631387,tulsa-ok,retail-rock-climbing-lead,30+ days ago,"Tulsa, Oklahoma Tulsa OK Retail Rock Climbing Lead Store Hourly Date posted 30+ days ago"
202609140,tulsa-ok,retail-sales-lead-golf,30+ days ago,"Tulsa, Oklahoma Tulsa OK Retail Sales Lead Golf Store Hourly Golf Date posted 30+ days ago"
202606694,tulsa-ok,retail-sales-lead-apparel,30+ days ago,"Tulsa, Oklahoma Tulsa OK Retail Sales Lead Apparel Store Hourly Date posted 30+ days ago"
202638136,frisco-tx,retail-operations-associate,09/25/2026,"Frisco, Texas Frisco TX Retail Operations Associate Store Hourly Date posted 09/25/2026"
202604703,frisco-tx,golf-professional-dick-s-house-of-sport,30+ days ago,"Frisco, Texas Frisco TX Golf Professional - DICK'S House of Sport Golf Professional Date posted 30+ days ago"
202635022,dallas-tx,retail-operations-associate,10/05/2026,"Dallas, Texas Dallas TX Retail Operations Associate Store Hourly Date posted 10/05/2026"
202639558,dallas-tx,seasonal-retail-sales-associate,10/02/2026,"Dallas, Texas Dallas TX Seasonal Retail Sales Associate Store Hourly Date posted 10/02/2026"
202506187,dallas-tx,golf-professional-house-of-sport,09/16/2026,"Dallas, Texas Dallas TX Golf Professional - House of Sport Golf Professional Date posted 09/16/2026"
202624196,dallas-tx,retail-equipment-services-technician,30+ days ago,"Dallas, Texas Dallas TX Retail Equipment Services Technician Store Hourly Date posted 30+ days ago"
202608396,dallas-tx,retail-equipment-services-technician,30+ days ago,"Dallas, Texas Dallas TX RETAIL EQUIPMENT SERVICES TECHNICIAN Store Hourly Date posted 30+ days ago"
202639559,live-oak-tx,seasonal-retail-sales-associate,10/05/2026,"Live Oak, Texas San Antonio TX Seasonal Retail Sales Associate Store Hourly Date posted 10/05/2026"
202610558,live-oak-tx,golf-professional-dick-s-house-of-sport,09/16/2026,"Live Oak, Texas San Antonio TX Golf Professional - DICK'S House of Sport Golf Professional Date posted 09/16/2026"
202631633,live-oak-tx,retail-master-club-fitter,30+ days ago,"Live Oak, Texas San Antonio TX Retail Master Club Fitter Store Hourly Golf Date posted 30+ days ago"
202631564,live-oak-tx,retail-sales-lead-apparel,30+ days ago,"Live Oak, Texas San Antonio TX Retail Sales Lead Apparel Store Hourly Date posted 30+ days ago"
202631563,live-oak-tx,retail-customer-service-specialist,30+ days ago,"Live Oak, Texas San Antonio TX Retail Customer Service Specialist Store Hourly Date posted 30+ days ago"
202631566,live-oak-tx,retail-sales-associate-golf,30+ days ago,"Live Oak, Texas San Antonio TX Retail Sales Associate Golf Store Hourly Golf Date posted 30+ days ago"
202606661,live-oak-tx,retail-sales-leader-front-end,30+ days ago,"Live Oak, Texas San Antonio TX Retail Sales Leader - Front End Store Hourly Date posted 30+ days ago"
202639546,leawood-ks,seasonal-retail-sales-associate,10/07/2026,"Leawood, Kansas Leawood KS Seasonal Retail Sales Associate Store Hourly Date posted 10/07/2026"
202630129,leawood-ks,retail-freight-flow-lead,09/30/2026,"Leawood, Kansas Leawood KS Retail Freight Flow Lead Store Hourly Date posted 09/30/2026"
202634950,leawood-ks,golf-professional-dick-s-house-of-sport,30+ days ago,"Leawood, Kansas Leawood KS Golf Professional - DICK'S House of Sport Golf Professional Date posted 30+ days ago"
202632322,leawood-ks,retail-sales-lead-footwear,30+ days ago,"Leawood, Kansas Leawood KS Retail Sales Lead Footwear Store Hourly Date posted 30+ days ago"
202630115,leawood-ks,retail-cashier,30+ days ago,"Leawood, Kansas Leawood KS Retail Cashier Store Hourly Date posted 30+ days ago"
202639526,minnetonka-mn,seasonal-retail-sales-associate,10/02/2026,"Minnetonka, Minnesota Minnetonka MN Seasonal Retail Sales Associate Store Hourly Date posted 10/02/2026"
202632573,minnetonka-mn,retail-sales-lead-golf,30+ days ago,"Minnetonka, Minnesota Minnetonka MN Retail Sales Lead Golf Store Hourly Golf Date posted 30+ days ago"
202636822,springfield-mo,golf-professional-dick-s-house-of-sport,09/16/2026,"Springfield, Missouri Springfield MO Golf Professional - DICK'S House of Sport Golf Professional Date posted 09/16/2026"
202635873,springfield-mo,assistant-store-manager-operations-house-of-sport,09/10/2026,"Springfield, Missouri Springfield MO Assistant Store Manager Operations - House of Sport Sales Managers Date posted 09/10/2026"
202635872,springfield-mo,assistant-store-manager-sales-house-of-sport,09/10/2026,"Springfield, Missouri Springfield MO Assistant Store Manager Sales - House of Sport Sales Managers Date posted 09/10/2026"
202635968,springfield-mo,assistant-store-manager-experiences-house-of-sport,09/10/2026,"Springfield, Missouri Springfield MO Assistant Store Manager Experiences - House of Sport Sales Managers Date posted 09/10/2026"
202609055,springfield-mo,executive-store-director-house-of-sport,30+ days ago,"Springfield, Missouri Springfield MO Executive Store Director - House of Sport District Managers Date posted 30+ days ago"
202639536,katy-tx,seasonal-retail-sales-associate,10/02/2026,"Katy, Texas Katy TX Seasonal Retail Sales Associate Store Hourly Date posted 10/02/2026"
202637918,katy-tx,retail-sales-associate-apparel,09/24/2026,"Katy, Texas Katy TX Retail Sales Associate Apparel Store Hourly Date posted 09/24/2026"
202631917,katy-tx,assistant-store-manager-sales-house-of-sport,30+ days ago,"Katy, Texas Katy TX Assistant Store Manager Sales - House of Sport Sales Managers Date posted 30+ days ago"
202624152,katy-tx,teammate-golf,30+ days ago,"Katy, Texas Katy TX Teammate Golf Store Hourly Date posted 30+ days ago"
202639566,cedar-rapids-ia,seasonal-retail-sales-associate,10/02/2026,"Cedar Rapids, Iowa Cedar Rapids IA Seasonal Retail Sales Associate Store Hourly Date posted 10/02/2026"
202635172,cedar-rapids-ia,retail-sales-associate-apparel,30+ days ago,"Cedar Rapids, Iowa Cedar Rapids IA Retail Sales Associate Apparel Store Hourly Date posted 30+ days ago"
202631778,cedar-rapids-ia,retail-cashier,30+ days ago,"Cedar Rapids, Iowa Cedar Rapids IA Retail Cashier Store Hourly Date posted 30+ days ago"
202631690,cedar-rapids-ia,retail-sales-associate-footwear,30+ days ago,"Cedar Rapids, Iowa Cedar Rapids IA Retail Sales Associate Footwear Store Hourly Date posted 30+ days ago"
202631359,cedar-rapids-ia,retail-operations-associate,30+ days ago,"Cedar Rapids, Iowa Cedar Rapids IA Retail Operations Associate Store Hourly Date posted 30+ days ago"
202632471,cedar-rapids-ia,retail-customer-service-specialist,30+ days ago,"Cedar Rapids, Iowa Cedar Rapids IA Retail Customer Service Specialist Store Hourly Date posted 30+ days ago"
202631679,cedar-rapids-ia,retail-sales-associate-team-sports,30+ days ago,"Cedar Rapids, Iowa Cedar Rapids IA Retail Sales Associate Team Sports Store Hourly Date posted 30+ days ago"
202629299,cedar-rapids-ia,retail-sales-associate-golf,30+ days ago,"Cedar Rapids, Iowa Cedar Rapids IA Retail Sales Associate Golf Store Hourly Golf Date posted 30+ days ago"
202630054,cedar-rapids-ia,retail-rock-climbing-lead,30+ days ago,"Cedar Rapids, Iowa Cedar Rapids IA Retail Rock Climbing Lead Store Hourly Date posted 30+ days ago"
202607524,cedar-rapids-ia,retail-master-club-fitter,30+ days ago,"Cedar Rapids, Iowa Cedar Rapids IA Retail Master Club Fitter Store Hourly Golf Date posted 30+ days ago"
202606913,cedar-rapids-ia,retail-sales-lead-apparel,30+ days ago,"Cedar Rapids, Iowa Cedar Rapids IA Retail Sales Lead Apparel Store Hourly Date posted 30+ days ago"
202639537,friendswood-tx,seasonal-retail-sales-associate,10/02/2026,"FRIENDSWOOD, Texas Baybrook TX Seasonal Retail Sales Associate Store Hourly Date posted 10/02/2026"
202632466,friendswood-tx,retail-sales-lead-team-sport,09/28/2026,"FRIENDSWOOD, Texas Baybrook TX Retail Sales Lead Team Sport Store Hourly Date posted 09/28/2026"
202637945,friendswood-tx,retail-sales-associate-golf,09/24/2026,"FRIENDSWOOD, Texas Baybrook TX Retail Sales Associate Golf Store Hourly Golf Date posted 09/24/2026"
202639531,davenport-ia,seasonal-retail-sales-associate,10/02/2026,"Davenport, Iowa Davenport IA Seasonal Retail Sales Associate Store Hourly Date posted 10/02/2026"
202638094,davenport-ia,retail-customer-service-specialist,09/25/2026,"Davenport, Iowa Davenport IA Retail Customer Service Specialist Store Hourly Date posted 09/25/2026"
202638109,davenport-ia,retail-omni-fulfillment-associate,09/25/2026,"Davenport, Iowa Davenport IA Retail Omni Fulfillment Associate Store Hourly Date posted 09/25/2026"
202637006,davenport-ia,retail-outdoor-associate,09/17/2026,"Davenport, Iowa Davenport IA Retail Outdoor Associate Store Hourly Date posted 09/17/2026"
202636926,davenport-ia,retail-rock-climbing-associate,09/17/2026,"Davenport, Iowa Davenport IA Retail Rock Climbing Associate Store Hourly Date posted 09/17/2026"
202636922,davenport-ia,retail-cashier,09/17/2026,"Davenport, Iowa Davenport IA Retail Cashier Store Hourly Date posted 09/17/2026"
202636924,davenport-ia,retail-sales-associate-footwear,09/17/2026,"Davenport, Iowa Davenport IA Retail Sales Associate Footwear Store Hourly Date posted 09/17/2026"
202636918,davenport-ia,retail-sales-associate-team-sports,09/17/2026,"Davenport, Iowa Davenport IA Retail Sales Associate Team Sports Store Hourly Date posted 09/17/2026"
202639532,champaign-il,seasonal-retail-sales-associate,10/02/2026,"Champaign, Illinois Champaign IL Seasonal Retail Sales Associate Store Hourly Date posted 10/02/2026"
202638665,champaign-il,retail-sales-lead-golf,10/01/2026,"Champaign, Illinois Champaign IL Retail Sales Lead Golf Store Hourly Golf Date posted 10/01/2026"
202638772,champaign-il,retail-sales-associate-golf,10/01/2026,"Champaign, Illinois Champaign IL Retail Sales Associate Golf Store Hourly Golf Date posted 10/01/2026"
202637726,champaign-il,retail-sales-associate-footwear,09/22/2026,"Champaign, Illinois Champaign IL Retail Sales Associate Footwear Store Hourly Date posted 09/22/2026"
202637295,champaign-il,retail-sales-associate-apparel,09/19/2026,"Champaign, Illinois Champaign IL Retail Sales Associate Apparel Store Hourly Date posted 09/19/2026"
202629640,champaign-il,retail-sales-lead-team-sport,30+ days ago,"Champaign, Illinois Champaign IL Retail Sales Lead Team Sport Store Hourly Date posted 30+ days ago"
202627431,champaign-il,retail-customer-service-specialist,30+ days ago,"Champaign, Illinois Champaign IL Retail Customer Service Specialist Store Hourly Date posted 30+ days ago"
202617057,champaign-il,retail-operations-associate,30+ days ago,"Champaign, Illinois Champaign IL Retail Operations Associate Store Hourly Date posted 30+ days ago"
202609333,champaign-il,retail-cashier,30+ days ago,"Champaign, Illinois Champaign IL Retail Cashier Store Hourly Date posted 30+ days ago"
202636575,schaumburg-il,retail-visual-merchandising-specialist,10/05/2026,"Schaumburg, Illinois Schaumburg IL Retail Visual Merchandising Specialist Store Hourly Date posted 10/05/2026"
202631093,schaumburg-il,retail-omni-fulfillment-associate,10/05/2026,"Schaumburg, Illinois Schaumburg IL Retail Omni Fulfillment Associate Store Hourly Date posted 10/05/2026"
202632715,schaumburg-il,retail-sales-associate-apparel,10/05/2026,"Schaumburg, Illinois Schaumburg IL Retail Sales Associate Apparel Store Hourly Date posted 10/05/2026"
202630627,schaumburg-il,retail-sales-associate-apparel,10/05/2026,"Schaumburg, Illinois Schaumburg IL Retail Sales Associate Apparel Store Hourly Date posted 10/05/2026"
202624842,schaumburg-il,retail-cashier,10/05/2026,"Schaumburg, Illinois Schaumburg IL Retail Cashier Store Hourly Date posted 10/05/2026"
202631016,schaumburg-il,retail-sales-associate-golf,10/05/2026,"Schaumburg, Illinois Schaumburg IL Retail Sales Associate Golf Store Hourly Golf Date posted 10/05/2026"
202639560,schaumburg-il,seasonal-retail-sales-associate,10/02/2026,"Schaumburg, Illinois Schaumburg IL Seasonal Retail Sales Associate Store Hourly Date posted 10/02/2026"
202632717,schaumburg-il,retail-sales-associate-team-sports,09/29/2026,"Schaumburg, Illinois Schaumburg IL Retail Sales Associate Team Sports Store Hourly Date posted 09/29/2026"
202639547,baton-rouge-la,seasonal-retail-sales-associate,10/02/2026,"Baton Rouge, Louisiana Baton Rouge LA Seasonal Retail Sales Associate Store Hourly Date posted 10/02/2026"
202637571,baton-rouge-la,retail-loss-prevention-safety-lead,09/22/2026,"Baton Rouge, Louisiana Baton Rouge LA Retail Loss Prevention & Safety Lead Loss Prevention - Stores Date posted 09/22/2026"
202634885,baton-rouge-la,retail-operations-associate,30+ days ago,"Baton Rouge, Louisiana Baton Rouge LA Retail Operations Associate Store Hourly Date posted 30+ days ago"
202630807,baton-rouge-la,retail-sales-associate-apparel,30+ days ago,"Baton Rouge, Louisiana Baton Rouge LA Retail Sales Associate Apparel Store Hourly Date posted 30+ days ago"
202629241,baton-rouge-la,retail-omni-fulfillment-associate,30+ days ago,"Baton Rouge, Louisiana Baton Rouge LA Retail Omni Fulfillment Associate Store Hourly Date posted 30+ days ago"
202629023,baton-rouge-la,retail-cashier,30+ days ago,"Baton Rouge, Louisiana Baton Rouge LA Retail cashier Store Hourly Date posted 30+ days ago"
202605077,baton-rouge-la,footwear-operations-associate,30+ days ago,"Baton Rouge, Louisiana Baton Rouge LA Footwear Operations Associate Store Hourly Date posted 30+ days ago"
202639551,mobile-al,seasonal-retail-sales-associate,10/02/2026,"Mobile, Alabama Mobile AL Seasonal Retail Sales Associate Store Hourly Date posted 10/02/2026"
202419274,mobile-al,golf-professional-house-of-sport,09/16/2026,"Mobile, Alabama Mobile AL Golf Professional - House of Sport Golf Professional Date posted 09/16/2026"
202608278,mobile-al,retail-equipment-services-lead,30+ days ago,"Mobile, Alabama Mobile AL Retail Equipment Services Lead Store Hourly Date posted 30+ days ago"
202607733,mobile-al,collectors-clubhouse-ambassador,30+ days ago,"Mobile, Alabama Mobile AL Collectors Clubhouse Ambassador Store Hourly Date posted 30+ days ago"
202515044,mobile-al,retail-associate-outdoor-lead,30+ days ago,"Mobile, Alabama Mobile AL Retail Associate Outdoor Lead Store Hourly Date posted 30+ days ago"
202605128,mobile-al,retail-sales-associate-footwear,30+ days ago,"Mobile, Alabama Mobile AL Retail Sales Associate Footwear Store Hourly Date posted 30+ days ago"
202605125,mobile-al,retail-sales-associate-golf,30+ days ago,"Mobile, Alabama Mobile AL Retail Sales Associate Golf Store Hourly Golf Date posted 30+ days ago"
202605124,mobile-al,sales-associate-cashier,30+ days ago,"Mobile, Alabama Mobile AL Sales Associate Cashier Store Hourly Date posted 30+ days ago"
202605130,mobile-al,retail-sales-associate-team-sports,30+ days ago,"Mobile, Alabama Mobile AL Retail Sales Associate Team Sports Store Hourly Date posted 30+ days ago"
202605132,mobile-al,retail-sales-associate-apparel,30+ days ago,"Mobile, Alabama Mobile AL Retail Sales Associate Apparel Store Hourly Date posted 30+ days ago"
202603737,mobile-al,retail-operations-associate,30+ days ago,"Mobile, Alabama Mobile AL Retail Operations Associate Store Hourly Date posted 30+ days ago"
202639544,beavercreek-oh,seasonal-retail-sales-associate,10/02/2026,"Beavercreek, Ohio Dayton OH Seasonal Retail Sales Associate Store Hourly Date posted 10/02/2026"
202605697,beavercreek-oh,golf-professional-dick-s-house-of-sport,09/16/2026,"Beavercreek, Ohio Dayton OH Golf Professional - DICK'S House of Sport Golf Professional Date posted 09/16/2026"
202631926,beavercreek-oh,retail-sales-associate-team-sports,30+ days ago,"Beavercreek, Ohio Dayton OH Retail Sales Associate Team Sports Store Hourly Date posted 30+ days ago"
202602769,beavercreek-oh,retail-sales-associate-footwear,30+ days ago,"Beavercreek, Ohio Dayton OH Retail Sales Associate Footwear Store Hourly Date posted 30+ days ago"
202627464,beavercreek-oh,event-associate,30+ days ago,"Beavercreek, Ohio Dayton OH Event Associate Store Hourly Date posted 30+ days ago"
202627305,beavercreek-oh,retail-equipment-services-technician,30+ days ago,"Beavercreek, Ohio Dayton OH Retail Equipment Services Technician Store Hourly Date posted 30+ days ago"
202622496,beavercreek-oh,retail-sales-associate-apparel,30+ days ago,"Beavercreek, Ohio Dayton OH Retail Sales Associate Apparel Store Hourly Date posted 30+ days ago"
202605745,beavercreek-oh,retail-operations-associate,30+ days ago,"Beavercreek, Ohio Dayton OH Retail Operations Associate Store Hourly Date posted 30+ days ago"
202601173,beavercreek-oh,retail-sales-associate-apparel,30+ days ago,"Beavercreek, Ohio Dayton OH Retail Sales Associate Apparel Store Hourly Date posted 30+ days ago"
202639798,novi-mi,retail-cashier,10/05/2026,"Novi, Michigan Novi MI Retail Cashier Store Hourly Date posted 10/05/2026"
202631332,novi-mi,retail-sales-associate-footwear,09/11/2026,"Novi, Michigan Novi MI Retail Sales Associate Footwear Store Hourly Date posted 09/11/2026"
202634539,novi-mi,retail-sales-leader-front-end,30+ days ago,"Novi, Michigan Novi MI Retail Sales Leader - Front End Store Hourly Date posted 30+ days ago"
202632043,novi-mi,retail-loss-prevention-lead,30+ days ago,"Novi, Michigan Novi MI Retail Loss Prevention Lead Loss Prevention - Stores Date posted 30+ days ago"
202631714,novi-mi,retail-rock-climbing-associate,30+ days ago,"Novi, Michigan Novi MI Retail Rock Climbing Associate Store Hourly Date posted 30+ days ago"
202631709,novi-mi,retail-equipment-services-technician,30+ days ago,"Novi, Michigan Novi MI Retail Equipment Services Technician Store Hourly Date posted 30+ days ago"
202631476,novi-mi,retail-operations-associate,30+ days ago,"Novi, Michigan Novi MI Retail Operations Associate Store Hourly Date posted 30+ days ago"
202631477,novi-mi,retail-sales-associate-team-sports,30+ days ago,"Novi, Michigan Novi MI Retail Sales Associate Team Sports Store Hourly Date posted 30+ days ago"
202631327,novi-mi,retail-sales-associate-apparel,30+ days ago,"Novi, Michigan Novi MI Retail Sales Associate Apparel Store Hourly Date posted 30+ days ago"
202631330,novi-mi,retail-cashier,30+ days ago,"Novi, Michigan Novi MI Retail Cashier Store Hourly Date posted 30+ days ago"
202639854,columbus-oh,retail-sales-leader-front-end,10/05/2026,"Columbus, Ohio Polaris OH Retail Sales Leader - Front End Store Hourly Date posted 10/05/2026"
202639852,columbus-oh,retail-sales-lead-footwear,10/05/2026,"Columbus, Ohio Polaris OH Retail Sales Lead Footwear Store Hourly Date posted 10/05/2026"
202639849,columbus-oh,retail-sales-lead-apparel,10/05/2026,"Columbus, Ohio Polaris OH Retail Sales Lead Apparel Store Hourly Date posted 10/05/2026"
202639549,columbus-oh,seasonal-retail-sales-associate,10/02/2026,"Columbus, Ohio Polaris OH Seasonal Retail Sales Associate Store Hourly Date posted 10/02/2026"
202635879,columbus-oh,retail-sales-lead-golf,09/09/2026,"Columbus, Ohio Polaris OH Retail Sales Lead Golf Store Hourly Golf Date posted 09/09/2026"
202635114,columbus-oh,retail-price-and-signage-lead,30+ days ago,"Columbus, Ohio Polaris OH Retail Price and Signage Lead Store Hourly Date posted 30+ days ago"
202626995,columbus-oh,assistant-store-manager-operations-house-of-sport,30+ days ago,"Columbus, Ohio Polaris OH Assistant Store Manager Operations - House of Sport Sales Managers Date posted 30+ days ago"
202639530,knoxville-tn,seasonal-retail-sales-associate,10/05/2026,"Knoxville, Tennessee Knoxville TN Seasonal Retail Sales Associate Store Hourly Date posted 10/05/2026"
202638458,knoxville-tn,retail-sales-lead-footwear,09/29/2026,"Knoxville, Tennessee Knoxville TN Retail Sales Lead Footwear Store Hourly Date posted 09/29/2026"
202631954,knoxville-tn,local-marketing-specialist-house-of-sport,30+ days ago,"Knoxville, Tennessee Knoxville TN Local Marketing Specialist - House of Sport Advertising/Marketing Date posted 30+ days ago"
202639552,kennesaw-ga,seasonal-retail-sales-associate,10/02/2026,"Kennesaw, Georgia Kennesaw GA Seasonal Retail Sales Associate Store Hourly Date posted 10/02/2026"
202636486,kennesaw-ga,retail-loss-prevention-safety-lead,09/14/2026,"Kennesaw, Georgia Kennesaw GA Retail Loss Prevention & Safety Lead Loss Prevention - Stores Date posted 09/14/2026"
202638321,strongsville-oh,local-marketing-specialist-house-of-sport,10/07/2026,"Strongsville, Ohio Strongsville OH Local Marketing Specialist - House of Sport Advertising/Marketing Date posted 10/07/2026"
202639557,strongsville-oh,seasonal-retail-sales-associate,10/07/2026,"Strongsville, Ohio Strongsville OH Seasonal Retail Sales Associate Store Hourly Date posted 10/07/2026"
202638097,strongsville-oh,retail-customer-service-specialist,09/25/2026,"Strongsville, Ohio Strongsville OH Retail Customer Service Specialist Store Hourly Date posted 09/25/2026"
202635214,strongsville-oh,field-visual-merchandiser-house-of-sport-novi-mi-strongsville-oh,30+ days ago,"Strongsville, Ohio Strongsville OH Field Visual Merchandiser - House of Sport - Novi, MI & Strongsville, OH Merchandising Date posted 30+ days ago"
202634286,strongsville-oh,event-programming-lead,30+ days ago,"Strongsville, Ohio Strongsville OH Event Programming Lead Store Hourly Date posted 30+ days ago"
202604939,strongsville-oh,retail-cashier,30+ days ago,"Strongsville, Ohio Strongsville OH Retail Cashier Store Hourly Date posted 30+ days ago"
202629438,strongsville-oh,retail-sales-lead-apparel,30+ days ago,"Strongsville, Ohio Strongsville OH Retail Sales Lead Apparel Store Hourly Date posted 30+ days ago"
202605911,strongsville-oh,retail-sales-associate-footwear,30+ days ago,"Strongsville, Ohio Strongsville OH Retail Sales Associate Footwear Store Hourly Date posted 30+ days ago"
202631358,strongsville-oh,assistant-store-manager-sales-house-of-sport,30+ days ago,"Strongsville, Ohio Strongsville OH Assistant Store Manager Sales - House of Sport Sales Managers Date posted 30+ days ago"
202622911,pittsburgh-pa,retail-cashier,10/06/2026,"Pittsburgh, Pennsylvania Ross Park PA Retail Cashier Store Hourly Date posted 10/06/2026"
202639529,pittsburgh-pa,seasonal-retail-sales-associate,10/02/2026,"Pittsburgh, Pennsylvania Ross Park PA Seasonal Retail Sales Associate Store Hourly Date posted 10/02/2026"
202638571,pittsburgh-pa,retail-sales-lead-team-sport,09/30/2026,"Pittsburgh, Pennsylvania Ross Park PA Retail Sales Lead Team Sport Store Hourly Date posted 09/30/2026"
202637942,pittsburgh-pa,retail-bike-associate,09/24/2026,"Pittsburgh, Pennsylvania Ross Park PA Retail Bike Associate Store Hourly Date posted 09/24/2026"
202612228,pittsburgh-pa,retail-sales-associate-team-sports,09/24/2026,"Pittsburgh, Pennsylvania Ross Park PA Retail Sales Associate Team Sports Store Hourly Date posted 09/24/2026"
202628406,pittsburgh-pa,retail-sales-lead-apparel,09/09/2026,"Pittsburgh, Pennsylvania Ross Park PA Retail Sales Lead Apparel Store Hourly Date posted 09/09/2026"
202635518,pittsburgh-pa,retail-omni-fulfillment-associate,30+ days ago,"Pittsburgh, Pennsylvania Ross Park PA Retail Omni Fulfillment Associate Store Hourly Date posted 30+ days ago"
202631470,pittsburgh-pa,retail-outdoor-lead,30+ days ago,"Pittsburgh, Pennsylvania Ross Park PA Retail Outdoor Lead Store Hourly Date posted 30+ days ago"
202630556,pittsburgh-pa,event-associate,30+ days ago,"Pittsburgh, Pennsylvania Ross Park PA Event Associate Store Hourly Date posted 30+ days ago"
202628183,pittsburgh-pa,retail-operations-associate,30+ days ago,"Pittsburgh, Pennsylvania Ross Park PA Retail Operations Associate Store Hourly Date posted 30+ days ago"
202625426,pittsburgh-pa,retail-rock-climbing-lead,30+ days ago,"Pittsburgh, Pennsylvania Ross Park PA Retail Rock Climbing Lead Store Hourly Date posted 30+ days ago"
202609069,pittsburgh-pa,retail-sales-associate-apparel,30+ days ago,"Pittsburgh, Pennsylvania Ross Park PA Retail Sales Associate Apparel Store Hourly Date posted 30+ days ago"
202639564,greensburg-pa,seasonal-retail-sales-associate,10/02/2026,"Greensburg, Pennsylvania Greensburg PA Seasonal Retail Sales Associate Store Hourly Date posted 10/02/2026"
202638309,greensburg-pa,retail-loss-prevention-safety-lead,10/01/2026,"Greensburg, Pennsylvania Greensburg PA Retail Loss Prevention & Safety Lead Loss Prevention - Stores Date posted 10/01/2026"
202639562,buffalo-ny,seasonal-retail-sales-associate,10/02/2026,"Buffalo, New York Amherst NY Seasonal Retail Sales Associate Store Hourly Date posted 10/02/2026"
202638315,buffalo-ny,retail-visual-merchandising-specialist,09/28/2026,"Buffalo, New York Amherst NY Retail Visual Merchandising Specialist Store Hourly Date posted 09/28/2026"
202605173,buffalo-ny,golf-professional-dick-s-house-of-sport,09/16/2026,"Buffalo, New York Amherst NY Golf Professional - DICK'S House of Sport Golf Professional Date posted 09/16/2026"
202635437,buffalo-ny,retail-sales-associate-golf,30+ days ago,"Buffalo, New York Amherst NY Retail Sales Associate Golf Store Hourly Golf Date posted 30+ days ago"
202635421,buffalo-ny,retail-sales-associate-footwear,30+ days ago,"Buffalo, New York Amherst NY Retail Sales Associate Footwear Store Hourly Date posted 30+ days ago"
202634330,buffalo-ny,retail-sales-associate-apparel,30+ days ago,"Buffalo, New York Amherst NY Retail Sales Associate Apparel Store Hourly Date posted 30+ days ago"
202629848,buffalo-ny,retail-cashier,30+ days ago,"Buffalo, New York Amherst NY Retail Cashier Store Hourly Date posted 30+ days ago"
202624387,buffalo-ny,retail-sales-associate-golf,30+ days ago,"Buffalo, New York Amherst NY Retail Sales Associate Golf Store Hourly Golf Date posted 30+ days ago"
202608991,buffalo-ny,collectors-clubhouse-ambassador,30+ days ago,"Buffalo, New York Amherst NY Collectors Clubhouse Ambassador Store Hourly Date posted 30+ days ago"
202639528,victor-ny,seasonal-retail-sales-associate,10/02/2026,"Victor, New York Victor NY Seasonal Retail Sales Associate Store Hourly Date posted 10/02/2026"
202636823,victor-ny,retail-omni-fulfillment-associate,09/16/2026,"Victor, New York Victor NY Retail Omni Fulfillment Associate Store Hourly Date posted 09/16/2026"
202636069,victor-ny,retail-outdoor-associate,09/10/2026,"Victor, New York Victor NY Retail Outdoor Associate Store Hourly Date posted 09/10/2026"
202635293,victor-ny,retail-bike-associate,30+ days ago,"Victor, New York Victor NY Retail Bike Associate Store Hourly Date posted 30+ days ago"
202635292,victor-ny,retail-customer-service-specialist,30+ days ago,"Victor, New York Victor NY Retail Customer Service Specialist Store Hourly Date posted 30+ days ago"
202631771,victor-ny,retail-rock-climbing-lead,30+ days ago,"Victor, New York Victor NY Retail Rock Climbing Lead Store Hourly Date posted 30+ days ago"
202631319,victor-ny,event-associate,30+ days ago,"Victor, New York Victor NY Event Associate Store Hourly Date posted 30+ days ago"
202610204,victor-ny,retail-cashier,30+ days ago,"Victor, New York Victor NY Retail Cashier Store Hourly Date posted 30+ days ago"
202608870,victor-ny,retail-operations-associate,30+ days ago,"Victor, New York Victor NY Retail Operations Associate Store Hourly Date posted 30+ days ago"
202607068,victor-ny,retail-sales-lead-apparel,30+ days ago,"Victor, New York Victor NY Retail Sales Lead Apparel Store Hourly Date posted 30+ days ago"
202602257,victor-ny,retail-team-sports-associate,30+ days ago,"Victor, New York Victor NY Retail Team Sports Associate Store Hourly Date posted 30+ days ago"
202602996,victor-ny,retail-footwear-sales-associate,30+ days ago,"Victor, New York Victor NY Retail Footwear Sales Associate Store Hourly Date posted 30+ days ago"
202601731,victor-ny,retail-sales-associate-apparel,30+ days ago,"Victor, New York Victor NY Retail Sales Associate Apparel Store Hourly Date posted 30+ days ago"
202600268,victor-ny,retail-sales-associate-golf,30+ days ago,"Victor, New York Victor NY Retail Sales Associate Golf Store Hourly Golf Date posted 30+ days ago"
202517215,victor-ny,retail-running-ambassador,30+ days ago,"Victor, New York Victor NY Retail Running Ambassador Store Hourly Date posted 30+ days ago"
202639550,charlottesville-va,seasonal-retail-sales-associate,10/02/2026,"Charlottesville, Virginia Charlottesville VA Seasonal Retail Sales Associate Store Hourly Date posted 10/02/2026"
202637005,charlottesville-va,assistant-store-manager-operations-house-of-sport,09/17/2026,"Charlottesville, Virginia Charlottesville VA Assistant Store Manager Operations - House of Sport Sales Managers Date posted 09/17/2026"
202617153,charlottesville-va,golf-professional-dick-s-house-of-sport,09/16/2026,"Charlottesville, Virginia Charlottesville VA Golf Professional - DICK'S House of Sport Golf Professional Date posted 09/16/2026"
202636547,charlottesville-va,retail-sales-associate-golf,09/14/2026,"Charlottesville, Virginia Charlottesville VA Retail Sales Associate Golf Store Hourly Golf Date posted 09/14/2026"
202636233,charlottesville-va,retail-operations-associate,09/11/2026,"Charlottesville, Virginia Charlottesville VA Retail Operations Associate Store Hourly Date posted 09/11/2026"
202636238,charlottesville-va,retail-cashier,09/11/2026,"Charlottesville, Virginia Charlottesville VA Retail Cashier Store Hourly Date posted 09/11/2026"
202634345,charlottesville-va,retail-sales-associate-team-sports,30+ days ago,"Charlottesville, Virginia Charlottesville VA Retail Sales Associate Team Sports Store Hourly Date posted 30+ days ago"
202632427,charlottesville-va,retail-sales-associate-apparel,30+ days ago,"Charlottesville, Virginia Charlottesville VA Retail Sales Associate Apparel Store Hourly Date posted 30+ days ago"
202627502,charlottesville-va,retail-sales-associate-footwear,30+ days ago,"Charlottesville, Virginia Charlottesville VA Retail Sales Associate Footwear Store Hourly Date posted 30+ days ago"
202639555,durham-nc,seasonal-retail-sales-associate,10/02/2026,"Durham, North Carolina Durham NC Seasonal Retail Sales Associate Store Hourly Date posted 10/02/2026"
202637445,durham-nc,retail-sales-associate-golf,09/21/2026,"Durham, North Carolina Durham NC Retail Sales Associate Golf Store Hourly Golf Date posted 09/21/2026"
202627860,durham-nc,retail-sales-associate-team-sports,30+ days ago,"Durham, North Carolina Durham NC Retail Sales Associate Team Sports Store Hourly Date posted 30+ days ago"
202627945,durham-nc,retail-sales-lead-golf,30+ days ago,"Durham, North Carolina Durham NC Retail sales Lead Golf Store Hourly Golf Date posted 30+ days ago"
202626661,durham-nc,retail-operations-associate,30+ days ago,"Durham, North Carolina Durham NC Retail Operations Associate Store Hourly Date posted 30+ days ago"
202626698,durham-nc,retail-rock-climbing-associate,30+ days ago,"Durham, North Carolina Durham NC Retail Rock Climbing Associate Store Hourly Date posted 30+ days ago"
202608580,durham-nc,retail-loss-prevention-lead,30+ days ago,"Durham, North Carolina Durham NC Retail Loss Prevention Lead Loss Prevention - Stores Date posted 30+ days ago"
202639911,tampa-fl,retail-customer-service-specialist,10/06/2026,"Tampa, Florida Tampa Int'l Plaza FL Retail Customer Service Specialist Store Hourly Date posted 10/06/2026"
202639539,tampa-fl,seasonal-retail-sales-associate,10/02/2026,"Tampa, Florida Tampa Int'l Plaza FL Seasonal Retail Sales Associate Store Hourly Date posted 10/02/2026"
202636206,raleigh-nc,retail-loss-prevention-lead,09/16/2026,"Raleigh, North Carolina Raleigh NC Retail Loss Prevention Lead Loss Prevention - Stores Date posted 09/16/2026"
202636036,raleigh-nc,retail-rock-climbing-lead,09/10/2026,"Raleigh, North Carolina Raleigh NC Retail Rock Climbing Lead Store Hourly Date posted 09/10/2026"
202634953,raleigh-nc,retail-sales-associate-apparel,30+ days ago,"Raleigh, North Carolina Raleigh NC Retail Sales Associate Apparel Store Hourly Date posted 30+ days ago"
202639533,fayetteville-nc,seasonal-retail-sales-associate,10/02/2026,"Fayetteville, North Carolina Fayetteville NC Seasonal Retail Sales Associate Store Hourly Date posted 10/02/2026"
202638003,fayetteville-nc,retail-outdoor-lead,09/24/2026,"Fayetteville, North Carolina Fayetteville NC Retail Outdoor Lead Store Hourly Date posted 09/24/2026"
202638006,fayetteville-nc,retail-operations-associate,09/24/2026,"Fayetteville, North Carolina Fayetteville NC Retail Operations Associate Store Hourly Date posted 09/24/2026"
202629184,fayetteville-nc,teammate-endzone-loyalty-front-end,30+ days ago,"Fayetteville, North Carolina Fayetteville NC Teammate Endzone & Loyalty (Front End) Store Hourly Date posted 30+ days ago"
202629596,fayetteville-nc,retail-sales-associate-golf,30+ days ago,"Fayetteville, North Carolina Fayetteville NC Retail Sales Associate Golf Store Hourly Golf Date posted 30+ days ago"
202607550,fayetteville-nc,retail-sales-associate-apparel,30+ days ago,"Fayetteville, North Carolina Fayetteville NC Retail Sales Associate Apparel Store Hourly Date posted 30+ days ago"
202607333,fayetteville-nc,retail-sales-associate-footwear,30+ days ago,"Fayetteville, North Carolina Fayetteville NC Retail Sales Associate Footwear Store Hourly Date posted 30+ days ago"
202639554,brandon-fl,seasonal-retail-sales-associate,10/02/2026,"Brandon, Florida Brandon FL Seasonal Retail Sales Associate Store Hourly Date posted 10/02/2026"
202637514,brandon-fl,retail-equipment-services-technician,09/21/2026,"Brandon, Florida Brandon FL Retail Equipment Services Technician Store Hourly Date posted 09/21/2026"
202637080,brandon-fl,retail-sales-associate-apparel,09/18/2026,"Brandon, Florida Brandon FL Retail Sales Associate Apparel Store Hourly Date posted 09/18/2026"
202637084,brandon-fl,retail-rock-climbing-associate,09/18/2026,"Brandon, Florida Brandon FL Retail Rock Climbing Associate Store Hourly Date posted 09/18/2026"
202632005,brandon-fl,event-programming-lead,30+ days ago,"Brandon, Florida Brandon FL Event Programming Lead Store Hourly Date posted 30+ days ago"
202636820,sarasota-fl,golf-professional-dick-s-house-of-sport,09/16/2026,"Sarasota, Florida Sarasota FL Golf Professional - DICK'S House of Sport Golf Professional Date posted 09/16/2026"
202639561,gaithersburg-md,seasonal-retail-sales-associate,10/02/2026,"Gaithersburg, Maryland Gaithersburg MD Seasonal Retail Sales Associate Store Hourly Date posted 10/02/2026"
202632596,gaithersburg-md,retail-omni-fulfillment-associate,09/28/2026,"Gaithersburg, Maryland Gaithersburg MD Retail Omni Fulfillment Associate Store Hourly Date posted 09/28/2026"
202623348,gaithersburg-md,assistant-store-manager-operations,09/24/2026,"Gaithersburg, Maryland Gaithersburg MD Assistant Store Manager Operations Sales Managers Date posted 09/24/2026"
202636819,gaithersburg-md,retail-golf-club-tech,09/16/2026,"Gaithersburg, Maryland Gaithersburg MD Retail Golf Club Tech Store Hourly Golf Date posted 09/16/2026"
202632588,gaithersburg-md,retail-equipment-services-lead,30+ days ago,"Gaithersburg, Maryland Gaithersburg MD Retail Equipment Services Lead Store Hourly Date posted 30+ days ago"
202640093,johnson-city-ny,retail-sales-leader,10/07/2026,"Johnson City, New York Johnson City NY Retail Sales Leader Store Hourly Date posted 10/07/2026"
202639527,johnson-city-ny,seasonal-retail-sales-associate,10/02/2026,"Johnson City, New York Johnson City NY Seasonal Retail Sales Associate Store Hourly Date posted 10/02/2026"
202638581,johnson-city-ny,retail-omni-fulfillment-associate,09/30/2026,"Johnson City, New York Johnson City NY Retail Omni Fulfillment Associate Store Hourly Date posted 09/30/2026"
202638135,johnson-city-ny,retail-cashier,09/25/2026,"Johnson City, New York Johnson City NY Retail Cashier Store Hourly Date posted 09/25/2026"
202637793,johnson-city-ny,retail-sales-associate-apparel,09/23/2026,"Johnson City, New York Johnson City NY Retail Sales Associate Apparel Store Hourly Date posted 09/23/2026"
202636130,johnson-city-ny,local-marketing-specialist-house-of-sport,09/11/2026,"Johnson City, New York Johnson City NY Local Marketing Specialist - House of Sport Advertising/Marketing Date posted 09/11/2026"
202635021,johnson-city-ny,retail-sales-lead-apparel,09/09/2026,"Johnson City, New York Johnson City NY Retail Sales Lead Apparel Store Hourly Date posted 09/09/2026"
202634310,johnson-city-ny,retail-operations-associate,30+ days ago,"Johnson City, New York Johnson City NY Retail Operations Associate Store Hourly Date posted 30+ days ago"
202628493,annapolis-md,retail-loss-prevention-lead,10/06/2026,"Annapolis, Maryland Annapolis MD Retail Loss Prevention Lead Loss Prevention - Stores Date posted 10/06/2026"
202639567,annapolis-md,seasonal-retail-sales-associate,10/02/2026,"Annapolis, Maryland Annapolis MD Seasonal Retail Sales Associate Store Hourly Date posted 10/02/2026"
202637969,annapolis-md,retail-customer-service-specialist,09/24/2026,"Annapolis, Maryland Annapolis MD Retail Customer Service Specialist Store Hourly Date posted 09/24/2026"
202639535,scranton-pa,seasonal-retail-sales-associate,10/02/2026,"Scranton, Pennsylvania Scranton PA Seasonal Retail Sales Associate Store Hourly Date posted 10/02/2026"
202608890,scranton-pa,retail-outdoor-lead,30+ days ago,"Scranton, Pennsylvania Scranton PA Retail Outdoor Lead Store Hourly Date posted 30+ days ago"
202639542,willmington-de,seasonal-retail-sales-associate,10/02/2026,"Willmington, Delaware Brandywine DE Seasonal Retail Sales Associate Store Hourly Date posted 10/02/2026"
202638464,willmington-de,retail-sales-associate-apparel,09/29/2026,"Willmington, Delaware Brandywine DE Retail Sales Associate Apparel Store Hourly Date posted 09/29/2026"
202631517,willmington-de,retail-rock-climbing-associate,30+ days ago,"Willmington, Delaware Brandywine DE Retail Rock Climbing Associate Store Hourly Date posted 30+ days ago"
202631519,willmington-de,event-associate,30+ days ago,"Willmington, Delaware Brandywine DE Event Associate Store Hourly Date posted 30+ days ago"
202639538,chesapeake-va,seasonal-retail-sales-associate,10/05/2026,"Chesapeake, Virginia Chesapeake VA Seasonal Retail Sales Associate Store Hourly Date posted 10/05/2026"
202627487,chesapeake-va,retail-sales-associate-footwear,09/21/2026,"Chesapeake, Virginia Chesapeake VA Retail Sales Associate Footwear Store Hourly Date posted 09/21/2026"
202634284,chesapeake-va,retail-sales-associate-apparel,30+ days ago,"Chesapeake, Virginia Chesapeake VA Retail Sales Associate Apparel Store Hourly Date posted 30+ days ago"
202629347,chesapeake-va,retail-golf-club-tech,30+ days ago,"Chesapeake, Virginia Chesapeake VA Retail Golf Club Tech Store Hourly Golf Date posted 30+ days ago"
202603624,chesapeake-va,retail-sales-associate-golf,30+ days ago,"Chesapeake, Virginia Chesapeake VA Retail Sales Associate Golf Store Hourly Golf Date posted 30+ days ago"
202628270,chesapeake-va,retail-fitness-associate,30+ days ago,"Chesapeake, Virginia Chesapeake VA Retail Fitness Associate Store Hourly Date posted 30+ days ago"
202627480,chesapeake-va,retail-operations-associate,30+ days ago,"Chesapeake, Virginia Chesapeake VA Retail Operations Associate Store Hourly Date posted 30+ days ago"
202626117,cherry-hill-township-nj,golf-professional-dick-s-house-of-sport,09/16/2026,"Cherry Hill Township, New Jersey Cherry Hill NJ Golf Professional - DICK'S House of Sport Golf Professional Date posted 09/16/2026"
202640023,latham-ny,early-morning-operation-associate-3am,10/07/2026,"Latham, New York Latham NY Early Morning Operation Associate (3am) Store Hourly Date posted 10/07/2026"
202625625,latham-ny,retail-customer-service-specialist,10/07/2026,"Latham, New York Latham NY Retail Customer Service Specialist Store Hourly Date posted 10/07/2026"
202640079,latham-ny,retail-sales-lead-team-sport-key-holder,10/07/2026,"Latham, New York Latham NY Retail Sales Lead Team Sport - Key Holder Store Hourly Date posted 10/07/2026"
202639534,latham-ny,seasonal-retail-sales-associate,10/07/2026,"Latham, New York Latham NY Seasonal Retail Sales Associate Store Hourly Date posted 10/07/2026"
202638591,latham-ny,retail-loss-prevention-safety-lead,09/30/2026,"Latham, New York Latham NY Retail Loss Prevention & Safety Lead Loss Prevention - Stores Date posted 09/30/2026"
202636425,latham-ny,retail-omni-fulfillment-associate,09/14/2026,"Latham, New York Latham NY Retail Omni Fulfillment Associate Store Hourly Date posted 09/14/2026"
202632501,latham-ny,retail-sales-lead-apparel-key-holder,30+ days ago,"Latham, New York Latham NY Retail Sales Lead Apparel - Key Holder Store Hourly Date posted 30+ days ago"
202639548,freehold-nj,seasonal-retail-sales-associate,10/02/2026,"Freehold, New Jersey Freehold NJ Seasonal Retail Sales Associate Store Hourly Date posted 10/02/2026"
202638113,freehold-nj,retail-operations-associate,09/25/2026,"Freehold, New Jersey Freehold NJ Retail Operations Associate Store Hourly Date posted 09/25/2026"
202636894,freehold-nj,retail-loss-prevention-lead,09/17/2026,"Freehold, New Jersey Freehold NJ Retail Loss Prevention Lead Loss Prevention - Stores Date posted 09/17/2026"
202636897,freehold-nj,retail-customer-service-specialist,09/17/2026,"Freehold, New Jersey Freehold NJ Retail Customer Service Specialist Store Hourly Date posted 09/17/2026"
202628557,freehold-nj,retail-equipment-services-technician,30+ days ago,"Freehold, New Jersey Freehold NJ Retail Equipment Services Technician Store Hourly Date posted 30+ days ago"
202623316,freehold-nj,retail-rock-climbing-associate,30+ days ago,"Freehold, New Jersey Freehold NJ Retail Rock Climbing Associate Store Hourly Date posted 30+ days ago"
202609905,freehold-nj,retail-bike-technician,30+ days ago,"Freehold, New Jersey Freehold NJ Retail Bike Technician Store Hourly Date posted 30+ days ago"
202639556,jersey-city-nj,seasonal-retail-sales-associate,10/02/2026,"Jersey City, New Jersey Jersey City NJ Seasonal Retail Sales Associate Store Hourly Date posted 10/02/2026"
202608483,jersey-city-nj,golf-professional-dick-s-house-of-sport,09/16/2026,"Jersey City, New Jersey Jersey City NJ Golf Professional - DICK'S House of Sport Golf Professional Date posted 09/16/2026"
202636589,jersey-city-nj,retail-omni-fulfillment-lead,09/15/2026,"Jersey City, New Jersey Jersey City NJ Retail Omni Fulfillment Lead Store Hourly Date posted 09/15/2026"
202635544,jersey-city-nj,retail-baseball-ambassador,30+ days ago,"Jersey City, New Jersey Jersey City NJ Retail Baseball Ambassador Store Hourly Date posted 30+ days ago"
202632658,jersey-city-nj,retail-operations-associate,30+ days ago,"Jersey City, New Jersey Jersey City NJ Retail Operations Associate Store Hourly Date posted 30+ days ago"
202631569,jersey-city-nj,retail-equipment-services-lead,30+ days ago,"Jersey City, New Jersey Jersey City NJ Retail Equipment Services Lead Store Hourly Date posted 30+ days ago"
202623344,jersey-city-nj,assistant-store-manager-house-of-sport,30+ days ago,"Jersey City, New Jersey Jersey City NJ Assistant Store Manager - House of Sport Sales Managers Date posted 30+ days ago"
202608248,jersey-city-nj,retail-sales-associate-golf,30+ days ago,"Jersey City, New Jersey Jersey City NJ Retail Sales Associate Golf Store Hourly Golf Date posted 30+ days ago"
202608247,jersey-city-nj,retail-sales-associate-footwear,30+ days ago,"Jersey City, New Jersey Jersey City NJ Retail Sales Associate Footwear Store Hourly Date posted 30+ days ago"
202639543,miami-fl,seasonal-retail-sales-associate,10/06/2026,"Miami, Florida Miami FL Seasonal Retail Sales Associate Store Hourly Date posted 10/06/2026"
202624680,miami-fl,retail-sales-associate-team-sports,10/01/2026,"Miami, Florida Miami FL Retail Sales Associate Team Sports Store Hourly Date posted 10/01/2026"
202638474,miami-fl,retail-rock-climbing-lead,09/29/2026,"Miami, Florida Miami FL Retail Rock Climbing Lead Store Hourly Date posted 09/29/2026"
202638471,miami-fl,retail-rock-climbing-associate,09/29/2026,"Miami, Florida Miami FL Retail Rock Climbing Associate Store Hourly Date posted 09/29/2026"
202635688,miami-fl,retail-sales-associate-footwear,30+ days ago,"Miami, Florida Miami FL Retail Sales Associate Footwear Store Hourly Date posted 30+ days ago"
202634305,miami-fl,event-programming-lead,30+ days ago,"Miami, Florida Miami FL Event Programming Lead Store Hourly Date posted 30+ days ago"
202632559,miami-fl,retail-operations-associate,30+ days ago,"Miami, Florida Miami FL Retail Operations Associate Store Hourly Date posted 30+ days ago"
202609796,miami-fl,retail-sales-associate-golf,30+ days ago,"Miami, Florida Miami FL Retail Sales Associate Golf Store Hourly Golf Date posted 30+ days ago"
202639540,salem-nh,seasonal-retail-sales-associate,10/02/2026,"Salem, New Hampshire Salem NH Seasonal Retail Sales Associate Store Hourly Date posted 10/02/2026"
202638738,salem-nh,retail-sales-lead-golf,10/01/2026,"Salem, New Hampshire Salem NH Retail Sales Lead Golf Store Hourly Golf Date posted 10/01/2026"
202638349,salem-nh,retail-rock-climbing-associate,09/28/2026,"Salem, New Hampshire Salem NH Retail Rock Climbing Associate Store Hourly Date posted 09/28/2026"
202638110,salem-nh,event-associate,09/25/2026,"Salem, New Hampshire Salem NH Event Associate Store Hourly Date posted 09/25/2026"
202638111,salem-nh,retail-sales-lead-footwear,09/25/2026,"Salem, New Hampshire Salem NH Retail Sales Lead Footwear Store Hourly Date posted 09/25/2026"
202638116,salem-nh,retail-sales-leader-front-end,09/25/2026,"Salem, New Hampshire Salem NH Retail Sales Leader - Front End Store Hourly Date posted 09/25/2026"
202638119,salem-nh,retail-sales-associate-footwear,09/25/2026,"Salem, New Hampshire Salem NH Retail Sales Associate Footwear Store Hourly Date posted 09/25/2026"
202638112,salem-nh,retail-sales-associate-apparel,09/25/2026,"Salem, New Hampshire Salem NH Retail Sales Associate Apparel Store Hourly Date posted 09/25/2026"
202638118,salem-nh,retail-sales-associate-apparel,09/25/2026,"Salem, New Hampshire Salem NH Retail Sales Associate Apparel Store Hourly Date posted 09/25/2026"
202507040,salem-nh,golf-professional-house-of-sport,09/16/2026,"Salem, New Hampshire Salem NH Golf Professional - House of Sport Golf Professional Date posted 09/16/2026"
202636193,salem-nh,retail-sales-lead-golf,09/11/2026,"Salem, New Hampshire Salem NH Retail Sales Lead Golf Store Hourly Golf Date posted 09/11/2026"
202636064,salem-nh,retail-outdoor-associate,09/10/2026,"Salem, New Hampshire Salem NH Retail Outdoor Associate Store Hourly Date posted 09/10/2026"
202634999,salem-nh,executive-store-director-house-of-sport,09/09/2026,"Salem, New Hampshire Salem NH Executive Store Director - House of Sport District Managers Date posted 09/09/2026"
202635808,salem-nh,assistant-store-manager-house-of-sport,09/09/2026,"Salem, New Hampshire Salem NH Assistant Store Manager - House of Sport Sales Managers Date posted 09/09/2026"
202635323,salem-nh,retail-operations-associate,30+ days ago,"Salem, New Hampshire Salem NH Retail Operations Associate Store Hourly Date posted 30+ days ago"
202635317,salem-nh,retail-sales-associate-footwear,30+ days ago,"Salem, New Hampshire Salem NH Retail Sales Associate Footwear Store Hourly Date posted 30+ days ago"
202634811,salem-nh,retail-customer-service-specialist,30+ days ago,"Salem, New Hampshire Salem NH Retail Customer Service Specialist Store Hourly Date posted 30+ days ago"
202634623,salem-nh,retail-loss-prevention-lead,30+ days ago,"Salem, New Hampshire Salem NH Retail Loss Prevention Lead Loss Prevention - Stores Date posted 30+ days ago"
202634626,salem-nh,retail-cashier,30+ days ago,"Salem, New Hampshire Salem NH Retail Cashier Store Hourly Date posted 30+ days ago"
202632274,salem-nh,retail-sales-associate-team-sports,30+ days ago,"Salem, New Hampshire Salem NH Retail Sales Associate Team Sports Store Hourly Date posted 30+ days ago"
202623438,salem-nh,retail-sales-leader-front-end,30+ days ago,"Salem, New Hampshire Salem NH Retail Sales Leader - Front End Store Hourly Date posted 30+ days ago"
202638719,boston-ma,retail-equipment-services-technician-mon-wed-11am-7pm,10/01/2026,"Boston, Massachusetts Boston MA Retail Equipment Services Technician (Mon-Wed 11am-7pm) Store Hourly Date posted 10/01/2026"
202638138,boston-ma,retail-sales-lead-apparel,09/25/2026,"Boston, Massachusetts Boston MA Retail Sales Lead Apparel Store Hourly Date posted 09/25/2026"
202635186,boston-ma,retail-sales-lead-team-sport,30+ days ago,"Boston, Massachusetts Boston MA Retail Sales Lead Team Sport Store Hourly Date posted 30+ days ago"
