Dick's Merchandising & Supply Chain Inc,New York,state,2019,"$7,200,000",,Tax Credit/Rebate
Dicks Sporting Goods Inc,Pennsylvania,state,,"$4,800,000",,Grant
Dicks Sporting Goods Inc,Pennsylvania,state,,"$3,600,000",,Grant
Dick's Sporting Goods,Pennsylvania,state,,"$2,400,000",,Grant
Dicks Sporting Goods Inc,Pennsylvania,state,,"$2,400,000",,Tax Increment Financing
Dick's Merchandising & Supply Chain Inc,New York,local,2017,"$2,274,863",,Tax Credit/Rebate
Dick's Manufacturing - Expansion,New York,local,2017,"$2,274,863",,Tax Credit/Rebate
Dicks Sporting Goods,Pennsylvania,state,,"$2,049,000",,Tax Credit/Rebate
Dick's Merchandising & Supply Chain,New York,Local,2018,"$1,878,637",,Tax Credit/Rebate
Dick's Merchandising & Supply Chain Inc,New York,Local,2018,"$1,878,637",,Tax Credit/Rebate
"Sports Authority Inc, The",Florida,state,1997,"$1,875,000",,Tax Credit/Rebate
Foot Locker Retail Inc,Nevada,state,2021,"$1,678,037",,Tax Credit/Rebate
Dick's Merchandising & Supply Chain Inc,New York,local,2019,"$1,487,467",,Tax Credit/Rebate
Dick's Manufacturing - Expansion,New York,local,2019,"$1,487,467",,Tax Credit/Rebate
Dick's Sporting Goods Inc,Indiana,state,2006,"$1,265,000",,Tax Credit/Rebate
Dicks Sporting Goods Inc,Pennsylvania,state,,"$1,250,000",,Grant
Dick's Sporting Goods Inc,Pennsylvania,state,,"$924,000",,Tax Credit/Rebate
Dick's Sporting Goods,Pennsylvania,state,,"$900,000",,Tax Credit/Rebate
Dick's Merchandising & Supply Chain,New York,local,2023,"$835,162",,Tax Credit/Rebate
Dick's Merchandising & Supply Chain Inc,New York,local,2023,"$835,162",,Tax Credit/Rebate
Dick's Merchandising & Supply Chain,New York,local,2024,"$829,242",,Tax Credit/Rebate
Dick's Merchandising & Supply Chain Inc,New York,local,2024,"$829,242",,Tax Credit/Rebate
Dick's Manufacturing - Expansion,New York,local,2020,"$820,784",,Tax Credit/Rebate
Dick's Merchandising & Supply Chain Inc,New York,local,2020,"$820,784",,Tax Credit/Rebate
Dick's Merchandising & Supply Chain Inc,New York,local,2022,"$816,498",,Tax Credit/Rebate
Dick's Manufacturing - Expansion,New York,local,2022,"$816,498",,Tax Credit/Rebate
Dick's Merchandising & Supply Chain Inc,New York,local,2021,"$814,803",,Tax Credit/Rebate
Dick's Manufacturing - Expansion,New York,local,2021,"$814,803",,Tax Credit/Rebate
Foot Locker Retail Inc,Nevada,state,2021,"$789,999",,Tax Credit/Rebate
Tsa Stores Inc,New Jersey,state,2002,"$531,960",,Grant
Dick's Sporting Goods Inc,New York,state,2010,"$522,554",,Enterprise Zone
Dick's Sporting Goods,Pennsylvania,state,,"$500,000",,Training Reimbursement
Dick's Sporting Goods Inc,Indiana,state,2007,"$462,000",,Tax Credit/Rebate
Dick's Merchandising & Supply Chain Inc,New York,local,2016,"$455,888",,Tax Credit/Rebate
Dicks Sporting Goods Inc,Pennsylvania,state,2024,"$355,900",,Tax Credit/Rebate
Dick's Sporting Goods Inc,New York,local,2014,"$332,461",,Tax Credit/Rebate
Dick's Sporting Goods Inc,Louisiana,state,2014,"$258,955",,Enterprise Zone
Dicks Sporting Goods Inc,Pennsylvania,state,2022,"$242,600",,Tax Credit/Rebate
The Top-Flite Golf Company,New York,state,2005,"$230,050",,Enterprise Zone
Foot Locker Retail Inc,Nevada,state,2021,"$228,872",,Tax Credit/Rebate
Dick's Sporting Goods Inc,Pennsylvania,state,2015,"$202,688",,Tax Credit/Rebate
Dicks Sporting Goods Inc,Pennsylvania,state,2023,"$176,400",,Tax Credit/Rebate
Dicks Sporting Goods Inc,Pennsylvania,state,2021,"$168,400",,Tax Credit/Rebate
Dick's Sporting Goods Inc,Pennsylvania,state,2014,"$156,788",,Tax Credit/Rebate
DICKS SPORTING GOODS INC,Pennsylvania,state,2020,"$98,900",,Tax Credit/Rebate
Foot Locker Junction City Service Center,Kansas,state,2008,"$75,500",,Training Reimbursement
Dick's Sporting Goods Inc,Arizona,state,2012,"$48,978",,Training Reimbursement
Dick's Sporting Goods,Arizona,state,2015,"$48,000",,Tax Credit/Rebate
Dick's Sporting Goods Inc,New York,state,2007,"$43,232",,Enterprise Zone
Dick's Sporting Goods Inc,New York,state,2007,"$43,232",,Enterprise Zone
Dick's Sporting Goods Inc,New York,state,2007,"$43,232",,Enterprise Zone
DICKS SPORTING GOODS,Maine,state,2016,"$42,686",,Property Tax Abatement
Dick's Sporting Goods Inc,Pennsylvania,state,2016,"$38,651",,Tax Credit/Rebate
Dicks Sporting Goods,Maine,state,2021,"$38,081",,Property Tax Abatement
Dick's Sporting Goods Inc,New York,state,2004,"$37,712",,Enterprise Zone
Dick's Sporting Goods Inc,New York,state,2008,"$36,625",,Enterprise Zone
Dick's Sporting Goods Inc,New York,state,2006,"$34,875",,Enterprise Zone
Dick's Sporting Goods Inc,New York,state,2009,"$30,375",,Enterprise Zone
Dick's Sporting Goods Inc,New York,state,2009,"$30,375",,Enterprise Zone
Dick's Sporting Goods Inc,New York,state,2009,"$30,375",,Enterprise Zone
DICKS SPORTING GOODS,Maine,state,2012,"$27,209",,Property Tax Abatement
DICKS SPORTING GOODS,Maine,state,2014,"$26,368",,Property Tax Abatement
Dicks Sporting Goods,Maine,state,2023,"$26,260",,Property Tax Abatement
Dick's Sporting Goods Inc,New York,state,2004,"$24,750",,Enterprise Zone
Dick's Sporting Goods Inc,New York,state,2005,"$23,625",,Enterprise Zone
DICKS SPORTING GOODS,Maine,state,2015,"$21,659",,Property Tax Abatement
Fl Retail Ny LLC,New York,state,2006,"$20,000",,Enterprise Zone
FL Retail NY LLC,New York,state,2006,"$20,000",,Enterprise Zone
DICKS SPORTING GOODS,Maine,state,2018,"$19,639",,Property Tax Abatement
DICKS SPORTING GOODS,Maine,state,2019,"$19,639",,Property Tax Abatement
"The Sports Authority, Inc and Subsidiaries",Colorado,state,,"$16,534",,Tax Credit/Rebate
Galyan's Trading Company LLC,Colorado,state,2013,"$10,587",,Tax Credit/Rebate
Fl Retail Ny LLC,New York,state,2005,"$10,000",,Enterprise Zone
Fl Retail Ny LLC,New York,state,2005,"$10,000",,Enterprise Zone
Fl Retail Ny LLC,New York,state,2005,"$10,000",,Enterprise Zone
Fl Retail Ny LLC,New York,state,2005,"$10,000",,Enterprise Zone
Fl Retail Ny LLC,New York,state,2007,"$9,000",,Enterprise Zone
Fl Retail Ny Inc,New York,state,2003,"$9,000",,Enterprise Zone
FL Retail NY LLC,New York,state,2006,"$8,625",,Enterprise Zone
Fl Retail Ny LLC,New York,state,2007,"$8,000",,Enterprise Zone
Fl Retail Ny LLC,New York,state,2004,"$8,000",,Enterprise Zone
Dick's Sporting Goods Inc,New York,local,2015,"$7,843",,Tax Credit/Rebate
FL Retail NY LLC,New York,state,2006,"$7,125",,Enterprise Zone
Fl Retail Ny Inc,New York,state,2004,"$7,000",,Enterprise Zone
Galyan's Trading Company dba Dick's Sporting Goods,Colorado,state,2016,"$6,398",,Tax Credit/Rebate
Fl Retail Ny LLC,New York,state,2004,"$3,700",,Enterprise Zone
Fl Retail Ny LLC,New York,state,2007,"$3,500",,Enterprise Zone
Galyan's Trading Company Dba Dick's Sporting Goods Inc,Colorado,state,2017,"$2,519",,Tax Credit/Rebate
Dick's Sporting Goods Inc,Colorado,state,2016,"$2,228",,Tax Credit/Rebate
Dick's Sporting Goods Inc,Colorado,state,2017,"$2,000",,Tax Credit/Rebate
The Top-Flite Golf Company,New York,state,2007,"$1,701",,Enterprise Zone
Foot Locker Retail Inc,Colorado,state,2016,"$1,284",,Tax Credit/Rebate
Galyan's Trading Company Dba Dick's Sporting Goods Inc,Colorado,state,2020,"$1,226",,Tax Credit/Rebate
Dick's Sporting Goods Inc,New Jersey,state,,undisclosed,,Tax Credit/Rebate and Property Tax Abatement
Dick's Sporting Goods Inc,New Jersey,state,,undisclosed,,Tax Credit/Rebate and Property Tax Abatement
Dick's Merchandising & Supply Chain Inc,New York,state,2019,"$7,200,000",,Tax Credit/Rebate
Dicks Sporting Goods Inc,Pennsylvania,state,,"$4,800,000",,Grant
Dicks Sporting Goods Inc,Pennsylvania,state,,"$3,600,000",,Grant
Dick's Sporting Goods,Pennsylvania,state,,"$2,400,000",,Grant
Dicks Sporting Goods Inc,Pennsylvania,state,,"$2,400,000",,Tax Increment Financing
Dick's Merchandising & Supply Chain Inc,New York,local,2017,"$2,274,863",,Tax Credit/Rebate
Dick's Manufacturing - Expansion,New York,local,2017,"$2,274,863",,Tax Credit/Rebate
Dicks Sporting Goods,Pennsylvania,state,,"$2,049,000",,Tax Credit/Rebate
Dick's Merchandising & Supply Chain,New York,Local,2018,"$1,878,637",,Tax Credit/Rebate
Dick's Merchandising & Supply Chain Inc,New York,Local,2018,"$1,878,637",,Tax Credit/Rebate
"Sports Authority Inc, The",Florida,state,1997,"$1,875,000",,Tax Credit/Rebate
Foot Locker Retail Inc,Nevada,state,2021,"$1,678,037",,Tax Credit/Rebate
Dick's Merchandising & Supply Chain Inc,New York,local,2019,"$1,487,467",,Tax Credit/Rebate
Dick's Manufacturing - Expansion,New York,local,2019,"$1,487,467",,Tax Credit/Rebate
Dick's Sporting Goods Inc,Indiana,state,2006,"$1,265,000",,Tax Credit/Rebate
Dicks Sporting Goods Inc,Pennsylvania,state,,"$1,250,000",,Grant
Dick's Sporting Goods Inc,Pennsylvania,state,,"$924,000",,Tax Credit/Rebate
Dick's Sporting Goods,Pennsylvania,state,,"$900,000",,Tax Credit/Rebate
Dick's Merchandising & Supply Chain,New York,local,2023,"$835,162",,Tax Credit/Rebate
Dick's Merchandising & Supply Chain Inc,New York,local,2023,"$835,162",,Tax Credit/Rebate
Dick's Merchandising & Supply Chain,New York,local,2024,"$829,242",,Tax Credit/Rebate
Dick's Merchandising & Supply Chain Inc,New York,local,2024,"$829,242",,Tax Credit/Rebate
Dick's Manufacturing - Expansion,New York,local,2020,"$820,784",,Tax Credit/Rebate
Dick's Merchandising & Supply Chain Inc,New York,local,2020,"$820,784",,Tax Credit/Rebate
Dick's Merchandising & Supply Chain Inc,New York,local,2022,"$816,498",,Tax Credit/Rebate
Dick's Manufacturing - Expansion,New York,local,2022,"$816,498",,Tax Credit/Rebate
Dick's Merchandising & Supply Chain Inc,New York,local,2021,"$814,803",,Tax Credit/Rebate
Dick's Manufacturing - Expansion,New York,local,2021,"$814,803",,Tax Credit/Rebate
Foot Locker Retail Inc,Nevada,state,2021,"$789,999",,Tax Credit/Rebate
Tsa Stores Inc,New Jersey,state,2002,"$531,960",,Grant
Dick's Sporting Goods Inc,New York,state,2010,"$522,554",,Enterprise Zone
Dick's Sporting Goods,Pennsylvania,state,,"$500,000",,Training Reimbursement
Dick's Sporting Goods Inc,Indiana,state,2007,"$462,000",,Tax Credit/Rebate
Dick's Merchandising & Supply Chain Inc,New York,local,2016,"$455,888",,Tax Credit/Rebate
Dicks Sporting Goods Inc,Pennsylvania,state,2024,"$355,900",,Tax Credit/Rebate
Dick's Sporting Goods Inc,New York,local,2014,"$332,461",,Tax Credit/Rebate
Dick's Sporting Goods Inc,Louisiana,state,2014,"$258,955",,Enterprise Zone
Dicks Sporting Goods Inc,Pennsylvania,state,2022,"$242,600",,Tax Credit/Rebate
The Top-Flite Golf Company,New York,state,2005,"$230,050",,Enterprise Zone
Foot Locker Retail Inc,Nevada,state,2021,"$228,872",,Tax Credit/Rebate
Dick's Sporting Goods Inc,Pennsylvania,state,2015,"$202,688",,Tax Credit/Rebate
Dicks Sporting Goods Inc,Pennsylvania,state,2023,"$176,400",,Tax Credit/Rebate
Dicks Sporting Goods Inc,Pennsylvania,state,2021,"$168,400",,Tax Credit/Rebate
Dick's Sporting Goods Inc,Pennsylvania,state,2014,"$156,788",,Tax Credit/Rebate
DICKS SPORTING GOODS INC,Pennsylvania,state,2020,"$98,900",,Tax Credit/Rebate
Foot Locker Junction City Service Center,Kansas,state,2008,"$75,500",,Training Reimbursement
Dick's Sporting Goods Inc,Arizona,state,2012,"$48,978",,Training Reimbursement
Dick's Sporting Goods,Arizona,state,2015,"$48,000",,Tax Credit/Rebate
Dick's Sporting Goods Inc,New York,state,2007,"$43,232",,Enterprise Zone
Dick's Sporting Goods Inc,New York,state,2007,"$43,232",,Enterprise Zone
Dick's Sporting Goods Inc,New York,state,2007,"$43,232",,Enterprise Zone
DICKS SPORTING GOODS,Maine,state,2016,"$42,686",,Property Tax Abatement
Dick's Sporting Goods Inc,Pennsylvania,state,2016,"$38,651",,Tax Credit/Rebate
Dicks Sporting Goods,Maine,state,2021,"$38,081",,Property Tax Abatement
Dick's Sporting Goods Inc,New York,state,2004,"$37,712",,Enterprise Zone
Dick's Sporting Goods Inc,New York,state,2008,"$36,625",,Enterprise Zone
Dick's Sporting Goods Inc,New York,state,2006,"$34,875",,Enterprise Zone
Dick's Sporting Goods Inc,New York,state,2009,"$30,375",,Enterprise Zone
Dick's Sporting Goods Inc,New York,state,2009,"$30,375",,Enterprise Zone
Dick's Sporting Goods Inc,New York,state,2009,"$30,375",,Enterprise Zone
DICKS SPORTING GOODS,Maine,state,2012,"$27,209",,Property Tax Abatement
DICKS SPORTING GOODS,Maine,state,2014,"$26,368",,Property Tax Abatement
Dicks Sporting Goods,Maine,state,2023,"$26,260",,Property Tax Abatement
Dick's Sporting Goods Inc,New York,state,2004,"$24,750",,Enterprise Zone
Dick's Sporting Goods Inc,New York,state,2005,"$23,625",,Enterprise Zone
DICKS SPORTING GOODS,Maine,state,2015,"$21,659",,Property Tax Abatement
Fl Retail Ny LLC,New York,state,2006,"$20,000",,Enterprise Zone
FL Retail NY LLC,New York,state,2006,"$20,000",,Enterprise Zone
DICKS SPORTING GOODS,Maine,state,2018,"$19,639",,Property Tax Abatement
DICKS SPORTING GOODS,Maine,state,2019,"$19,639",,Property Tax Abatement
"The Sports Authority, Inc and Subsidiaries",Colorado,state,,"$16,534",,Tax Credit/Rebate
Galyan's Trading Company LLC,Colorado,state,2013,"$10,587",,Tax Credit/Rebate
Fl Retail Ny LLC,New York,state,2005,"$10,000",,Enterprise Zone
Fl Retail Ny LLC,New York,state,2005,"$10,000",,Enterprise Zone
Fl Retail Ny LLC,New York,state,2005,"$10,000",,Enterprise Zone
Fl Retail Ny LLC,New York,state,2005,"$10,000",,Enterprise Zone
Fl Retail Ny LLC,New York,state,2007,"$9,000",,Enterprise Zone
Fl Retail Ny Inc,New York,state,2003,"$9,000",,Enterprise Zone
FL Retail NY LLC,New York,state,2006,"$8,625",,Enterprise Zone
Fl Retail Ny LLC,New York,state,2007,"$8,000",,Enterprise Zone
Fl Retail Ny LLC,New York,state,2004,"$8,000",,Enterprise Zone
Dick's Sporting Goods Inc,New York,local,2015,"$7,843",,Tax Credit/Rebate
FL Retail NY LLC,New York,state,2006,"$7,125",,Enterprise Zone
Fl Retail Ny Inc,New York,state,2004,"$7,000",,Enterprise Zone
Galyan's Trading Company dba Dick's Sporting Goods,Colorado,state,2016,"$6,398",,Tax Credit/Rebate
Fl Retail Ny LLC,New York,state,2004,"$3,700",,Enterprise Zone
Fl Retail Ny LLC,New York,state,2007,"$3,500",,Enterprise Zone
Galyan's Trading Company Dba Dick's Sporting Goods Inc,Colorado,state,2017,"$2,519",,Tax Credit/Rebate
Dick's Sporting Goods Inc,Colorado,state,2016,"$2,228",,Tax Credit/Rebate
Dick's Sporting Goods Inc,Colorado,state,2017,"$2,000",,Tax Credit/Rebate
The Top-Flite Golf Company,New York,state,2007,"$1,701",,Enterprise Zone
Foot Locker Retail Inc,Colorado,state,2016,"$1,284",,Tax Credit/Rebate
Galyan's Trading Company Dba Dick's Sporting Goods Inc,Colorado,state,2020,"$1,226",,Tax Credit/Rebate
Dick's Sporting Goods Inc,New Jersey,state,,undisclosed,,Tax Credit/Rebate and Property Tax Abatement
Dick's Sporting Goods Inc,New Jersey,state,,undisclosed,,Tax Credit/Rebate and Property Tax Abatement
Dick's Merchandising & Supply Chain Inc,New York,state,2019,"$7,200,000",,Tax Credit/Rebate
Dicks Sporting Goods Inc,Pennsylvania,state,,"$4,800,000",,Grant
Dicks Sporting Goods Inc,Pennsylvania,state,,"$3,600,000",,Grant
Dick's Sporting Goods,Pennsylvania,state,,"$2,400,000",,Grant
Dicks Sporting Goods Inc,Pennsylvania,state,,"$2,400,000",,Tax Increment Financing
Dick's Merchandising & Supply Chain Inc,New York,local,2017,"$2,274,863",,Tax Credit/Rebate
Dick's Manufacturing - Expansion,New York,local,2017,"$2,274,863",,Tax Credit/Rebate
Dicks Sporting Goods,Pennsylvania,state,,"$2,049,000",,Tax Credit/Rebate
Dick's Merchandising & Supply Chain,New York,Local,2018,"$1,878,637",,Tax Credit/Rebate
Dick's Merchandising & Supply Chain Inc,New York,Local,2018,"$1,878,637",,Tax Credit/Rebate
"Sports Authority Inc, The",Florida,state,1997,"$1,875,000",,Tax Credit/Rebate
Foot Locker Retail Inc,Nevada,state,2021,"$1,678,037",,Tax Credit/Rebate
Dick's Merchandising & Supply Chain Inc,New York,local,2019,"$1,487,467",,Tax Credit/Rebate
Dick's Manufacturing - Expansion,New York,local,2019,"$1,487,467",,Tax Credit/Rebate
Dick's Sporting Goods Inc,Indiana,state,2006,"$1,265,000",,Tax Credit/Rebate
Dicks Sporting Goods Inc,Pennsylvania,state,,"$1,250,000",,Grant
Dick's Sporting Goods Inc,Pennsylvania,state,,"$924,000",,Tax Credit/Rebate
Dick's Sporting Goods,Pennsylvania,state,,"$900,000",,Tax Credit/Rebate
Dick's Merchandising & Supply Chain,New York,local,2023,"$835,162",,Tax Credit/Rebate
Dick's Merchandising & Supply Chain Inc,New York,local,2023,"$835,162",,Tax Credit/Rebate
Dick's Merchandising & Supply Chain,New York,local,2024,"$829,242",,Tax Credit/Rebate
Dick's Merchandising & Supply Chain Inc,New York,local,2024,"$829,242",,Tax Credit/Rebate
Dick's Manufacturing - Expansion,New York,local,2020,"$820,784",,Tax Credit/Rebate
Dick's Merchandising & Supply Chain Inc,New York,local,2020,"$820,784",,Tax Credit/Rebate
Dick's Merchandising & Supply Chain Inc,New York,local,2022,"$816,498",,Tax Credit/Rebate
Dick's Manufacturing - Expansion,New York,local,2022,"$816,498",,Tax Credit/Rebate
Dick's Merchandising & Supply Chain Inc,New York,local,2021,"$814,803",,Tax Credit/Rebate
Dick's Manufacturing - Expansion,New York,local,2021,"$814,803",,Tax Credit/Rebate
Foot Locker Retail Inc,Nevada,state,2021,"$789,999",,Tax Credit/Rebate
Tsa Stores Inc,New Jersey,state,2002,"$531,960",,Grant
Dick's Sporting Goods Inc,New York,state,2010,"$522,554",,Enterprise Zone
Dick's Sporting Goods,Pennsylvania,state,,"$500,000",,Training Reimbursement
Dick's Sporting Goods Inc,Indiana,state,2007,"$462,000",,Tax Credit/Rebate
Dick's Merchandising & Supply Chain Inc,New York,local,2016,"$455,888",,Tax Credit/Rebate
Dicks Sporting Goods Inc,Pennsylvania,state,2024,"$355,900",,Tax Credit/Rebate
Dick's Sporting Goods Inc,New York,local,2014,"$332,461",,Tax Credit/Rebate
Dick's Sporting Goods Inc,Louisiana,state,2014,"$258,955",,Enterprise Zone
Dicks Sporting Goods Inc,Pennsylvania,state,2022,"$242,600",,Tax Credit/Rebate
The Top-Flite Golf Company,New York,state,2005,"$230,050",,Enterprise Zone
Foot Locker Retail Inc,Nevada,state,2021,"$228,872",,Tax Credit/Rebate
Dick's Sporting Goods Inc,Pennsylvania,state,2015,"$202,688",,Tax Credit/Rebate
Dicks Sporting Goods Inc,Pennsylvania,state,2023,"$176,400",,Tax Credit/Rebate
Dicks Sporting Goods Inc,Pennsylvania,state,2021,"$168,400",,Tax Credit/Rebate
Dick's Sporting Goods Inc,Pennsylvania,state,2014,"$156,788",,Tax Credit/Rebate
DICKS SPORTING GOODS INC,Pennsylvania,state,2020,"$98,900",,Tax Credit/Rebate
Foot Locker Junction City Service Center,Kansas,state,2008,"$75,500",,Training Reimbursement
Dick's Sporting Goods Inc,Arizona,state,2012,"$48,978",,Training Reimbursement
Dick's Sporting Goods,Arizona,state,2015,"$48,000",,Tax Credit/Rebate
Dick's Sporting Goods Inc,New York,state,2007,"$43,232",,Enterprise Zone
Dick's Sporting Goods Inc,New York,state,2007,"$43,232",,Enterprise Zone
Dick's Sporting Goods Inc,New York,state,2007,"$43,232",,Enterprise Zone
DICKS SPORTING GOODS,Maine,state,2016,"$42,686",,Property Tax Abatement
Dick's Sporting Goods Inc,Pennsylvania,state,2016,"$38,651",,Tax Credit/Rebate
Dicks Sporting Goods,Maine,state,2021,"$38,081",,Property Tax Abatement
Dick's Sporting Goods Inc,New York,state,2004,"$37,712",,Enterprise Zone
Dick's Sporting Goods Inc,New York,state,2008,"$36,625",,Enterprise Zone
Dick's Sporting Goods Inc,New York,state,2006,"$34,875",,Enterprise Zone
Dick's Sporting Goods Inc,New York,state,2009,"$30,375",,Enterprise Zone
Dick's Sporting Goods Inc,New York,state,2009,"$30,375",,Enterprise Zone
Dick's Sporting Goods Inc,New York,state,2009,"$30,375",,Enterprise Zone
DICKS SPORTING GOODS,Maine,state,2012,"$27,209",,Property Tax Abatement
DICKS SPORTING GOODS,Maine,state,2014,"$26,368",,Property Tax Abatement
Dicks Sporting Goods,Maine,state,2023,"$26,260",,Property Tax Abatement
Dick's Sporting Goods Inc,New York,state,2004,"$24,750",,Enterprise Zone
Dick's Sporting Goods Inc,New York,state,2005,"$23,625",,Enterprise Zone
DICKS SPORTING GOODS,Maine,state,2015,"$21,659",,Property Tax Abatement
Fl Retail Ny LLC,New York,state,2006,"$20,000",,Enterprise Zone
FL Retail NY LLC,New York,state,2006,"$20,000",,Enterprise Zone
DICKS SPORTING GOODS,Maine,state,2018,"$19,639",,Property Tax Abatement
DICKS SPORTING GOODS,Maine,state,2019,"$19,639",,Property Tax Abatement
"The Sports Authority, Inc and Subsidiaries",Colorado,state,,"$16,534",,Tax Credit/Rebate
Galyan's Trading Company LLC,Colorado,state,2013,"$10,587",,Tax Credit/Rebate
Fl Retail Ny LLC,New York,state,2005,"$10,000",,Enterprise Zone
Fl Retail Ny LLC,New York,state,2005,"$10,000",,Enterprise Zone
Fl Retail Ny LLC,New York,state,2005,"$10,000",,Enterprise Zone
Fl Retail Ny LLC,New York,state,2005,"$10,000",,Enterprise Zone
Fl Retail Ny LLC,New York,state,2007,"$9,000",,Enterprise Zone
Fl Retail Ny Inc,New York,state,2003,"$9,000",,Enterprise Zone
FL Retail NY LLC,New York,state,2006,"$8,625",,Enterprise Zone
Fl Retail Ny LLC,New York,state,2007,"$8,000",,Enterprise Zone
Fl Retail Ny LLC,New York,state,2004,"$8,000",,Enterprise Zone
Dick's Sporting Goods Inc,New York,local,2015,"$7,843",,Tax Credit/Rebate
FL Retail NY LLC,New York,state,2006,"$7,125",,Enterprise Zone
Fl Retail Ny Inc,New York,state,2004,"$7,000",,Enterprise Zone
Galyan's Trading Company dba Dick's Sporting Goods,Colorado,state,2016,"$6,398",,Tax Credit/Rebate
Fl Retail Ny LLC,New York,state,2004,"$3,700",,Enterprise Zone
Fl Retail Ny LLC,New York,state,2007,"$3,500",,Enterprise Zone
Galyan's Trading Company Dba Dick's Sporting Goods Inc,Colorado,state,2017,"$2,519",,Tax Credit/Rebate
Dick's Sporting Goods Inc,Colorado,state,2016,"$2,228",,Tax Credit/Rebate
Dick's Sporting Goods Inc,Colorado,state,2017,"$2,000",,Tax Credit/Rebate
The Top-Flite Golf Company,New York,state,2007,"$1,701",,Enterprise Zone
Foot Locker Retail Inc,Colorado,state,2016,"$1,284",,Tax Credit/Rebate
Galyan's Trading Company Dba Dick's Sporting Goods Inc,Colorado,state,2020,"$1,226",,Tax Credit/Rebate
Dick's Sporting Goods Inc,New Jersey,state,,undisclosed,,Tax Credit/Rebate and Property Tax Abatement
Dick's Sporting Goods Inc,New Jersey,state,,undisclosed,,Tax Credit/Rebate and Property Tax Abatement
Dick's Merchandising & Supply Chain Inc,New York,state,2019,"$7,200,000",,Tax Credit/Rebate
Dicks Sporting Goods Inc,Pennsylvania,state,,"$4,800,000",,Grant
Dicks Sporting Goods Inc,Pennsylvania,state,,"$3,600,000",,Grant
Dick's Sporting Goods,Pennsylvania,state,,"$2,400,000",,Grant
Dicks Sporting Goods Inc,Pennsylvania,state,,"$2,400,000",,Tax Increment Financing
Dick's Merchandising & Supply Chain Inc,New York,local,2017,"$2,274,863",,Tax Credit/Rebate
Dick's Manufacturing - Expansion,New York,local,2017,"$2,274,863",,Tax Credit/Rebate
Dicks Sporting Goods,Pennsylvania,state,,"$2,049,000",,Tax Credit/Rebate
Dick's Merchandising & Supply Chain,New York,Local,2018,"$1,878,637",,Tax Credit/Rebate
Dick's Merchandising & Supply Chain Inc,New York,Local,2018,"$1,878,637",,Tax Credit/Rebate
"Sports Authority Inc, The",Florida,state,1997,"$1,875,000",,Tax Credit/Rebate
Foot Locker Retail Inc,Nevada,state,2021,"$1,678,037",,Tax Credit/Rebate
Dick's Merchandising & Supply Chain Inc,New York,local,2019,"$1,487,467",,Tax Credit/Rebate
Dick's Manufacturing - Expansion,New York,local,2019,"$1,487,467",,Tax Credit/Rebate
Dick's Sporting Goods Inc,Indiana,state,2006,"$1,265,000",,Tax Credit/Rebate
Dicks Sporting Goods Inc,Pennsylvania,state,,"$1,250,000",,Grant
Dick's Sporting Goods Inc,Pennsylvania,state,,"$924,000",,Tax Credit/Rebate
Dick's Sporting Goods,Pennsylvania,state,,"$900,000",,Tax Credit/Rebate
Dick's Merchandising & Supply Chain,New York,local,2023,"$835,162",,Tax Credit/Rebate
Dick's Merchandising & Supply Chain Inc,New York,local,2023,"$835,162",,Tax Credit/Rebate
Dick's Merchandising & Supply Chain,New York,local,2024,"$829,242",,Tax Credit/Rebate
Dick's Merchandising & Supply Chain Inc,New York,local,2024,"$829,242",,Tax Credit/Rebate
Dick's Manufacturing - Expansion,New York,local,2020,"$820,784",,Tax Credit/Rebate
Dick's Merchandising & Supply Chain Inc,New York,local,2020,"$820,784",,Tax Credit/Rebate
Dick's Merchandising & Supply Chain Inc,New York,local,2022,"$816,498",,Tax Credit/Rebate
Dick's Manufacturing - Expansion,New York,local,2022,"$816,498",,Tax Credit/Rebate
Dick's Merchandising & Supply Chain Inc,New York,local,2021,"$814,803",,Tax Credit/Rebate
Dick's Manufacturing - Expansion,New York,local,2021,"$814,803",,Tax Credit/Rebate
Foot Locker Retail Inc,Nevada,state,2021,"$789,999",,Tax Credit/Rebate
Tsa Stores Inc,New Jersey,state,2002,"$531,960",,Grant
Dick's Sporting Goods Inc,New York,state,2010,"$522,554",,Enterprise Zone
Dick's Sporting Goods,Pennsylvania,state,,"$500,000",,Training Reimbursement
Dick's Sporting Goods Inc,Indiana,state,2007,"$462,000",,Tax Credit/Rebate
Dick's Merchandising & Supply Chain Inc,New York,local,2016,"$455,888",,Tax Credit/Rebate
Dicks Sporting Goods Inc,Pennsylvania,state,2024,"$355,900",,Tax Credit/Rebate
Dick's Sporting Goods Inc,New York,local,2014,"$332,461",,Tax Credit/Rebate
Dick's Sporting Goods Inc,Louisiana,state,2014,"$258,955",,Enterprise Zone
Dicks Sporting Goods Inc,Pennsylvania,state,2022,"$242,600",,Tax Credit/Rebate
The Top-Flite Golf Company,New York,state,2005,"$230,050",,Enterprise Zone
Foot Locker Retail Inc,Nevada,state,2021,"$228,872",,Tax Credit/Rebate
Dick's Sporting Goods Inc,Pennsylvania,state,2015,"$202,688",,Tax Credit/Rebate
Dicks Sporting Goods Inc,Pennsylvania,state,2023,"$176,400",,Tax Credit/Rebate
Dicks Sporting Goods Inc,Pennsylvania,state,2021,"$168,400",,Tax Credit/Rebate
Dick's Sporting Goods Inc,Pennsylvania,state,2014,"$156,788",,Tax Credit/Rebate
DICKS SPORTING GOODS INC,Pennsylvania,state,2020,"$98,900",,Tax Credit/Rebate
Foot Locker Junction City Service Center,Kansas,state,2008,"$75,500",,Training Reimbursement
Dick's Sporting Goods Inc,Arizona,state,2012,"$48,978",,Training Reimbursement
Dick's Sporting Goods,Arizona,state,2015,"$48,000",,Tax Credit/Rebate
Dick's Sporting Goods Inc,New York,state,2007,"$43,232",,Enterprise Zone
Dick's Sporting Goods Inc,New York,state,2007,"$43,232",,Enterprise Zone
Dick's Sporting Goods Inc,New York,state,2007,"$43,232",,Enterprise Zone
DICKS SPORTING GOODS,Maine,state,2016,"$42,686",,Property Tax Abatement
Dick's Sporting Goods Inc,Pennsylvania,state,2016,"$38,651",,Tax Credit/Rebate
Dicks Sporting Goods,Maine,state,2021,"$38,081",,Property Tax Abatement
Dick's Sporting Goods Inc,New York,state,2004,"$37,712",,Enterprise Zone
Dick's Sporting Goods Inc,New York,state,2008,"$36,625",,Enterprise Zone
Dick's Sporting Goods Inc,New York,state,2006,"$34,875",,Enterprise Zone
Dick's Sporting Goods Inc,New York,state,2009,"$30,375",,Enterprise Zone
Dick's Sporting Goods Inc,New York,state,2009,"$30,375",,Enterprise Zone
Dick's Sporting Goods Inc,New York,state,2009,"$30,375",,Enterprise Zone
DICKS SPORTING GOODS,Maine,state,2012,"$27,209",,Property Tax Abatement
DICKS SPORTING GOODS,Maine,state,2014,"$26,368",,Property Tax Abatement
Dicks Sporting Goods,Maine,state,2023,"$26,260",,Property Tax Abatement
Dick's Sporting Goods Inc,New York,state,2004,"$24,750",,Enterprise Zone
Dick's Sporting Goods Inc,New York,state,2005,"$23,625",,Enterprise Zone
DICKS SPORTING GOODS,Maine,state,2015,"$21,659",,Property Tax Abatement
Fl Retail Ny LLC,New York,state,2006,"$20,000",,Enterprise Zone
FL Retail NY LLC,New York,state,2006,"$20,000",,Enterprise Zone
DICKS SPORTING GOODS,Maine,state,2018,"$19,639",,Property Tax Abatement
DICKS SPORTING GOODS,Maine,state,2019,"$19,639",,Property Tax Abatement
"The Sports Authority, Inc and Subsidiaries",Colorado,state,,"$16,534",,Tax Credit/Rebate
Galyan's Trading Company LLC,Colorado,state,2013,"$10,587",,Tax Credit/Rebate
Fl Retail Ny LLC,New York,state,2005,"$10,000",,Enterprise Zone
Fl Retail Ny LLC,New York,state,2005,"$10,000",,Enterprise Zone
Fl Retail Ny LLC,New York,state,2005,"$10,000",,Enterprise Zone
Fl Retail Ny LLC,New York,state,2005,"$10,000",,Enterprise Zone
Fl Retail Ny LLC,New York,state,2007,"$9,000",,Enterprise Zone
Fl Retail Ny Inc,New York,state,2003,"$9,000",,Enterprise Zone
FL Retail NY LLC,New York,state,2006,"$8,625",,Enterprise Zone
Fl Retail Ny LLC,New York,state,2007,"$8,000",,Enterprise Zone
Fl Retail Ny LLC,New York,state,2004,"$8,000",,Enterprise Zone
Dick's Sporting Goods Inc,New York,local,2015,"$7,843",,Tax Credit/Rebate
FL Retail NY LLC,New York,state,2006,"$7,125",,Enterprise Zone
Fl Retail Ny Inc,New York,state,2004,"$7,000",,Enterprise Zone
Galyan's Trading Company dba Dick's Sporting Goods,Colorado,state,2016,"$6,398",,Tax Credit/Rebate
Fl Retail Ny LLC,New York,state,2004,"$3,700",,Enterprise Zone
Fl Retail Ny LLC,New York,state,2007,"$3,500",,Enterprise Zone
Galyan's Trading Company Dba Dick's Sporting Goods Inc,Colorado,state,2017,"$2,519",,Tax Credit/Rebate
Dick's Sporting Goods Inc,Colorado,state,2016,"$2,228",,Tax Credit/Rebate
Dick's Sporting Goods Inc,Colorado,state,2017,"$2,000",,Tax Credit/Rebate
The Top-Flite Golf Company,New York,state,2007,"$1,701",,Enterprise Zone
Foot Locker Retail Inc,Colorado,state,2016,"$1,284",,Tax Credit/Rebate
Galyan's Trading Company Dba Dick's Sporting Goods Inc,Colorado,state,2020,"$1,226",,Tax Credit/Rebate
Dick's Sporting Goods Inc,New Jersey,state,,undisclosed,,Tax Credit/Rebate and Property Tax Abatement
Dick's Sporting Goods Inc,New Jersey,state,,undisclosed,,Tax Credit/Rebate and Property Tax Abatement
Dick's Merchandising & Supply Chain Inc,New York,state,2019,"$7,200,000",,Tax Credit/Rebate
Dicks Sporting Goods Inc,Pennsylvania,state,,"$4,800,000",,Grant
Dicks Sporting Goods Inc,Pennsylvania,state,,"$3,600,000",,Grant
Dick's Sporting Goods,Pennsylvania,state,,"$2,400,000",,Grant
Dicks Sporting Goods Inc,Pennsylvania,state,,"$2,400,000",,Tax Increment Financing
Dick's Merchandising & Supply Chain Inc,New York,local,2017,"$2,274,863",,Tax Credit/Rebate
Dick's Manufacturing - Expansion,New York,local,2017,"$2,274,863",,Tax Credit/Rebate
Dicks Sporting Goods,Pennsylvania,state,,"$2,049,000",,Tax Credit/Rebate
Dick's Merchandising & Supply Chain,New York,Local,2018,"$1,878,637",,Tax Credit/Rebate
Dick's Merchandising & Supply Chain Inc,New York,Local,2018,"$1,878,637",,Tax Credit/Rebate
"Sports Authority Inc, The",Florida,state,1997,"$1,875,000",,Tax Credit/Rebate
Foot Locker Retail Inc,Nevada,state,2021,"$1,678,037",,Tax Credit/Rebate
Dick's Merchandising & Supply Chain Inc,New York,local,2019,"$1,487,467",,Tax Credit/Rebate
Dick's Manufacturing - Expansion,New York,local,2019,"$1,487,467",,Tax Credit/Rebate
Dick's Sporting Goods Inc,Indiana,state,2006,"$1,265,000",,Tax Credit/Rebate
Dicks Sporting Goods Inc,Pennsylvania,state,,"$1,250,000",,Grant
Dick's Sporting Goods Inc,Pennsylvania,state,,"$924,000",,Tax Credit/Rebate
Dick's Sporting Goods,Pennsylvania,state,,"$900,000",,Tax Credit/Rebate
Dick's Merchandising & Supply Chain,New York,local,2023,"$835,162",,Tax Credit/Rebate
Dick's Merchandising & Supply Chain Inc,New York,local,2023,"$835,162",,Tax Credit/Rebate
Dick's Merchandising & Supply Chain,New York,local,2024,"$829,242",,Tax Credit/Rebate
Dick's Merchandising & Supply Chain Inc,New York,local,2024,"$829,242",,Tax Credit/Rebate
Dick's Manufacturing - Expansion,New York,local,2020,"$820,784",,Tax Credit/Rebate
Dick's Merchandising & Supply Chain Inc,New York,local,2020,"$820,784",,Tax Credit/Rebate
Dick's Merchandising & Supply Chain Inc,New York,local,2022,"$816,498",,Tax Credit/Rebate
Dick's Manufacturing - Expansion,New York,local,2022,"$816,498",,Tax Credit/Rebate
Dick's Merchandising & Supply Chain Inc,New York,local,2021,"$814,803",,Tax Credit/Rebate
Dick's Manufacturing - Expansion,New York,local,2021,"$814,803",,Tax Credit/Rebate
Foot Locker Retail Inc,Nevada,state,2021,"$789,999",,Tax Credit/Rebate
Tsa Stores Inc,New Jersey,state,2002,"$531,960",,Grant
Dick's Sporting Goods Inc,New York,state,2010,"$522,554",,Enterprise Zone
Dick's Sporting Goods,Pennsylvania,state,,"$500,000",,Training Reimbursement
Dick's Sporting Goods Inc,Indiana,state,2007,"$462,000",,Tax Credit/Rebate
Dick's Merchandising & Supply Chain Inc,New York,local,2016,"$455,888",,Tax Credit/Rebate
Dicks Sporting Goods Inc,Pennsylvania,state,2024,"$355,900",,Tax Credit/Rebate
Dick's Sporting Goods Inc,New York,local,2014,"$332,461",,Tax Credit/Rebate
Dick's Sporting Goods Inc,Louisiana,state,2014,"$258,955",,Enterprise Zone
Dicks Sporting Goods Inc,Pennsylvania,state,2022,"$242,600",,Tax Credit/Rebate
The Top-Flite Golf Company,New York,state,2005,"$230,050",,Enterprise Zone
Foot Locker Retail Inc,Nevada,state,2021,"$228,872",,Tax Credit/Rebate
Dick's Sporting Goods Inc,Pennsylvania,state,2015,"$202,688",,Tax Credit/Rebate
Dicks Sporting Goods Inc,Pennsylvania,state,2023,"$176,400",,Tax Credit/Rebate
Dicks Sporting Goods Inc,Pennsylvania,state,2021,"$168,400",,Tax Credit/Rebate
Dick's Sporting Goods Inc,Pennsylvania,state,2014,"$156,788",,Tax Credit/Rebate
DICKS SPORTING GOODS INC,Pennsylvania,state,2020,"$98,900",,Tax Credit/Rebate
Foot Locker Junction City Service Center,Kansas,state,2008,"$75,500",,Training Reimbursement
Dick's Sporting Goods Inc,Arizona,state,2012,"$48,978",,Training Reimbursement
Dick's Sporting Goods,Arizona,state,2015,"$48,000",,Tax Credit/Rebate
Dick's Sporting Goods Inc,New York,state,2007,"$43,232",,Enterprise Zone
Dick's Sporting Goods Inc,New York,state,2007,"$43,232",,Enterprise Zone
Dick's Sporting Goods Inc,New York,state,2007,"$43,232",,Enterprise Zone
DICKS SPORTING GOODS,Maine,state,2016,"$42,686",,Property Tax Abatement
Dick's Sporting Goods Inc,Pennsylvania,state,2016,"$38,651",,Tax Credit/Rebate
Dicks Sporting Goods,Maine,state,2021,"$38,081",,Property Tax Abatement
Dick's Sporting Goods Inc,New York,state,2004,"$37,712",,Enterprise Zone
Dick's Sporting Goods Inc,New York,state,2008,"$36,625",,Enterprise Zone
Dick's Sporting Goods Inc,New York,state,2006,"$34,875",,Enterprise Zone
Dick's Sporting Goods Inc,New York,state,2009,"$30,375",,Enterprise Zone
Dick's Sporting Goods Inc,New York,state,2009,"$30,375",,Enterprise Zone
Dick's Sporting Goods Inc,New York,state,2009,"$30,375",,Enterprise Zone
DICKS SPORTING GOODS,Maine,state,2012,"$27,209",,Property Tax Abatement
DICKS SPORTING GOODS,Maine,state,2014,"$26,368",,Property Tax Abatement
Dicks Sporting Goods,Maine,state,2023,"$26,260",,Property Tax Abatement
Dick's Sporting Goods Inc,New York,state,2004,"$24,750",,Enterprise Zone
Dick's Sporting Goods Inc,New York,state,2005,"$23,625",,Enterprise Zone
DICKS SPORTING GOODS,Maine,state,2015,"$21,659",,Property Tax Abatement
Fl Retail Ny LLC,New York,state,2006,"$20,000",,Enterprise Zone
FL Retail NY LLC,New York,state,2006,"$20,000",,Enterprise Zone
DICKS SPORTING GOODS,Maine,state,2018,"$19,639",,Property Tax Abatement
DICKS SPORTING GOODS,Maine,state,2019,"$19,639",,Property Tax Abatement
"The Sports Authority, Inc and Subsidiaries",Colorado,state,,"$16,534",,Tax Credit/Rebate
Galyan's Trading Company LLC,Colorado,state,2013,"$10,587",,Tax Credit/Rebate
Fl Retail Ny LLC,New York,state,2005,"$10,000",,Enterprise Zone
Fl Retail Ny LLC,New York,state,2005,"$10,000",,Enterprise Zone
Fl Retail Ny LLC,New York,state,2005,"$10,000",,Enterprise Zone
Fl Retail Ny LLC,New York,state,2005,"$10,000",,Enterprise Zone
Fl Retail Ny LLC,New York,state,2007,"$9,000",,Enterprise Zone
Fl Retail Ny Inc,New York,state,2003,"$9,000",,Enterprise Zone
FL Retail NY LLC,New York,state,2006,"$8,625",,Enterprise Zone
Fl Retail Ny LLC,New York,state,2007,"$8,000",,Enterprise Zone
Fl Retail Ny LLC,New York,state,2004,"$8,000",,Enterprise Zone
Dick's Sporting Goods Inc,New York,local,2015,"$7,843",,Tax Credit/Rebate
FL Retail NY LLC,New York,state,2006,"$7,125",,Enterprise Zone
Fl Retail Ny Inc,New York,state,2004,"$7,000",,Enterprise Zone
Galyan's Trading Company dba Dick's Sporting Goods,Colorado,state,2016,"$6,398",,Tax Credit/Rebate
Fl Retail Ny LLC,New York,state,2004,"$3,700",,Enterprise Zone
Fl Retail Ny LLC,New York,state,2007,"$3,500",,Enterprise Zone
Galyan's Trading Company Dba Dick's Sporting Goods Inc,Colorado,state,2017,"$2,519",,Tax Credit/Rebate
Dick's Sporting Goods Inc,Colorado,state,2016,"$2,228",,Tax Credit/Rebate
Dick's Sporting Goods Inc,Colorado,state,2017,"$2,000",,Tax Credit/Rebate
The Top-Flite Golf Company,New York,state,2007,"$1,701",,Enterprise Zone
Foot Locker Retail Inc,Colorado,state,2016,"$1,284",,Tax Credit/Rebate
Galyan's Trading Company Dba Dick's Sporting Goods Inc,Colorado,state,2020,"$1,226",,Tax Credit/Rebate
Dick's Sporting Goods Inc,New Jersey,state,,undisclosed,,Tax Credit/Rebate and Property Tax Abatement
Dick's Sporting Goods Inc,New Jersey,state,,undisclosed,,Tax Credit/Rebate and Property Tax Abatement
