store,city,open,type,ap_prev,ap_open_yr,g_cty,g_ctl_med,pctile,excess_K,frac,annual_excess_K,wage_K,jobs_equiv,ap_next,g_next_vs_prev,ctl_next
1500,Victor,2021-04-09,relocation-same-coun,4057.0,5752.0,41.779640128173526,15.44444444444444,95.46827794561933,1068.418888888889,0.75,1424.5585185185184,14.13588850174216,100.77601548306995,6922.0,70.61868375647029,27.67620866088877
1372,Knoxville,2021-05-19,conversion/relocatio,18328.0,21407.0,16.79943256219991,15.44444444444444,55.58912386706949,248.34222222222317,0.5833333333333334,425.7295238095254,21.386231038506416,19.906711147138985,22566.0,23.123090353557394,27.67620866088877
1514,Minnetonka,2022-06-03,unknown,99365.0,120158.0,20.925879333769437,9.691056910569106,77.19033232628398,11163.481300813008,0.5833333333333334,19137.39651567944,26.96472184531886,709.7197822198837,129028.0,29.852563780003027,7.063351457697264
1587+1586,Harris(Baybrook+Katy),2023-05-15,2 HoS in same county,177717.0,172648.0,-2.852287625832084,-2.5807976642722608,47.2809667673716,-482.48381498527095,0.6666666666666666,-723.7257224779065,28.137587080430652,-25.72095895817765,,,
1582,Davenport,2023-07-21,in-place remodel,8614.0,7882.0,-8.497794288367777,-2.5807976642722608,23.26283987915408,-509.69008919958776,0.4166666666666667,-1223.2562140790105,22.788359788359788,-53.67899337379452,,,
1584,Latham,2023-07-28,unknown,20268.0,18568.0,-8.38760607854746,-2.5807976642722608,24.3202416918429,-1176.9239294052975,0.4166666666666667,-2824.617430572714,25.084158415841586,-112.60562876962467,,,
1581,Fayetteville,2023-07-28,relocation (old Skib,10375.0,10083.0,-2.814457831325301,-2.5807976642722608,47.583081570996974,-24.242242331752927,0.4166666666666667,-58.18138159620702,23.960739030023095,-2.428196456015194,,,
1546,Johnson City,2023-08-18,relocation-same-coun,5981.0,5806.0,-2.925932118374852,-2.5807976642722608,46.676737160120844,-20.64249169987599,0.3333333333333333,-61.92747509962797,21.592057761732853,-2.868067313592534,,,
1580,Chesapeake,2023-08-18,in-place (old listin,7366.0,7016.0,-4.751561227260382,-2.5807976642722608,37.764350453172206,-159.89844404970495,0.3333333333333333,-479.69533214911485,19.642666666666667,-24.421090083616352,,,
1583,Champaign,2023-08-18,unknown,7606.0,7919.0,4.115172232448061,-2.5807976642722608,79.15407854984893,509.29547034454765,0.3333333333333333,1527.886411033643,25.523489932885905,59.86197087667968,,,
1579,Scranton,2023-08-18,unknown,8780.0,8637.0,-1.628701594533033,-2.5807976642722608,54.53172205438066,83.5940349231042,0.3333333333333333,250.7821047693126,22.5706940874036,11.110961133856788,,,
