page,title,posted,href
1,"Oklahoma City, Oklahoma Oklahoma City OK Retail Sales Associate Team Sports Store Hourly Date posted 30+ days ago",30+,/job/retail-sales-associate-team-sports/oklahoma-city-ok/202635290/
1,"Oklahoma City, Oklahoma Oklahoma City OK Retail Sales Leader - Front End Store Hourly Date posted 30+ days ago",30+,/job/retail-sales-leader-front-end/oklahoma-city-ok/202631450/
1,"Oklahoma City, Oklahoma Oklahoma City OK Retail Sales Associate Apparel Store Hourly Date posted 30+ days ago",30+,/job/retail-sales-associate-apparel/oklahoma-city-ok/202629181/
1,"Oklahoma City, Oklahoma Oklahoma City OK Retail Cashier Store Hourly Date posted 30+ days ago",30+,/job/retail-cashier/oklahoma-city-ok/202605183/
1,"Sioux Falls, South Dakota Sioux Falls SD Seasonal Retail Sales Associate Store Hourly Date posted 10/02/2026",10/02/2026,/job/seasonal-retail-sales-associate/sioux-falls-sd/202639582/
1,"Sioux Falls, South Dakota Sioux Falls SD Retail Cashier Store Hourly Date posted 09/28/2026",09/28/2026,/job/retail-cashier/sioux-falls-sd/202637774/
1,"Sioux Falls, South Dakota Sioux Falls SD Retail Sales Associate Footwear Store Hourly Date posted 09/28/2026",09/28/2026,/job/retail-sales-associate-footwear/sioux-falls-sd/202637773/
1,"Sioux Falls, South Dakota Sioux Falls SD Retail Sales Associate Golf Store Hourly Golf Date posted 09/28/2026",09/28/2026,/job/retail-sales-associate-golf/sioux-falls-sd/202637776/
1,"Sioux Falls, South Dakota Sioux Falls SD Retail Equipment Services Technician Store Hourly Date posted 09/26/2026",09/26/2026,/job/retail-equipment-services-technician/sioux-falls-sd/202638172/
1,"Sioux Falls, South Dakota Sioux Falls SD Retail Rock Climbing Lead Store Hourly Date posted 09/24/2026",09/24/2026,/job/retail-rock-climbing-lead/sioux-falls-sd/202638036/
1,"Sioux Falls, South Dakota Sioux Falls SD Retail Operations Associate Store Hourly Date posted 09/24/2026",09/24/2026,/job/retail-operations-associate/sioux-falls-sd/202638034/
1,"Sioux Falls, South Dakota Sioux Falls SD Retail Omni Fulfillment Lead Store Hourly Date posted 09/24/2026",09/24/2026,/job/retail-omni-fulfillment-lead/sioux-falls-sd/202638037/
1,"Sioux Falls, South Dakota Sioux Falls SD Retail Outdoor Associate Store Hourly Date posted 09/24/2026",09/24/2026,/job/retail-outdoor-associate/sioux-falls-sd/202638035/
1,"Sioux Falls, South Dakota Sioux Falls SD Retail Sales Associate Team Sports Store Hourly Date posted 09/23/2026",09/23/2026,/job/retail-sales-associate-team-sports/sioux-falls-sd/202637775/
1,"Sioux Falls, South Dakota Sioux Falls SD Retail Sales Associate Apparel Store Hourly Date posted 09/23/2026",09/23/2026,/job/retail-sales-associate-apparel/sioux-falls-sd/202637772/
1,"Sioux Falls, South Dakota Sioux Falls SD Golf Professional - DICK'S House of Sport Golf Professional Date posted 09/16/2026",09/16/2026,/job/golf-professional-dick-s-house-of-sport/sioux-falls-sd/202606163/
1,"Arlington, Texas Arlington TX Seasonal Retail Sales Associate Store Hourly Date posted 10/02/2026",10/02/2026,/job/seasonal-retail-sales-associate/arlington-tx/202639565/
1,"Arlington, Texas Arlington TX Retail Sales Associate Apparel Store Hourly Date posted 09/22/2026",09/22/2026,/job/retail-sales-associate-apparel/arlington-tx/202637689/
1,"Arlington, Texas Arlington TX Golf Professional - DICK'S House of Sport Golf Professional Date posted 09/16/2026",09/16/2026,/job/golf-professional-dick-s-house-of-sport/arlington-tx/202600949/
1,"Arlington, Texas Arlington TX Retail Sales Leader - Front End Store Hourly Date posted 09/11/2026",09/11/2026,/job/retail-sales-leader-front-end/arlington-tx/202636192/
1,"Tulsa, Oklahoma Tulsa OK Seasonal Retail Sales Associate Store Hourly Date posted 10/02/2026",10/02/2026,/job/seasonal-retail-sales-associate/tulsa-ok/202639545/
1,"Tulsa, Oklahoma Tulsa OK Retail Cashier Store Hourly Date posted 10/01/2026",10/01/2026,/job/retail-cashier/tulsa-ok/202630021/
1,"Tulsa, Oklahoma Tulsa OK Golf Associate Store Hourly Golf Date posted 10/01/2026",10/01/2026,/job/golf-associate/tulsa-ok/202638707/
1,"Tulsa, Oklahoma Tulsa OK Retail Omni Fulfillment Associate Store Hourly Date posted 09/29/2026",09/29/2026,/job/retail-omni-fulfillment-associate/tulsa-ok/202638489/
1,"Tulsa, Oklahoma Tulsa OK Retail Rock Climbing Associate Store Hourly Date posted 09/22/2026",09/22/2026,/job/retail-rock-climbing-associate/tulsa-ok/202637605/
2,"Tulsa, Oklahoma Tulsa OK Retail Sales Associate Apparel Store Hourly Date posted 09/21/2026",09/21/2026,/job/retail-sales-associate-apparel/tulsa-ok/202637559/
2,"Tulsa, Oklahoma Tulsa OK Event Associate Store Hourly Date posted 09/21/2026",09/21/2026,/job/event-associate/tulsa-ok/202637542/
2,"Tulsa, Oklahoma Tulsa OK Retail Sales Associate Team Sports Store Hourly Date posted 09/21/2026",09/21/2026,/job/retail-sales-associate-team-sports/tulsa-ok/202637534/
2,"Tulsa, Oklahoma Tulsa OK Retail Outdoor Associate Store Hourly Date posted 09/21/2026",09/21/2026,/job/retail-outdoor-associate/tulsa-ok/202637538/
2,"Tulsa, Oklahoma Tulsa OK Retail Equipment Services Technician Store Hourly Date posted 30+ days ago",30+,/job/retail-equipment-services-technician/tulsa-ok/202631831/
2,"Tulsa, Oklahoma Tulsa OK Retail Rock Climbing Lead Store Hourly Date posted 30+ days ago",30+,/job/retail-rock-climbing-lead/tulsa-ok/202631387/
2,"Tulsa, Oklahoma Tulsa OK Retail Sales Lead Golf Store Hourly Golf Date posted 30+ days ago",30+,/job/retail-sales-lead-golf/tulsa-ok/202609140/
2,"Tulsa, Oklahoma Tulsa OK Retail Sales Lead Apparel Store Hourly Date posted 30+ days ago",30+,/job/retail-sales-lead-apparel/tulsa-ok/202606694/
2,"Frisco, Texas Frisco TX Retail Operations Associate Store Hourly Date posted 09/25/2026",09/25/2026,/job/retail-operations-associate/frisco-tx/202638136/
2,"Frisco, Texas Frisco TX Golf Professional - DICK'S House of Sport Golf Professional Date posted 30+ days ago",30+,/job/golf-professional-dick-s-house-of-sport/frisco-tx/202604703/
2,"Dallas, Texas Dallas TX Retail Operations Associate Store Hourly Date posted 10/05/2026",10/05/2026,/job/retail-operations-associate/dallas-tx/202635022/
2,"Dallas, Texas Dallas TX Seasonal Retail Sales Associate Store Hourly Date posted 10/02/2026",10/02/2026,/job/seasonal-retail-sales-associate/dallas-tx/202639558/
2,"Dallas, Texas Dallas TX Golf Professional - House of Sport Golf Professional Date posted 09/16/2026",09/16/2026,/job/golf-professional-house-of-sport/dallas-tx/202506187/
2,"Dallas, Texas Dallas TX Retail Equipment Services Technician Store Hourly Date posted 30+ days ago",30+,/job/retail-equipment-services-technician/dallas-tx/202624196/
2,"Dallas, Texas Dallas TX RETAIL EQUIPMENT SERVICES TECHNICIAN Store Hourly Date posted 30+ days ago",30+,/job/retail-equipment-services-technician/dallas-tx/202608396/
2,"Live Oak, Texas San Antonio TX Seasonal Retail Sales Associate Store Hourly Date posted 10/05/2026",10/05/2026,/job/seasonal-retail-sales-associate/live-oak-tx/202639559/
2,"Live Oak, Texas San Antonio TX Golf Professional - DICK'S House of Sport Golf Professional Date posted 09/16/2026",09/16/2026,/job/golf-professional-dick-s-house-of-sport/live-oak-tx/202610558/
2,"Live Oak, Texas San Antonio TX Retail Master Club Fitter Store Hourly Golf Date posted 30+ days ago",30+,/job/retail-master-club-fitter/live-oak-tx/202631633/
2,"Live Oak, Texas San Antonio TX Retail Sales Lead Apparel Store Hourly Date posted 30+ days ago",30+,/job/retail-sales-lead-apparel/live-oak-tx/202631564/
2,"Live Oak, Texas San Antonio TX Retail Customer Service Specialist Store Hourly Date posted 30+ days ago",30+,/job/retail-customer-service-specialist/live-oak-tx/202631563/
2,"Live Oak, Texas San Antonio TX Retail Sales Associate Golf Store Hourly Golf Date posted 30+ days ago",30+,/job/retail-sales-associate-golf/live-oak-tx/202631566/
2,"Live Oak, Texas San Antonio TX Retail Sales Leader - Front End Store Hourly Date posted 30+ days ago",30+,/job/retail-sales-leader-front-end/live-oak-tx/202606661/
2,"Leawood, Kansas Leawood KS Seasonal Retail Sales Associate Store Hourly Date posted 10/07/2026",10/07/2026,/job/seasonal-retail-sales-associate/leawood-ks/202639546/
2,"Leawood, Kansas Leawood KS Retail Freight Flow Lead Store Hourly Date posted 09/30/2026",09/30/2026,/job/retail-freight-flow-lead/leawood-ks/202630129/
2,"Leawood, Kansas Leawood KS Golf Professional - DICK'S House of Sport Golf Professional Date posted 30+ days ago",30+,/job/golf-professional-dick-s-house-of-sport/leawood-ks/202634950/
3,"Leawood, Kansas Leawood KS Retail Sales Lead Footwear Store Hourly Date posted 30+ days ago",30+,/job/retail-sales-lead-footwear/leawood-ks/202632322/
3,"Leawood, Kansas Leawood KS Retail Cashier Store Hourly Date posted 30+ days ago",30+,/job/retail-cashier/leawood-ks/202630115/
3,"Minnetonka, Minnesota Minnetonka MN Seasonal Retail Sales Associate Store Hourly Date posted 10/02/2026",10/02/2026,/job/seasonal-retail-sales-associate/minnetonka-mn/202639526/
3,"Minnetonka, Minnesota Minnetonka MN Retail Sales Lead Golf Store Hourly Golf Date posted 30+ days ago",30+,/job/retail-sales-lead-golf/minnetonka-mn/202632573/
3,"Springfield, Missouri Springfield MO Golf Professional - DICK'S House of Sport Golf Professional Date posted 09/16/2026",09/16/2026,/job/golf-professional-dick-s-house-of-sport/springfield-mo/202636822/
3,"Springfield, Missouri Springfield MO Assistant Store Manager Operations - House of Sport Sales Managers Date posted 09/10/2026",09/10/2026,/job/assistant-store-manager-operations-house-of-sport/springfield-mo/202635873/
3,"Springfield, Missouri Springfield MO Assistant Store Manager Sales - House of Sport Sales Managers Date posted 09/10/2026",09/10/2026,/job/assistant-store-manager-sales-house-of-sport/springfield-mo/202635872/
3,"Springfield, Missouri Springfield MO Assistant Store Manager Experiences - House of Sport Sales Managers Date posted 09/10/2026",09/10/2026,/job/assistant-store-manager-experiences-house-of-sport/springfield-mo/202635968/
3,"Springfield, Missouri Springfield MO Executive Store Director - House of Sport District Managers Date posted 30+ days ago",30+,/job/executive-store-director-house-of-sport/springfield-mo/202609055/
3,"Katy, Texas Katy TX Seasonal Retail Sales Associate Store Hourly Date posted 10/02/2026",10/02/2026,/job/seasonal-retail-sales-associate/katy-tx/202639536/
3,"Katy, Texas Katy TX Retail Sales Associate Apparel Store Hourly Date posted 09/24/2026",09/24/2026,/job/retail-sales-associate-apparel/katy-tx/202637918/
3,"Katy, Texas Katy TX Assistant Store Manager Sales - House of Sport Sales Managers Date posted 30+ days ago",30+,/job/assistant-store-manager-sales-house-of-sport/katy-tx/202631917/
3,"Katy, Texas Katy TX Teammate Golf Store Hourly Date posted 30+ days ago",30+,/job/teammate-golf/katy-tx/202624152/
3,"Cedar Rapids, Iowa Cedar Rapids IA Seasonal Retail Sales Associate Store Hourly Date posted 10/02/2026",10/02/2026,/job/seasonal-retail-sales-associate/cedar-rapids-ia/202639566/
3,"Cedar Rapids, Iowa Cedar Rapids IA Retail Sales Associate Apparel Store Hourly Date posted 30+ days ago",30+,/job/retail-sales-associate-apparel/cedar-rapids-ia/202635172/
3,"Cedar Rapids, Iowa Cedar Rapids IA Retail Cashier Store Hourly Date posted 30+ days ago",30+,/job/retail-cashier/cedar-rapids-ia/202631778/
3,"Cedar Rapids, Iowa Cedar Rapids IA Retail Sales Associate Footwear Store Hourly Date posted 30+ days ago",30+,/job/retail-sales-associate-footwear/cedar-rapids-ia/202631690/
3,"Cedar Rapids, Iowa Cedar Rapids IA Retail Operations Associate Store Hourly Date posted 30+ days ago",30+,/job/retail-operations-associate/cedar-rapids-ia/202631359/
3,"Cedar Rapids, Iowa Cedar Rapids IA Retail Customer Service Specialist Store Hourly Date posted 30+ days ago",30+,/job/retail-customer-service-specialist/cedar-rapids-ia/202632471/
3,"Cedar Rapids, Iowa Cedar Rapids IA Retail Sales Associate Team Sports Store Hourly Date posted 30+ days ago",30+,/job/retail-sales-associate-team-sports/cedar-rapids-ia/202631679/
3,"Cedar Rapids, Iowa Cedar Rapids IA Retail Sales Associate Golf Store Hourly Golf Date posted 30+ days ago",30+,/job/retail-sales-associate-golf/cedar-rapids-ia/202629299/
3,"Cedar Rapids, Iowa Cedar Rapids IA Retail Rock Climbing Lead Store Hourly Date posted 30+ days ago",30+,/job/retail-rock-climbing-lead/cedar-rapids-ia/202630054/
3,"Cedar Rapids, Iowa Cedar Rapids IA Retail Master Club Fitter Store Hourly Golf Date posted 30+ days ago",30+,/job/retail-master-club-fitter/cedar-rapids-ia/202607524/
3,"Cedar Rapids, Iowa Cedar Rapids IA Retail Sales Lead Apparel Store Hourly Date posted 30+ days ago",30+,/job/retail-sales-lead-apparel/cedar-rapids-ia/202606913/
3,"FRIENDSWOOD, Texas Baybrook TX Seasonal Retail Sales Associate Store Hourly Date posted 10/02/2026",10/02/2026,/job/seasonal-retail-sales-associate/friendswood-tx/202639537/
4,"FRIENDSWOOD, Texas Baybrook TX Retail Sales Lead Team Sport Store Hourly Date posted 09/28/2026",09/28/2026,/job/retail-sales-lead-team-sport/friendswood-tx/202632466/
4,"FRIENDSWOOD, Texas Baybrook TX Retail Sales Associate Golf Store Hourly Golf Date posted 09/24/2026",09/24/2026,/job/retail-sales-associate-golf/friendswood-tx/202637945/
4,"Davenport, Iowa Davenport IA Seasonal Retail Sales Associate Store Hourly Date posted 10/02/2026",10/02/2026,/job/seasonal-retail-sales-associate/davenport-ia/202639531/
4,"Davenport, Iowa Davenport IA Retail Customer Service Specialist Store Hourly Date posted 09/25/2026",09/25/2026,/job/retail-customer-service-specialist/davenport-ia/202638094/
4,"Davenport, Iowa Davenport IA Retail Omni Fulfillment Associate Store Hourly Date posted 09/25/2026",09/25/2026,/job/retail-omni-fulfillment-associate/davenport-ia/202638109/
4,"Davenport, Iowa Davenport IA Retail Outdoor Associate Store Hourly Date posted 09/17/2026",09/17/2026,/job/retail-outdoor-associate/davenport-ia/202637006/
4,"Davenport, Iowa Davenport IA Retail Rock Climbing Associate Store Hourly Date posted 09/17/2026",09/17/2026,/job/retail-rock-climbing-associate/davenport-ia/202636926/
4,"Davenport, Iowa Davenport IA Retail Cashier Store Hourly Date posted 09/17/2026",09/17/2026,/job/retail-cashier/davenport-ia/202636922/
4,"Davenport, Iowa Davenport IA Retail Sales Associate Footwear Store Hourly Date posted 09/17/2026",09/17/2026,/job/retail-sales-associate-footwear/davenport-ia/202636924/
4,"Davenport, Iowa Davenport IA Retail Sales Associate Team Sports Store Hourly Date posted 09/17/2026",09/17/2026,/job/retail-sales-associate-team-sports/davenport-ia/202636918/
4,"Champaign, Illinois Champaign IL Seasonal Retail Sales Associate Store Hourly Date posted 10/02/2026",10/02/2026,/job/seasonal-retail-sales-associate/champaign-il/202639532/
4,"Champaign, Illinois Champaign IL Retail Sales Lead Golf Store Hourly Golf Date posted 10/01/2026",10/01/2026,/job/retail-sales-lead-golf/champaign-il/202638665/
4,"Champaign, Illinois Champaign IL Retail Sales Associate Golf Store Hourly Golf Date posted 10/01/2026",10/01/2026,/job/retail-sales-associate-golf/champaign-il/202638772/
4,"Champaign, Illinois Champaign IL Retail Sales Associate Footwear Store Hourly Date posted 09/22/2026",09/22/2026,/job/retail-sales-associate-footwear/champaign-il/202637726/
4,"Champaign, Illinois Champaign IL Retail Sales Associate Apparel Store Hourly Date posted 09/19/2026",09/19/2026,/job/retail-sales-associate-apparel/champaign-il/202637295/
4,"Champaign, Illinois Champaign IL Retail Sales Lead Team Sport Store Hourly Date posted 30+ days ago",30+,/job/retail-sales-lead-team-sport/champaign-il/202629640/
4,"Champaign, Illinois Champaign IL Retail Customer Service Specialist Store Hourly Date posted 30+ days ago",30+,/job/retail-customer-service-specialist/champaign-il/202627431/
4,"Champaign, Illinois Champaign IL Retail Operations Associate Store Hourly Date posted 30+ days ago",30+,/job/retail-operations-associate/champaign-il/202617057/
4,"Champaign, Illinois Champaign IL Retail Cashier Store Hourly Date posted 30+ days ago",30+,/job/retail-cashier/champaign-il/202609333/
4,"Schaumburg, Illinois Schaumburg IL Retail Visual Merchandising Specialist Store Hourly Date posted 10/05/2026",10/05/2026,/job/retail-visual-merchandising-specialist/schaumburg-il/202636575/
4,"Schaumburg, Illinois Schaumburg IL Retail Omni Fulfillment Associate Store Hourly Date posted 10/05/2026",10/05/2026,/job/retail-omni-fulfillment-associate/schaumburg-il/202631093/
4,"Schaumburg, Illinois Schaumburg IL Retail Sales Associate Apparel Store Hourly Date posted 10/05/2026",10/05/2026,/job/retail-sales-associate-apparel/schaumburg-il/202632715/
4,"Schaumburg, Illinois Schaumburg IL Retail Sales Associate Apparel Store Hourly Date posted 10/05/2026",10/05/2026,/job/retail-sales-associate-apparel/schaumburg-il/202630627/
4,"Schaumburg, Illinois Schaumburg IL Retail Cashier Store Hourly Date posted 10/05/2026",10/05/2026,/job/retail-cashier/schaumburg-il/202624842/
4,"Schaumburg, Illinois Schaumburg IL Retail Sales Associate Golf Store Hourly Golf Date posted 10/05/2026",10/05/2026,/job/retail-sales-associate-golf/schaumburg-il/202631016/
5,"Schaumburg, Illinois Schaumburg IL Seasonal Retail Sales Associate Store Hourly Date posted 10/02/2026",10/02/2026,/job/seasonal-retail-sales-associate/schaumburg-il/202639560/
5,"Schaumburg, Illinois Schaumburg IL Retail Sales Associate Team Sports Store Hourly Date posted 09/29/2026",09/29/2026,/job/retail-sales-associate-team-sports/schaumburg-il/202632717/
5,"Baton Rouge, Louisiana Baton Rouge LA Seasonal Retail Sales Associate Store Hourly Date posted 10/02/2026",10/02/2026,/job/seasonal-retail-sales-associate/baton-rouge-la/202639547/
5,"Baton Rouge, Louisiana Baton Rouge LA Retail Loss Prevention & Safety Lead Loss Prevention - Stores Date posted 09/22/2026",09/22/2026,/job/retail-loss-prevention-safety-lead/baton-rouge-la/202637571/
5,"Baton Rouge, Louisiana Baton Rouge LA Retail Operations Associate Store Hourly Date posted 30+ days ago",30+,/job/retail-operations-associate/baton-rouge-la/202634885/
5,"Baton Rouge, Louisiana Baton Rouge LA Retail Sales Associate Apparel Store Hourly Date posted 30+ days ago",30+,/job/retail-sales-associate-apparel/baton-rouge-la/202630807/
5,"Baton Rouge, Louisiana Baton Rouge LA Retail Omni Fulfillment Associate Store Hourly Date posted 30+ days ago",30+,/job/retail-omni-fulfillment-associate/baton-rouge-la/202629241/
5,"Baton Rouge, Louisiana Baton Rouge LA Retail cashier Store Hourly Date posted 30+ days ago",30+,/job/retail-cashier/baton-rouge-la/202629023/
5,"Baton Rouge, Louisiana Baton Rouge LA Footwear Operations Associate Store Hourly Date posted 30+ days ago",30+,/job/footwear-operations-associate/baton-rouge-la/202605077/
5,"Mobile, Alabama Mobile AL Seasonal Retail Sales Associate Store Hourly Date posted 10/02/2026",10/02/2026,/job/seasonal-retail-sales-associate/mobile-al/202639551/
5,"Mobile, Alabama Mobile AL Golf Professional - House of Sport Golf Professional Date posted 09/16/2026",09/16/2026,/job/golf-professional-house-of-sport/mobile-al/202419274/
5,"Mobile, Alabama Mobile AL Retail Equipment Services Lead Store Hourly Date posted 30+ days ago",30+,/job/retail-equipment-services-lead/mobile-al/202608278/
5,"Mobile, Alabama Mobile AL Collectors Clubhouse Ambassador Store Hourly Date posted 30+ days ago",30+,/job/collectors-clubhouse-ambassador/mobile-al/202607733/
5,"Mobile, Alabama Mobile AL Retail Associate Outdoor Lead Store Hourly Date posted 30+ days ago",30+,/job/retail-associate-outdoor-lead/mobile-al/202515044/
5,"Mobile, Alabama Mobile AL Retail Sales Associate Footwear Store Hourly Date posted 30+ days ago",30+,/job/retail-sales-associate-footwear/mobile-al/202605128/
5,"Mobile, Alabama Mobile AL Retail Sales Associate Golf Store Hourly Golf Date posted 30+ days ago",30+,/job/retail-sales-associate-golf/mobile-al/202605125/
5,"Mobile, Alabama Mobile AL Sales Associate Cashier Store Hourly Date posted 30+ days ago",30+,/job/sales-associate-cashier/mobile-al/202605124/
5,"Mobile, Alabama Mobile AL Retail Sales Associate Team Sports Store Hourly Date posted 30+ days ago",30+,/job/retail-sales-associate-team-sports/mobile-al/202605130/
5,"Mobile, Alabama Mobile AL Retail Sales Associate Apparel Store Hourly Date posted 30+ days ago",30+,/job/retail-sales-associate-apparel/mobile-al/202605132/
5,"Mobile, Alabama Mobile AL Retail Operations Associate Store Hourly Date posted 30+ days ago",30+,/job/retail-operations-associate/mobile-al/202603737/
5,"Beavercreek, Ohio Dayton OH Seasonal Retail Sales Associate Store Hourly Date posted 10/02/2026",10/02/2026,/job/seasonal-retail-sales-associate/beavercreek-oh/202639544/
5,"Beavercreek, Ohio Dayton OH Golf Professional - DICK'S House of Sport Golf Professional Date posted 09/16/2026",09/16/2026,/job/golf-professional-dick-s-house-of-sport/beavercreek-oh/202605697/
5,"Beavercreek, Ohio Dayton OH Retail Sales Associate Team Sports Store Hourly Date posted 30+ days ago",30+,/job/retail-sales-associate-team-sports/beavercreek-oh/202631926/
5,"Beavercreek, Ohio Dayton OH Retail Sales Associate Footwear Store Hourly Date posted 30+ days ago",30+,/job/retail-sales-associate-footwear/beavercreek-oh/202602769/
5,"Beavercreek, Ohio Dayton OH Event Associate Store Hourly Date posted 30+ days ago",30+,/job/event-associate/beavercreek-oh/202627464/
6,"Beavercreek, Ohio Dayton OH Retail Equipment Services Technician Store Hourly Date posted 30+ days ago",30+,/job/retail-equipment-services-technician/beavercreek-oh/202627305/
6,"Beavercreek, Ohio Dayton OH Retail Sales Associate Apparel Store Hourly Date posted 30+ days ago",30+,/job/retail-sales-associate-apparel/beavercreek-oh/202622496/
6,"Beavercreek, Ohio Dayton OH Retail Operations Associate Store Hourly Date posted 30+ days ago",30+,/job/retail-operations-associate/beavercreek-oh/202605745/
6,"Beavercreek, Ohio Dayton OH Retail Sales Associate Apparel Store Hourly Date posted 30+ days ago",30+,/job/retail-sales-associate-apparel/beavercreek-oh/202601173/
6,"Novi, Michigan Novi MI Retail Cashier Store Hourly Date posted 10/05/2026",10/05/2026,/job/retail-cashier/novi-mi/202639798/
6,"Novi, Michigan Novi MI Retail Sales Associate Footwear Store Hourly Date posted 09/11/2026",09/11/2026,/job/retail-sales-associate-footwear/novi-mi/202631332/
6,"Novi, Michigan Novi MI Retail Sales Leader - Front End Store Hourly Date posted 30+ days ago",30+,/job/retail-sales-leader-front-end/novi-mi/202634539/
6,"Novi, Michigan Novi MI Retail Loss Prevention Lead Loss Prevention - Stores Date posted 30+ days ago",30+,/job/retail-loss-prevention-lead/novi-mi/202632043/
6,"Novi, Michigan Novi MI Retail Rock Climbing Associate Store Hourly Date posted 30+ days ago",30+,/job/retail-rock-climbing-associate/novi-mi/202631714/
6,"Novi, Michigan Novi MI Retail Equipment Services Technician Store Hourly Date posted 30+ days ago",30+,/job/retail-equipment-services-technician/novi-mi/202631709/
6,"Novi, Michigan Novi MI Retail Operations Associate Store Hourly Date posted 30+ days ago",30+,/job/retail-operations-associate/novi-mi/202631476/
6,"Novi, Michigan Novi MI Retail Sales Associate Team Sports Store Hourly Date posted 30+ days ago",30+,/job/retail-sales-associate-team-sports/novi-mi/202631477/
6,"Novi, Michigan Novi MI Retail Sales Associate Apparel Store Hourly Date posted 30+ days ago",30+,/job/retail-sales-associate-apparel/novi-mi/202631327/
6,"Novi, Michigan Novi MI Retail Cashier Store Hourly Date posted 30+ days ago",30+,/job/retail-cashier/novi-mi/202631330/
6,"Columbus, Ohio Polaris OH Retail Sales Leader - Front End Store Hourly Date posted 10/05/2026",10/05/2026,/job/retail-sales-leader-front-end/columbus-oh/202639854/
6,"Columbus, Ohio Polaris OH Retail Sales Lead Footwear Store Hourly Date posted 10/05/2026",10/05/2026,/job/retail-sales-lead-footwear/columbus-oh/202639852/
6,"Columbus, Ohio Polaris OH Retail Sales Lead Apparel Store Hourly Date posted 10/05/2026",10/05/2026,/job/retail-sales-lead-apparel/columbus-oh/202639849/
6,"Columbus, Ohio Polaris OH Seasonal Retail Sales Associate Store Hourly Date posted 10/02/2026",10/02/2026,/job/seasonal-retail-sales-associate/columbus-oh/202639549/
6,"Columbus, Ohio Polaris OH Retail Sales Lead Golf Store Hourly Golf Date posted 09/09/2026",09/09/2026,/job/retail-sales-lead-golf/columbus-oh/202635879/
6,"Columbus, Ohio Polaris OH Retail Price and Signage Lead Store Hourly Date posted 30+ days ago",30+,/job/retail-price-and-signage-lead/columbus-oh/202635114/
6,"Columbus, Ohio Polaris OH Assistant Store Manager Operations - House of Sport Sales Managers Date posted 30+ days ago",30+,/job/assistant-store-manager-operations-house-of-sport/columbus-oh/202626995/
6,"Knoxville, Tennessee Knoxville TN Seasonal Retail Sales Associate Store Hourly Date posted 10/05/2026",10/05/2026,/job/seasonal-retail-sales-associate/knoxville-tn/202639530/
6,"Knoxville, Tennessee Knoxville TN Retail Sales Lead Footwear Store Hourly Date posted 09/29/2026",09/29/2026,/job/retail-sales-lead-footwear/knoxville-tn/202638458/
6,"Knoxville, Tennessee Knoxville TN Local Marketing Specialist - House of Sport Advertising/Marketing Date posted 30+ days ago",30+,/job/local-marketing-specialist-house-of-sport/knoxville-tn/202631954/
6,"Kennesaw, Georgia Kennesaw GA Seasonal Retail Sales Associate Store Hourly Date posted 10/02/2026",10/02/2026,/job/seasonal-retail-sales-associate/kennesaw-ga/202639552/
7,"Kennesaw, Georgia Kennesaw GA Retail Loss Prevention & Safety Lead Loss Prevention - Stores Date posted 09/14/2026",09/14/2026,/job/retail-loss-prevention-safety-lead/kennesaw-ga/202636486/
7,"Strongsville, Ohio Strongsville OH Local Marketing Specialist - House of Sport Advertising/Marketing Date posted 10/07/2026",10/07/2026,/job/local-marketing-specialist-house-of-sport/strongsville-oh/202638321/
7,"Strongsville, Ohio Strongsville OH Seasonal Retail Sales Associate Store Hourly Date posted 10/07/2026",10/07/2026,/job/seasonal-retail-sales-associate/strongsville-oh/202639557/
7,"Strongsville, Ohio Strongsville OH Retail Customer Service Specialist Store Hourly Date posted 09/25/2026",09/25/2026,/job/retail-customer-service-specialist/strongsville-oh/202638097/
7,"Strongsville, Ohio Strongsville OH Field Visual Merchandiser - House of Sport - Novi, MI & Strongsville, OH Merchandising Date posted 30+ days ago",30+,/job/field-visual-merchandiser-house-of-sport-novi-mi-strongsville-oh/strongsville-oh/202635214/
7,"Strongsville, Ohio Strongsville OH Event Programming Lead Store Hourly Date posted 30+ days ago",30+,/job/event-programming-lead/strongsville-oh/202634286/
7,"Strongsville, Ohio Strongsville OH Retail Cashier Store Hourly Date posted 30+ days ago",30+,/job/retail-cashier/strongsville-oh/202604939/
7,"Strongsville, Ohio Strongsville OH Retail Sales Lead Apparel Store Hourly Date posted 30+ days ago",30+,/job/retail-sales-lead-apparel/strongsville-oh/202629438/
7,"Strongsville, Ohio Strongsville OH Retail Sales Associate Footwear Store Hourly Date posted 30+ days ago",30+,/job/retail-sales-associate-footwear/strongsville-oh/202605911/
7,"Strongsville, Ohio Strongsville OH Assistant Store Manager Sales - House of Sport Sales Managers Date posted 30+ days ago",30+,/job/assistant-store-manager-sales-house-of-sport/strongsville-oh/202631358/
7,"Pittsburgh, Pennsylvania Ross Park PA Retail Cashier Store Hourly Date posted 10/06/2026",10/06/2026,/job/retail-cashier/pittsburgh-pa/202622911/
7,"Pittsburgh, Pennsylvania Ross Park PA Seasonal Retail Sales Associate Store Hourly Date posted 10/02/2026",10/02/2026,/job/seasonal-retail-sales-associate/pittsburgh-pa/202639529/
7,"Pittsburgh, Pennsylvania Ross Park PA Retail Sales Lead Team Sport Store Hourly Date posted 09/30/2026",09/30/2026,/job/retail-sales-lead-team-sport/pittsburgh-pa/202638571/
7,"Pittsburgh, Pennsylvania Ross Park PA Retail Bike Associate Store Hourly Date posted 09/24/2026",09/24/2026,/job/retail-bike-associate/pittsburgh-pa/202637942/
7,"Pittsburgh, Pennsylvania Ross Park PA Retail Sales Associate Team Sports Store Hourly Date posted 09/24/2026",09/24/2026,/job/retail-sales-associate-team-sports/pittsburgh-pa/202612228/
7,"Pittsburgh, Pennsylvania Ross Park PA Retail Sales Lead Apparel Store Hourly Date posted 09/09/2026",09/09/2026,/job/retail-sales-lead-apparel/pittsburgh-pa/202628406/
7,"Pittsburgh, Pennsylvania Ross Park PA Retail Omni Fulfillment Associate Store Hourly Date posted 30+ days ago",30+,/job/retail-omni-fulfillment-associate/pittsburgh-pa/202635518/
7,"Pittsburgh, Pennsylvania Ross Park PA Retail Outdoor Lead Store Hourly Date posted 30+ days ago",30+,/job/retail-outdoor-lead/pittsburgh-pa/202631470/
7,"Pittsburgh, Pennsylvania Ross Park PA Event Associate Store Hourly Date posted 30+ days ago",30+,/job/event-associate/pittsburgh-pa/202630556/
7,"Pittsburgh, Pennsylvania Ross Park PA Retail Operations Associate Store Hourly Date posted 30+ days ago",30+,/job/retail-operations-associate/pittsburgh-pa/202628183/
7,"Pittsburgh, Pennsylvania Ross Park PA Retail Rock Climbing Lead Store Hourly Date posted 30+ days ago",30+,/job/retail-rock-climbing-lead/pittsburgh-pa/202625426/
7,"Pittsburgh, Pennsylvania Ross Park PA Retail Sales Associate Apparel Store Hourly Date posted 30+ days ago",30+,/job/retail-sales-associate-apparel/pittsburgh-pa/202609069/
7,"Greensburg, Pennsylvania Greensburg PA Seasonal Retail Sales Associate Store Hourly Date posted 10/02/2026",10/02/2026,/job/seasonal-retail-sales-associate/greensburg-pa/202639564/
7,"Greensburg, Pennsylvania Greensburg PA Retail Loss Prevention & Safety Lead Loss Prevention - Stores Date posted 10/01/2026",10/01/2026,/job/retail-loss-prevention-safety-lead/greensburg-pa/202638309/
7,"Buffalo, New York Amherst NY Seasonal Retail Sales Associate Store Hourly Date posted 10/02/2026",10/02/2026,/job/seasonal-retail-sales-associate/buffalo-ny/202639562/
8,"Buffalo, New York Amherst NY Retail Visual Merchandising Specialist Store Hourly Date posted 09/28/2026",09/28/2026,/job/retail-visual-merchandising-specialist/buffalo-ny/202638315/
8,"Buffalo, New York Amherst NY Golf Professional - DICK'S House of Sport Golf Professional Date posted 09/16/2026",09/16/2026,/job/golf-professional-dick-s-house-of-sport/buffalo-ny/202605173/
8,"Buffalo, New York Amherst NY Retail Sales Associate Golf Store Hourly Golf Date posted 30+ days ago",30+,/job/retail-sales-associate-golf/buffalo-ny/202635437/
8,"Buffalo, New York Amherst NY Retail Sales Associate Footwear Store Hourly Date posted 30+ days ago",30+,/job/retail-sales-associate-footwear/buffalo-ny/202635421/
8,"Buffalo, New York Amherst NY Retail Sales Associate Apparel Store Hourly Date posted 30+ days ago",30+,/job/retail-sales-associate-apparel/buffalo-ny/202634330/
8,"Buffalo, New York Amherst NY Retail Cashier Store Hourly Date posted 30+ days ago",30+,/job/retail-cashier/buffalo-ny/202629848/
8,"Buffalo, New York Amherst NY Retail Sales Associate Golf Store Hourly Golf Date posted 30+ days ago",30+,/job/retail-sales-associate-golf/buffalo-ny/202624387/
8,"Buffalo, New York Amherst NY Collectors Clubhouse Ambassador Store Hourly Date posted 30+ days ago",30+,/job/collectors-clubhouse-ambassador/buffalo-ny/202608991/
8,"Victor, New York Victor NY Seasonal Retail Sales Associate Store Hourly Date posted 10/02/2026",10/02/2026,/job/seasonal-retail-sales-associate/victor-ny/202639528/
8,"Victor, New York Victor NY Retail Omni Fulfillment Associate Store Hourly Date posted 09/16/2026",09/16/2026,/job/retail-omni-fulfillment-associate/victor-ny/202636823/
8,"Victor, New York Victor NY Retail Outdoor Associate Store Hourly Date posted 09/10/2026",09/10/2026,/job/retail-outdoor-associate/victor-ny/202636069/
8,"Victor, New York Victor NY Retail Bike Associate Store Hourly Date posted 30+ days ago",30+,/job/retail-bike-associate/victor-ny/202635293/
8,"Victor, New York Victor NY Retail Customer Service Specialist Store Hourly Date posted 30+ days ago",30+,/job/retail-customer-service-specialist/victor-ny/202635292/
8,"Victor, New York Victor NY Retail Rock Climbing Lead Store Hourly Date posted 30+ days ago",30+,/job/retail-rock-climbing-lead/victor-ny/202631771/
8,"Victor, New York Victor NY Event Associate Store Hourly Date posted 30+ days ago",30+,/job/event-associate/victor-ny/202631319/
8,"Victor, New York Victor NY Retail Cashier Store Hourly Date posted 30+ days ago",30+,/job/retail-cashier/victor-ny/202610204/
8,"Victor, New York Victor NY Retail Operations Associate Store Hourly Date posted 30+ days ago",30+,/job/retail-operations-associate/victor-ny/202608870/
8,"Victor, New York Victor NY Retail Sales Lead Apparel Store Hourly Date posted 30+ days ago",30+,/job/retail-sales-lead-apparel/victor-ny/202607068/
8,"Victor, New York Victor NY Retail Team Sports Associate Store Hourly Date posted 30+ days ago",30+,/job/retail-team-sports-associate/victor-ny/202602257/
8,"Victor, New York Victor NY Retail Footwear Sales Associate Store Hourly Date posted 30+ days ago",30+,/job/retail-footwear-sales-associate/victor-ny/202602996/
8,"Victor, New York Victor NY Retail Sales Associate Apparel Store Hourly Date posted 30+ days ago",30+,/job/retail-sales-associate-apparel/victor-ny/202601731/
8,"Victor, New York Victor NY Retail Sales Associate Golf Store Hourly Golf Date posted 30+ days ago",30+,/job/retail-sales-associate-golf/victor-ny/202600268/
8,"Victor, New York Victor NY Retail Running Ambassador Store Hourly Date posted 30+ days ago",30+,/job/retail-running-ambassador/victor-ny/202517215/
8,"Charlottesville, Virginia Charlottesville VA Seasonal Retail Sales Associate Store Hourly Date posted 10/02/2026",10/02/2026,/job/seasonal-retail-sales-associate/charlottesville-va/202639550/
8,"Charlottesville, Virginia Charlottesville VA Assistant Store Manager Operations - House of Sport Sales Managers Date posted 09/17/2026",09/17/2026,/job/assistant-store-manager-operations-house-of-sport/charlottesville-va/202637005/
9,"Charlottesville, Virginia Charlottesville VA Golf Professional - DICK'S House of Sport Golf Professional Date posted 09/16/2026",09/16/2026,/job/golf-professional-dick-s-house-of-sport/charlottesville-va/202617153/
9,"Charlottesville, Virginia Charlottesville VA Retail Sales Associate Golf Store Hourly Golf Date posted 09/14/2026",09/14/2026,/job/retail-sales-associate-golf/charlottesville-va/202636547/
9,"Charlottesville, Virginia Charlottesville VA Retail Operations Associate Store Hourly Date posted 09/11/2026",09/11/2026,/job/retail-operations-associate/charlottesville-va/202636233/
9,"Charlottesville, Virginia Charlottesville VA Retail Cashier Store Hourly Date posted 09/11/2026",09/11/2026,/job/retail-cashier/charlottesville-va/202636238/
9,"Charlottesville, Virginia Charlottesville VA Retail Sales Associate Team Sports Store Hourly Date posted 30+ days ago",30+,/job/retail-sales-associate-team-sports/charlottesville-va/202634345/
9,"Charlottesville, Virginia Charlottesville VA Retail Sales Associate Apparel Store Hourly Date posted 30+ days ago",30+,/job/retail-sales-associate-apparel/charlottesville-va/202632427/
9,"Charlottesville, Virginia Charlottesville VA Retail Sales Associate Footwear Store Hourly Date posted 30+ days ago",30+,/job/retail-sales-associate-footwear/charlottesville-va/202627502/
9,"Durham, North Carolina Durham NC Seasonal Retail Sales Associate Store Hourly Date posted 10/02/2026",10/02/2026,/job/seasonal-retail-sales-associate/durham-nc/202639555/
9,"Durham, North Carolina Durham NC Retail Sales Associate Golf Store Hourly Golf Date posted 09/21/2026",09/21/2026,/job/retail-sales-associate-golf/durham-nc/202637445/
9,"Durham, North Carolina Durham NC Retail Sales Associate Team Sports Store Hourly Date posted 30+ days ago",30+,/job/retail-sales-associate-team-sports/durham-nc/202627860/
9,"Durham, North Carolina Durham NC Retail sales Lead Golf Store Hourly Golf Date posted 30+ days ago",30+,/job/retail-sales-lead-golf/durham-nc/202627945/
9,"Durham, North Carolina Durham NC Retail Operations Associate Store Hourly Date posted 30+ days ago",30+,/job/retail-operations-associate/durham-nc/202626661/
9,"Durham, North Carolina Durham NC Retail Rock Climbing Associate Store Hourly Date posted 30+ days ago",30+,/job/retail-rock-climbing-associate/durham-nc/202626698/
9,"Durham, North Carolina Durham NC Retail Loss Prevention Lead Loss Prevention - Stores Date posted 30+ days ago",30+,/job/retail-loss-prevention-lead/durham-nc/202608580/
9,"Tampa, Florida Tampa Int'l Plaza FL Retail Customer Service Specialist Store Hourly Date posted 10/06/2026",10/06/2026,/job/retail-customer-service-specialist/tampa-fl/202639911/
9,"Tampa, Florida Tampa Int'l Plaza FL Seasonal Retail Sales Associate Store Hourly Date posted 10/02/2026",10/02/2026,/job/seasonal-retail-sales-associate/tampa-fl/202639539/
9,"Raleigh, North Carolina Raleigh NC Retail Loss Prevention Lead Loss Prevention - Stores Date posted 09/16/2026",09/16/2026,/job/retail-loss-prevention-lead/raleigh-nc/202636206/
9,"Raleigh, North Carolina Raleigh NC Retail Rock Climbing Lead Store Hourly Date posted 09/10/2026",09/10/2026,/job/retail-rock-climbing-lead/raleigh-nc/202636036/
9,"Raleigh, North Carolina Raleigh NC Retail Sales Associate Apparel Store Hourly Date posted 30+ days ago",30+,/job/retail-sales-associate-apparel/raleigh-nc/202634953/
9,"Fayetteville, North Carolina Fayetteville NC Seasonal Retail Sales Associate Store Hourly Date posted 10/02/2026",10/02/2026,/job/seasonal-retail-sales-associate/fayetteville-nc/202639533/
9,"Fayetteville, North Carolina Fayetteville NC Retail Outdoor Lead Store Hourly Date posted 09/24/2026",09/24/2026,/job/retail-outdoor-lead/fayetteville-nc/202638003/
9,"Fayetteville, North Carolina Fayetteville NC Retail Operations Associate Store Hourly Date posted 09/24/2026",09/24/2026,/job/retail-operations-associate/fayetteville-nc/202638006/
9,"Fayetteville, North Carolina Fayetteville NC Teammate Endzone & Loyalty (Front End) Store Hourly Date posted 30+ days ago",30+,/job/teammate-endzone-loyalty-front-end/fayetteville-nc/202629184/
9,"Fayetteville, North Carolina Fayetteville NC Retail Sales Associate Golf Store Hourly Golf Date posted 30+ days ago",30+,/job/retail-sales-associate-golf/fayetteville-nc/202629596/
9,"Fayetteville, North Carolina Fayetteville NC Retail Sales Associate Apparel Store Hourly Date posted 30+ days ago",30+,/job/retail-sales-associate-apparel/fayetteville-nc/202607550/
10,"Fayetteville, North Carolina Fayetteville NC Retail Sales Associate Footwear Store Hourly Date posted 30+ days ago",30+,/job/retail-sales-associate-footwear/fayetteville-nc/202607333/
10,"Brandon, Florida Brandon FL Seasonal Retail Sales Associate Store Hourly Date posted 10/02/2026",10/02/2026,/job/seasonal-retail-sales-associate/brandon-fl/202639554/
10,"Brandon, Florida Brandon FL Retail Equipment Services Technician Store Hourly Date posted 09/21/2026",09/21/2026,/job/retail-equipment-services-technician/brandon-fl/202637514/
10,"Brandon, Florida Brandon FL Retail Sales Associate Apparel Store Hourly Date posted 09/18/2026",09/18/2026,/job/retail-sales-associate-apparel/brandon-fl/202637080/
10,"Brandon, Florida Brandon FL Retail Rock Climbing Associate Store Hourly Date posted 09/18/2026",09/18/2026,/job/retail-rock-climbing-associate/brandon-fl/202637084/
10,"Brandon, Florida Brandon FL Event Programming Lead Store Hourly Date posted 30+ days ago",30+,/job/event-programming-lead/brandon-fl/202632005/
10,"Sarasota, Florida Sarasota FL Golf Professional - DICK'S House of Sport Golf Professional Date posted 09/16/2026",09/16/2026,/job/golf-professional-dick-s-house-of-sport/sarasota-fl/202636820/
10,"Gaithersburg, Maryland Gaithersburg MD Seasonal Retail Sales Associate Store Hourly Date posted 10/02/2026",10/02/2026,/job/seasonal-retail-sales-associate/gaithersburg-md/202639561/
10,"Gaithersburg, Maryland Gaithersburg MD Retail Omni Fulfillment Associate Store Hourly Date posted 09/28/2026",09/28/2026,/job/retail-omni-fulfillment-associate/gaithersburg-md/202632596/
10,"Gaithersburg, Maryland Gaithersburg MD Assistant Store Manager Operations Sales Managers Date posted 09/24/2026",09/24/2026,/job/assistant-store-manager-operations/gaithersburg-md/202623348/
10,"Gaithersburg, Maryland Gaithersburg MD Retail Golf Club Tech Store Hourly Golf Date posted 09/16/2026",09/16/2026,/job/retail-golf-club-tech/gaithersburg-md/202636819/
10,"Gaithersburg, Maryland Gaithersburg MD Retail Equipment Services Lead Store Hourly Date posted 30+ days ago",30+,/job/retail-equipment-services-lead/gaithersburg-md/202632588/
10,"Johnson City, New York Johnson City NY Retail Sales Leader Store Hourly Date posted 10/07/2026",10/07/2026,/job/retail-sales-leader/johnson-city-ny/202640093/
10,"Johnson City, New York Johnson City NY Seasonal Retail Sales Associate Store Hourly Date posted 10/02/2026",10/02/2026,/job/seasonal-retail-sales-associate/johnson-city-ny/202639527/
10,"Johnson City, New York Johnson City NY Retail Omni Fulfillment Associate Store Hourly Date posted 09/30/2026",09/30/2026,/job/retail-omni-fulfillment-associate/johnson-city-ny/202638581/
10,"Johnson City, New York Johnson City NY Retail Cashier Store Hourly Date posted 09/25/2026",09/25/2026,/job/retail-cashier/johnson-city-ny/202638135/
10,"Johnson City, New York Johnson City NY Retail Sales Associate Apparel Store Hourly Date posted 09/23/2026",09/23/2026,/job/retail-sales-associate-apparel/johnson-city-ny/202637793/
10,"Johnson City, New York Johnson City NY Local Marketing Specialist - House of Sport Advertising/Marketing Date posted 09/11/2026",09/11/2026,/job/local-marketing-specialist-house-of-sport/johnson-city-ny/202636130/
10,"Johnson City, New York Johnson City NY Retail Sales Lead Apparel Store Hourly Date posted 09/09/2026",09/09/2026,/job/retail-sales-lead-apparel/johnson-city-ny/202635021/
10,"Johnson City, New York Johnson City NY Retail Operations Associate Store Hourly Date posted 30+ days ago",30+,/job/retail-operations-associate/johnson-city-ny/202634310/
10,"Annapolis, Maryland Annapolis MD Retail Loss Prevention Lead Loss Prevention - Stores Date posted 10/06/2026",10/06/2026,/job/retail-loss-prevention-lead/annapolis-md/202628493/
10,"Annapolis, Maryland Annapolis MD Seasonal Retail Sales Associate Store Hourly Date posted 10/02/2026",10/02/2026,/job/seasonal-retail-sales-associate/annapolis-md/202639567/
10,"Annapolis, Maryland Annapolis MD Retail Customer Service Specialist Store Hourly Date posted 09/24/2026",09/24/2026,/job/retail-customer-service-specialist/annapolis-md/202637969/
10,"Scranton, Pennsylvania Scranton PA Seasonal Retail Sales Associate Store Hourly Date posted 10/02/2026",10/02/2026,/job/seasonal-retail-sales-associate/scranton-pa/202639535/
10,"Scranton, Pennsylvania Scranton PA Retail Outdoor Lead Store Hourly Date posted 30+ days ago",30+,/job/retail-outdoor-lead/scranton-pa/202608890/
11,"Willmington, Delaware Brandywine DE Seasonal Retail Sales Associate Store Hourly Date posted 10/02/2026",10/02/2026,/job/seasonal-retail-sales-associate/willmington-de/202639542/
11,"Willmington, Delaware Brandywine DE Retail Sales Associate Apparel Store Hourly Date posted 09/29/2026",09/29/2026,/job/retail-sales-associate-apparel/willmington-de/202638464/
11,"Willmington, Delaware Brandywine DE Retail Rock Climbing Associate Store Hourly Date posted 30+ days ago",30+,/job/retail-rock-climbing-associate/willmington-de/202631517/
11,"Willmington, Delaware Brandywine DE Event Associate Store Hourly Date posted 30+ days ago",30+,/job/event-associate/willmington-de/202631519/
11,"Chesapeake, Virginia Chesapeake VA Seasonal Retail Sales Associate Store Hourly Date posted 10/05/2026",10/05/2026,/job/seasonal-retail-sales-associate/chesapeake-va/202639538/
11,"Chesapeake, Virginia Chesapeake VA Retail Sales Associate Footwear Store Hourly Date posted 09/21/2026",09/21/2026,/job/retail-sales-associate-footwear/chesapeake-va/202627487/
11,"Chesapeake, Virginia Chesapeake VA Retail Sales Associate Apparel Store Hourly Date posted 30+ days ago",30+,/job/retail-sales-associate-apparel/chesapeake-va/202634284/
11,"Chesapeake, Virginia Chesapeake VA Retail Golf Club Tech Store Hourly Golf Date posted 30+ days ago",30+,/job/retail-golf-club-tech/chesapeake-va/202629347/
11,"Chesapeake, Virginia Chesapeake VA Retail Sales Associate Golf Store Hourly Golf Date posted 30+ days ago",30+,/job/retail-sales-associate-golf/chesapeake-va/202603624/
11,"Chesapeake, Virginia Chesapeake VA Retail Fitness Associate Store Hourly Date posted 30+ days ago",30+,/job/retail-fitness-associate/chesapeake-va/202628270/
11,"Chesapeake, Virginia Chesapeake VA Retail Operations Associate Store Hourly Date posted 30+ days ago",30+,/job/retail-operations-associate/chesapeake-va/202627480/
11,"Cherry Hill Township, New Jersey Cherry Hill NJ Golf Professional - DICK'S House of Sport Golf Professional Date posted 09/16/2026",09/16/2026,/job/golf-professional-dick-s-house-of-sport/cherry-hill-township-nj/202626117/
11,"Latham, New York Latham NY Early Morning Operation Associate (3am) Store Hourly Date posted 10/07/2026",10/07/2026,/job/early-morning-operation-associate-3am/latham-ny/202640023/
11,"Latham, New York Latham NY Retail Customer Service Specialist Store Hourly Date posted 10/07/2026",10/07/2026,/job/retail-customer-service-specialist/latham-ny/202625625/
11,"Latham, New York Latham NY Retail Sales Lead Team Sport - Key Holder Store Hourly Date posted 10/07/2026",10/07/2026,/job/retail-sales-lead-team-sport-key-holder/latham-ny/202640079/
11,"Latham, New York Latham NY Seasonal Retail Sales Associate Store Hourly Date posted 10/07/2026",10/07/2026,/job/seasonal-retail-sales-associate/latham-ny/202639534/
11,"Latham, New York Latham NY Retail Loss Prevention & Safety Lead Loss Prevention - Stores Date posted 09/30/2026",09/30/2026,/job/retail-loss-prevention-safety-lead/latham-ny/202638591/
11,"Latham, New York Latham NY Retail Omni Fulfillment Associate Store Hourly Date posted 09/14/2026",09/14/2026,/job/retail-omni-fulfillment-associate/latham-ny/202636425/
11,"Latham, New York Latham NY Retail Sales Lead Apparel - Key Holder Store Hourly Date posted 30+ days ago",30+,/job/retail-sales-lead-apparel-key-holder/latham-ny/202632501/
11,"Freehold, New Jersey Freehold NJ Seasonal Retail Sales Associate Store Hourly Date posted 10/02/2026",10/02/2026,/job/seasonal-retail-sales-associate/freehold-nj/202639548/
11,"Freehold, New Jersey Freehold NJ Retail Operations Associate Store Hourly Date posted 09/25/2026",09/25/2026,/job/retail-operations-associate/freehold-nj/202638113/
11,"Freehold, New Jersey Freehold NJ Retail Loss Prevention Lead Loss Prevention - Stores Date posted 09/17/2026",09/17/2026,/job/retail-loss-prevention-lead/freehold-nj/202636894/
11,"Freehold, New Jersey Freehold NJ Retail Customer Service Specialist Store Hourly Date posted 09/17/2026",09/17/2026,/job/retail-customer-service-specialist/freehold-nj/202636897/
11,"Freehold, New Jersey Freehold NJ Retail Equipment Services Technician Store Hourly Date posted 30+ days ago",30+,/job/retail-equipment-services-technician/freehold-nj/202628557/
11,"Freehold, New Jersey Freehold NJ Retail Rock Climbing Associate Store Hourly Date posted 30+ days ago",30+,/job/retail-rock-climbing-associate/freehold-nj/202623316/
12,"Freehold, New Jersey Freehold NJ Retail Bike Technician Store Hourly Date posted 30+ days ago",30+,/job/retail-bike-technician/freehold-nj/202609905/
12,"Jersey City, New Jersey Jersey City NJ Seasonal Retail Sales Associate Store Hourly Date posted 10/02/2026",10/02/2026,/job/seasonal-retail-sales-associate/jersey-city-nj/202639556/
12,"Jersey City, New Jersey Jersey City NJ Golf Professional - DICK'S House of Sport Golf Professional Date posted 09/16/2026",09/16/2026,/job/golf-professional-dick-s-house-of-sport/jersey-city-nj/202608483/
12,"Jersey City, New Jersey Jersey City NJ Retail Omni Fulfillment Lead Store Hourly Date posted 09/15/2026",09/15/2026,/job/retail-omni-fulfillment-lead/jersey-city-nj/202636589/
12,"Jersey City, New Jersey Jersey City NJ Retail Baseball Ambassador Store Hourly Date posted 30+ days ago",30+,/job/retail-baseball-ambassador/jersey-city-nj/202635544/
12,"Jersey City, New Jersey Jersey City NJ Retail Operations Associate Store Hourly Date posted 30+ days ago",30+,/job/retail-operations-associate/jersey-city-nj/202632658/
12,"Jersey City, New Jersey Jersey City NJ Retail Equipment Services Lead Store Hourly Date posted 30+ days ago",30+,/job/retail-equipment-services-lead/jersey-city-nj/202631569/
12,"Jersey City, New Jersey Jersey City NJ Assistant Store Manager - House of Sport Sales Managers Date posted 30+ days ago",30+,/job/assistant-store-manager-house-of-sport/jersey-city-nj/202623344/
12,"Jersey City, New Jersey Jersey City NJ Retail Sales Associate Golf Store Hourly Golf Date posted 30+ days ago",30+,/job/retail-sales-associate-golf/jersey-city-nj/202608248/
12,"Jersey City, New Jersey Jersey City NJ Retail Sales Associate Footwear Store Hourly Date posted 30+ days ago",30+,/job/retail-sales-associate-footwear/jersey-city-nj/202608247/
12,"Miami, Florida Miami FL Seasonal Retail Sales Associate Store Hourly Date posted 10/06/2026",10/06/2026,/job/seasonal-retail-sales-associate/miami-fl/202639543/
12,"Miami, Florida Miami FL Retail Sales Associate Team Sports Store Hourly Date posted 10/01/2026",10/01/2026,/job/retail-sales-associate-team-sports/miami-fl/202624680/
12,"Miami, Florida Miami FL Retail Rock Climbing Lead Store Hourly Date posted 09/29/2026",09/29/2026,/job/retail-rock-climbing-lead/miami-fl/202638474/
12,"Miami, Florida Miami FL Retail Rock Climbing Associate Store Hourly Date posted 09/29/2026",09/29/2026,/job/retail-rock-climbing-associate/miami-fl/202638471/
12,"Miami, Florida Miami FL Retail Sales Associate Footwear Store Hourly Date posted 30+ days ago",30+,/job/retail-sales-associate-footwear/miami-fl/202635688/
12,"Miami, Florida Miami FL Event Programming Lead Store Hourly Date posted 30+ days ago",30+,/job/event-programming-lead/miami-fl/202634305/
12,"Miami, Florida Miami FL Retail Operations Associate Store Hourly Date posted 30+ days ago",30+,/job/retail-operations-associate/miami-fl/202632559/
12,"Miami, Florida Miami FL Retail Sales Associate Golf Store Hourly Golf Date posted 30+ days ago",30+,/job/retail-sales-associate-golf/miami-fl/202609796/
12,"Salem, New Hampshire Salem NH Seasonal Retail Sales Associate Store Hourly Date posted 10/02/2026",10/02/2026,/job/seasonal-retail-sales-associate/salem-nh/202639540/
12,"Salem, New Hampshire Salem NH Retail Sales Lead Golf Store Hourly Golf Date posted 10/01/2026",10/01/2026,/job/retail-sales-lead-golf/salem-nh/202638738/
12,"Salem, New Hampshire Salem NH Retail Rock Climbing Associate Store Hourly Date posted 09/28/2026",09/28/2026,/job/retail-rock-climbing-associate/salem-nh/202638349/
12,"Salem, New Hampshire Salem NH Event Associate Store Hourly Date posted 09/25/2026",09/25/2026,/job/event-associate/salem-nh/202638110/
12,"Salem, New Hampshire Salem NH Retail Sales Lead Footwear Store Hourly Date posted 09/25/2026",09/25/2026,/job/retail-sales-lead-footwear/salem-nh/202638111/
12,"Salem, New Hampshire Salem NH Retail Sales Leader - Front End Store Hourly Date posted 09/25/2026",09/25/2026,/job/retail-sales-leader-front-end/salem-nh/202638116/
12,"Salem, New Hampshire Salem NH Retail Sales Associate Footwear Store Hourly Date posted 09/25/2026",09/25/2026,/job/retail-sales-associate-footwear/salem-nh/202638119/
13,"Salem, New Hampshire Salem NH Retail Sales Associate Apparel Store Hourly Date posted 09/25/2026",09/25/2026,/job/retail-sales-associate-apparel/salem-nh/202638112/
13,"Salem, New Hampshire Salem NH Retail Sales Associate Apparel Store Hourly Date posted 09/25/2026",09/25/2026,/job/retail-sales-associate-apparel/salem-nh/202638118/
13,"Salem, New Hampshire Salem NH Golf Professional - House of Sport Golf Professional Date posted 09/16/2026",09/16/2026,/job/golf-professional-house-of-sport/salem-nh/202507040/
13,"Salem, New Hampshire Salem NH Retail Sales Lead Golf Store Hourly Golf Date posted 09/11/2026",09/11/2026,/job/retail-sales-lead-golf/salem-nh/202636193/
13,"Salem, New Hampshire Salem NH Retail Outdoor Associate Store Hourly Date posted 09/10/2026",09/10/2026,/job/retail-outdoor-associate/salem-nh/202636064/
13,"Salem, New Hampshire Salem NH Executive Store Director - House of Sport District Managers Date posted 09/09/2026",09/09/2026,/job/executive-store-director-house-of-sport/salem-nh/202634999/
13,"Salem, New Hampshire Salem NH Assistant Store Manager - House of Sport Sales Managers Date posted 09/09/2026",09/09/2026,/job/assistant-store-manager-house-of-sport/salem-nh/202635808/
13,"Salem, New Hampshire Salem NH Retail Operations Associate Store Hourly Date posted 30+ days ago",30+,/job/retail-operations-associate/salem-nh/202635323/
13,"Salem, New Hampshire Salem NH Retail Sales Associate Footwear Store Hourly Date posted 30+ days ago",30+,/job/retail-sales-associate-footwear/salem-nh/202635317/
13,"Salem, New Hampshire Salem NH Retail Customer Service Specialist Store Hourly Date posted 30+ days ago",30+,/job/retail-customer-service-specialist/salem-nh/202634811/
13,"Salem, New Hampshire Salem NH Retail Loss Prevention Lead Loss Prevention - Stores Date posted 30+ days ago",30+,/job/retail-loss-prevention-lead/salem-nh/202634623/
13,"Salem, New Hampshire Salem NH Retail Cashier Store Hourly Date posted 30+ days ago",30+,/job/retail-cashier/salem-nh/202634626/
13,"Salem, New Hampshire Salem NH Retail Sales Associate Team Sports Store Hourly Date posted 30+ days ago",30+,/job/retail-sales-associate-team-sports/salem-nh/202632274/
13,"Salem, New Hampshire Salem NH Retail Sales Leader - Front End Store Hourly Date posted 30+ days ago",30+,/job/retail-sales-leader-front-end/salem-nh/202623438/
13,"Boston, Massachusetts Boston MA Retail Equipment Services Technician (Mon-Wed 11am-7pm) Store Hourly Date posted 10/01/2026",10/01/2026,/job/retail-equipment-services-technician-mon-wed-11am-7pm/boston-ma/202638719/
13,"Boston, Massachusetts Boston MA Retail Sales Lead Apparel Store Hourly Date posted 09/25/2026",09/25/2026,/job/retail-sales-lead-apparel/boston-ma/202638138/
13,"Boston, Massachusetts Boston MA Retail Sales Lead Team Sport Store Hourly Date posted 30+ days ago",30+,/job/retail-sales-lead-team-sport/boston-ma/202635186/
