measure,group,n,mean_jobs,median_jobs,mean_$M_215K,mean_$M_70K,med_$M_215K,med_$M_70K
J02_4591,net-new,3,124.66666666666667,94.0,26.803333333333335,8.726666666666668,20.21,6.580000000000001
J02_4591,relocation(core J13),3,59.333333333333336,84.0,12.756666666666668,4.153333333333334,18.06,5.880000000000001
J02_4591,relocation(ext),6,-3.6666666666666665,29.125,-0.7883333333333333,-0.25666666666666665,6.261875,2.0387500000000003
J02_4591,all events,19,48.9078947368421,43.0,10.515197368421052,3.4235526315789473,9.245,3.0100000000000002
size500,net-new,3,-1350.2317737989022,-612.4044132573472,-290.29983136676395,-94.51622416592316,-131.66694885032965,-42.86830892801431
size500,relocation(core J13),5,-351.69525828570386,112.09048968992101,-75.61448053142632,-24.61866807999927,24.09945528333302,7.846334278294472
size500,relocation(ext),6,-370.66386606548696,-176.70820763724078,-79.69273120407969,-25.94647062458409,-37.99226464200677,-12.369574534606855
size500,all events,18,-5.2355954609610205,164.10812672683733,-1.1256530241066194,-0.36649168226727147,35.28324724627002,11.487568870878613
age11,net-new,0,,,,,,
age11,relocation(core J13),0,,,,,,
age11,relocation(ext),0,,,,,,
age11,all events,0,,,,,,
qcew_y1,net-new,5,190.103057869173,227.0068285914008,40.8721574418722,13.307214050842111,48.80646814715117,15.890478001398057
qcew_y1,relocation(core J13),9,102.76453468037285,111.18491893272812,22.094374956280163,7.1935174276261,23.904757570536546,7.78294432529097
qcew_y1,relocation(ext),14,106.32541298073859,116.824469604945,22.859963790858796,7.442778908651702,25.117260965063174,8.17771287234615
qcew_y1,all events,35,117.94197680274277,101.74344393592295,25.357525012589697,8.255938376191995,21.874840446223434,7.122041075514607
size500_k0,net-new,3,-6118.428035149642,-5055.677068952064,-1315.4620275571729,-428.28996246047495,-1086.9705698246937,-353.8973948266445
size500_k0,relocation(core J13),5,-321.00687452464047,-437.53091269512515,-69.0164780227977,-22.470481216724835,-94.0691462294519,-30.627163888658764
size500_k0,relocation(ext),6,-291.0487169416071,-295.78685205466536,-62.57547414244552,-20.373410185912498,-63.59417319175305,-20.705079643826576
size500_k0,all events,18,-1033.4089937094443,-295.78685205466536,-222.18293364753052,-72.33862955966111,-63.59417319175305,-20.705079643826576
size500_k1,net-new,2,2660.2045446646225,2660.2045446646225,571.9439771028939,186.2143181265236,571.9439771028939,186.2143181265236
size500_k1,relocation(core J13),5,-834.4914443333968,34.611766495596385,-179.41566053168032,-58.41440110333778,7.4415297965532226,2.422823654691747
size500_k1,relocation(ext),6,-721.7920757737951,-61.84173324009498,-155.18529629136594,-50.525445304165665,-13.29597264662042,-4.3289213268066495
size500_k1,all events,15,811.2623046479748,391.34707415048615,174.42139549931457,56.788361325358245,84.13962094235453,27.394295190534034
