cut,city,open_q,k,Emp_ly,Emp,ctl_yoy,excess,placebo_sd,n_placebo
all,Victor,2021Q2,0,38398.0,39242.0,1.011,428.73943778096873,1226.51508072971,18
all,Victor,2021Q2,1,38599.0,42015.0,1.086,102.65428401312238,1377.6310206863986,18
all,Victor,2021Q2,2,40844.0,41677.0,1.056,-1461.968708067252,1639.5618214949363,17
all,Victor,2021Q2,3,39693.0,42217.0,1.061,119.9086810795925,1169.5721976558027,17
all,Davenport,2023Q3,0,82119.0,83196.0,1.005,687.5722857618675,774.5526640140097,6
all,Davenport,2023Q3,1,81678.0,82913.0,1.007,633.5664204183413,1276.0105554898837,6
all,Davenport,2023Q3,2,81356.0,82183.0,1.01,-4.111281060351757,1410.064274786621,6
all,Davenport,2023Q3,3,81072.0,81354.0,1.011,-641.9329025075858,1587.6838290979106,6
all,Latham,2023Q3,0,178326.0,175487.0,1.022,-6803.605544586841,1883.8610106529502,8
all,Latham,2023Q3,1,171089.0,174105.0,1.014,687.2860056407226,2263.5227231362037,7
all,Latham,2023Q3,2,168867.0,172567.0,1.02,365.5479094928305,3460.1800665916694,7
all,Latham,2023Q3,3,173018.0,183623.0,1.035,4622.201585674309,3695.422736635846,8
all,Fayetteville,2023Q3,0,90410.0,92896.0,1.035,-715.4506977219571,1635.3022447022006,12
all,Fayetteville,2023Q3,1,90600.0,92681.0,1.027,-385.33949200554343,1818.926284976785,12
all,Fayetteville,2023Q3,2,91302.0,92042.0,1.015,-653.1799517698528,3727.5896020297223,12
all,Fayetteville,2023Q3,3,92703.0,91255.0,1.001,-1573.3957632791135,3352.1320367073035,12
all,Johnson City,2023Q3,0,62580.0,63846.0,1.022,-125.30028700383264,908.6854230561487,12
all,Johnson City,2023Q3,1,62755.0,63366.0,1.014,-243.1662334575376,1636.423125705041,11
all,Johnson City,2023Q3,2,61737.0,61784.0,1.02,-1172.0603771704482,1878.959682654146,11
all,Johnson City,2023Q3,3,61923.0,60592.0,1.035,-3472.2386353459733,1853.5376712499674,13
all,Chesapeake,2023Q3,0,90537.0,96026.0,1.024,3355.625171452979,1813.4430800647533,11
all,Chesapeake,2023Q3,1,91314.0,95714.0,1.017,2892.37265318603,1060.9751980913902,11
all,Chesapeake,2023Q3,2,92561.0,96665.0,1.015,2745.7557608094357,1569.2216792612949,11
all,Chesapeake,2023Q3,3,93895.0,96018.0,1.012,972.7638340717822,1283.307729603561,11
all,Scranton,2023Q3,0,87865.0,88549.0,1.017,-778.9221068442275,1124.3980502906243,15
all,Scranton,2023Q3,1,87942.0,89990.0,1.012,1001.3445490343001,1093.8312666183754,13
all,Scranton,2023Q3,2,86836.0,89220.0,1.012,1335.0392136970913,1169.8625475220422,15
all,Scranton,2023Q3,3,86968.0,89112.0,1.009,1336.5376719023916,1409.3704558409697,14
all,Pittsburgh(Ross Park),2024Q2,0,662369.0,669203.0,1.009,684.1746067554923,,2
all,Pittsburgh(Ross Park),2024Q2,1,676386.0,682043.0,1.008,-41.193587849265896,,2
all,Pittsburgh(Ross Park),2024Q2,2,671472.0,676453.0,1.008,-235.98006586788688,,2
all,Pittsburgh(Ross Park),2024Q2,3,668392.0,673120.0,1.009,-1033.1726459887577,,2
all,Boston(Prudential),2024Q2,0,663734.0,644840.0,0.997,-16837.051570457057,,2
all,Boston(Prudential),2024Q2,1,655662.0,665770.0,1.005,6699.402138033416,,2
all,Boston(Prudential),2024Q2,2,648178.0,661318.0,1.005,10205.109696293948,,2
all,Boston(Prudential),2024Q2,3,641987.0,656424.0,1.004,11904.466419786913,,2
all,Tampa(Intl Plaza),2024Q4,0,802679.0,807960.0,1.012,-4304.046355440863,2894.230910865054,5
all,Tampa(Intl Plaza),2024Q4,1,807627.0,813229.0,1.012,-3846.610290260869,7579.022900371352,5
all,Tampa(Intl Plaza),2024Q4,2,804501.0,813557.0,1.008,2795.3013303969055,5716.532399268185,5
all,Tampa(Intl Plaza),2024Q4,3,804880.0,810867.0,1.006,1141.5396643204149,5404.291077020944,5
all,Oklahoma City,2024Q4,0,428640.0,433339.0,1.006,2305.729338419682,,0
all,Oklahoma City,2024Q4,1,426856.0,431231.0,1.008,1148.4177062455565,,0
all,Oklahoma City,2024Q4,2,428561.0,430988.0,1.01,-1779.0015809260076,,0
all,Oklahoma City,2024Q4,3,432412.0,434847.0,1.009,-1538.0836465065368,,0
all,Tulsa,2024Q4,0,345448.0,349178.0,1.006,1801.2239559966256,,0
all,Tulsa,2024Q4,1,344122.0,349436.0,1.008,2712.7997074156883,,0
all,Tulsa,2024Q4,2,344666.0,347912.0,1.01,-136.6357062155148,,0
all,Tulsa,2024Q4,3,348500.0,351705.0,1.009,2.915759027178865,,0
all,Salem,2024Q4,0,157126.0,159506.0,1.006,1507.7799881000537,,1
all,Salem,2024Q4,1,154704.0,156061.0,1.0,1283.3417239734263,,1
all,Salem,2024Q4,2,154881.0,155738.0,1.001,774.7375149893342,,1
all,Salem,2024Q4,3,161880.0,163730.0,0.999,2040.9633391554817,,1
all,Miami(Kendall),2025Q1,0,1148762.0,1173452.0,1.012,11250.374462145846,,3
all,Miami(Kendall),2025Q1,1,1157438.0,1174933.0,1.008,8487.714059090009,,3
all,Miami(Kendall),2025Q1,2,1157602.0,1169709.0,1.006,5138.116967121372,,3
all,Beavercreek,2025Q1,0,60322.0,61040.0,1.006,337.8635969356401,1091.7481119048314,20
all,Beavercreek,2025Q1,1,60128.0,60765.0,1.005,313.12083827687457,1235.3666190078252,20
all,Beavercreek,2025Q1,2,61594.0,61485.0,1.0,-131.97093462878547,1399.8375914410192,21
all,Columbus(Polaris),2025Q3,0,103223.0,103549.0,1.0,287.50389997097955,2156.353937577619,12
all,Leawood,2025Q3,0,354513.0,356204.0,1.001,1375.2802769033005,,1
all,Jersey City,2025Q3,0,254650.0,255882.0,1.005,55.80298353743274,2519.331528624856,11
size500,Victor,2021Q2,0,17989.0,17362.0,0.973,-141.25792902644025,1251.3994785157909,13
size500,Victor,2021Q2,1,17024.0,17589.0,1.042,-158.29523297578635,1067.4743736091941,15
size500,Victor,2021Q2,2,17896.0,17185.0,1.04,-1420.9501144573915,1687.7862247774276,14
size500,Victor,2021Q2,3,18108.0,18436.0,1.026,-141.5243433979922,977.4315263516545,14
size500,Davenport,2023Q3,0,40586.0,41786.0,1.019,422.81802056499146,734.3472579489935,7
size500,Davenport,2023Q3,1,40969.0,42149.0,1.028,34.611766495596385,1049.0839852620204,7
size500,Davenport,2023Q3,2,42419.0,43242.0,1.018,73.0328798940609,1134.0227674093048,7
size500,Davenport,2023Q3,3,41532.0,42300.0,1.02,-82.10070819496468,1313.2891116905,7
size500,Latham,2023Q3,0,98594.0,97197.0,1.053,-6584.8174911930255,2652.230157645941,6
size500,Latham,2023Q3,1,92465.0,96639.0,1.041,391.34707415048615,1898.745858328722,5
size500,Latham,2023Q3,2,94487.0,98618.0,1.041,295.7217985564348,3990.051173573111,5
size500,Latham,2023Q3,3,97874.0,109779.0,1.072,4811.622452147465,5441.848493552199,5
size500,Fayetteville,2023Q3,0,47531.0,49040.0,1.041,-437.53091269512515,1210.422095619972,10
size500,Fayetteville,2023Q3,1,47496.0,49205.0,1.033,160.76251853993745,1432.4953411058445,11
size500,Fayetteville,2023Q3,2,48595.0,51551.0,1.014,2254.8154661311346,3199.8198944254686,11
size500,Fayetteville,2023Q3,3,48736.0,50469.0,1.005,1486.3089458575923,2832.024782065724,11
size500,Johnson City,2023Q3,0,29194.0,30060.0,1.053,-670.129417995915,1403.864049797906,12
size500,Johnson City,2023Q3,1,29420.0,29905.0,1.041,-718.5434929810508,1668.7999767642198,11
size500,Johnson City,2023Q3,2,29969.0,30338.0,1.041,-847.4578451962952,1716.2224903031563,11
size500,Johnson City,2023Q3,3,29897.0,29224.0,1.072,-2839.772672498799,2044.4073763282872,12
size500,Chesapeake,2023Q3,0,44830.0,49690.0,1.036,3238.6992194266204,1412.450497311352,12
size500,Chesapeake,2023Q3,1,46163.0,50262.0,1.026,2880.5436745296174,1235.5677837736355,12
size500,Chesapeake,2023Q3,2,47805.0,52056.0,1.023,3135.8056965780343,1545.4004380999695,12
size500,Chesapeake,2023Q3,3,48393.0,51325.0,1.024,1784.3345725799518,1585.616392952022,12
size500,Scranton,2023Q3,0,40418.0,41278.0,1.025,-154.04279141420557,1032.3122328207266,13
size500,Scranton,2023Q3,1,40748.0,43145.0,1.022,1490.6797916436335,1181.9074225523257,12
size500,Scranton,2023Q3,2,41663.0,42917.0,1.015,625.7801901814164,1206.6269691742384,12
size500,Scranton,2023Q3,3,41412.0,42464.0,1.013,514.4134130278544,1095.6495926675561,12
size500,Pittsburgh(Ross Park),2024Q2,0,392582.0,399420.0,1.013,1741.7279656452592,,2
size500,Pittsburgh(Ross Park),2024Q2,1,394220.0,400220.0,1.015,226.80091338657076,,2
size500,Pittsburgh(Ross Park),2024Q2,2,393903.0,399391.0,1.013,234.5073570216773,,2
size500,Pittsburgh(Ross Park),2024Q2,3,400509.0,402262.0,1.016,-4652.653889082896,,2
size500,Boston(Prudential),2024Q2,0,438456.0,421767.0,0.996,-15041.335002142121,,1
size500,Boston(Prudential),2024Q2,1,425260.0,437906.0,1.018,5093.608175942674,,1
size500,Boston(Prudential),2024Q2,2,420042.0,437183.0,1.021,8142.363946365018,,1
size500,Boston(Prudential),2024Q2,3,419485.0,436693.0,1.021,8274.907523085247,,1
size500,Tampa(Intl Plaza),2024Q4,0,515069.0,518094.0,1.007,-766.149271082948,1622.55888521407,4
size500,Tampa(Intl Plaza),2024Q4,1,522370.0,530940.0,1.026,-5139.9678053651005,4054.8980918927614,4
size500,Tampa(Intl Plaza),2024Q4,2,517953.0,528888.0,1.02,337.48681696434505,3399.7012962967515,4
size500,Tampa(Intl Plaza),2024Q4,3,516933.0,523925.0,1.019,-2778.920057590236,3664.5222250930124,4
size500,Oklahoma City,2024Q4,0,241495.0,245684.0,1.021,-886.1311003868468,,0
size500,Oklahoma City,2024Q4,1,242241.0,248290.0,1.015,2469.954064780206,,0
size500,Oklahoma City,2024Q4,2,242871.0,246847.0,1.016,177.96684781843214,,0
size500,Oklahoma City,2024Q4,3,244076.0,247717.0,1.014,336.5380871722882,,0
size500,Tulsa,2024Q4,0,189053.0,194686.0,1.021,1659.9622148639464,,0
size500,Tulsa,2024Q4,1,192608.0,196730.0,1.015,1276.2683546929911,,0
size500,Tulsa,2024Q4,2,192167.0,194672.0,1.016,-500.1205650542106,,0
size500,Tulsa,2024Q4,3,193417.0,194464.0,1.014,-1571.6069494477124,,0
size500,Salem,2024Q4,0,74777.0,76445.0,1.009,965.1605755056225,,1
size500,Salem,2024Q4,1,76092.0,76206.0,0.991,774.5226104386093,,1
size500,Salem,2024Q4,2,75664.0,75590.0,0.995,283.8034007445385,,1
size500,Salem,2024Q4,3,76290.0,76512.0,0.995,572.598786139497,,1
size500,Miami(Kendall),2025Q1,0,588045.0,607342.0,1.026,3863.345659004408,,3
size500,Miami(Kendall),2025Q1,1,584537.0,599687.0,1.02,3190.153134604683,3399.7012962967515,4
size500,Miami(Kendall),2025Q1,2,580567.0,594194.0,1.019,2653.2882325658575,,3
size500,Beavercreek,2025Q1,0,34781.0,35792.0,1.017,405.4586451554569,1150.3683692386328,17
size500,Beavercreek,2025Q1,1,34565.0,35409.0,1.019,196.48902183655446,1345.557111127468,17
size500,Beavercreek,2025Q1,2,34791.0,35185.0,1.009,82.83831842066138,1317.3537521579246,17
size500,Columbus(Polaris),2025Q3,0,59889.0,59705.0,1.009,-719.6316848640417,2162.5957280493403,9
size500,Leawood,2025Q3,0,208429.0,208135.0,1.001,-441.8315171835711,,1
size500,Jersey City,2025Q3,0,151504.0,148264.0,1.012,-5055.677068952064,2931.5391279497485,9
