city,open_q,group,all_nq,all_k0,all_k1,all_k3,all_mean,all_base,all_psd,size500_nq,size500_k0,size500_k1,size500_k3,size500_mean,size500_base,size500_psd,age11_nq,age11_k0,age11_k1,age11_k3,age11_mean,age11_base,age11_psd,age0_3_nq,age0_3_k0,age0_3_k1,age0_3_k3,age0_3_mean,age0_3_base,age0_3_psd,J02_4591_k0,J02_4591_k1,J02_4591_mean,qcew_y1,size500_mean_$215K_M,size500_mean_$70K_M,age11_mean_$215K_M,age11_mean_$70K_M,J02_4591_mean_$215K_M,J02_4591_mean_$70K_M
Victor,2021Q2,reloc_ext,4,428.73943778096873,102.65428401312238,119.9086810795925,-202.6665762983921,38398.0,1353.3200301417119,4,-141.25792902644025,-158.29523297578635,-141.5243433979922,-465.50690496440257,17989.0,1246.0229008135168,0,,,,,,,0,,,,,,,,,,128.49647497288066,-100.08398456734655,-32.58548334750818,,,,
Knoxville,2021Q2,reloc_ext,0,,,,,,,0,,,,,,,0,,,,,,,0,,,,,,,,,,227.66011408790465,,,,,,
Minnetonka,2022Q2,relocation,0,,,,,,,0,,,,,,,0,,,,,,,0,,,,,,,,,,150.58910080260296,,,,,,
Harris(Baybrook+Katy),2023Q2,relocation,0,,,,,,,0,,,,,,,0,,,,,,,0,,,,,,,343.0,272.0,119.75,72.18230882603257,,,,,25.74625,8.3825
Davenport,2023Q3,relocation,4,687.5722857618675,633.5664204183413,-641.9329025075858,168.7736306530678,82119.0,1262.0778308471063,4,422.81802056499146,34.611766495596385,-82.10070819496468,112.09048968992101,40586.0,1057.6857805777047,0,,,,,,,0,,,,,,,,,,82.26385094924724,24.09945528333302,7.846334278294472,,,,
Latham,2023Q3,other,4,-6803.605544586841,687.2860056407226,4622.201585674309,-282.1425109447446,178326.0,2825.7466342541675,4,-6584.8174911930255,391.34707415048615,4811.622452147465,-271.53154158465986,98594.0,3495.7189207749934,0,,,,,,,0,,,,,,,,,,19.429085028168583,-58.37928144070187,-19.00720791092619,,,,
Fayetteville,2023Q3,relocation,4,-715.4506977219571,-385.33949200554343,-1573.3957632791135,-831.8414761941167,90410.0,2633.487542104003,4,-437.53091269512515,160.76251853993745,1486.3089458575923,866.0890044583848,47531.0,2168.6905283042524,0,,,,,,,0,,,,,,,103.0,123.0,84.0,68.69427813869575,186.20913595855274,60.62623031208694,,,18.06,5.880000000000001
Johnson City,2023Q3,relocation,4,-125.30028700383264,-243.1662334575376,-3472.2386353459733,-1253.191383244448,62580.0,1569.401475666326,4,-670.129417995915,-718.5434929810508,-2839.772672498799,-1268.975857168015,29194.0,1708.3234732983924,0,,,,,,,0,,,,,,,,,,124.32601127891772,-272.8298092911232,-88.82831000176105,,,,
Chesapeake,2023Q3,other,4,3355.625171452979,2892.37265318603,972.7638340717822,2491.629354880057,90537.0,1431.7369217552498,4,3238.6992194266204,2880.5436745296174,1784.3345725799518,2759.845790778556,44830.0,1444.7587780342446,0,,,,,,,0,,,,,,,58.0,55.0,54.5,41.9222689749429,593.3668450173896,193.18920535449894,,,11.7175,3.8150000000000004
Champaign,2023Q3,relocation,0,,,,,,,0,,,,,,,0,,,,,,,0,,,,,,,,,,70.47096499414589,,,,,,
Scranton,2023Q3,relocation,4,-778.9221068442275,1001.3445490343001,1336.5376719023916,723.4998319473889,87865.0,1199.365580068003,4,-154.04279141420557,1490.6797916436335,514.4134130278544,619.2076508596747,40418.0,1129.1240543037118,0,,,,,,,0,,,,,,,,,,122.46402027716188,133.12964493483005,43.344535560177235,,,,
Pittsburgh(Ross Park),2024Q2,net-new,4,684.1746067554923,-41.193587849265896,-1033.1726459887577,-156.54292323760455,662369.0,,4,1741.7279656452592,226.80091338657076,-4652.653889082896,-612.4044132573472,392582.0,,0,,,,,,,0,,,,,,,,,,48.59281410638778,-131.66694885032965,-42.86830892801431,,,,
Boston(Prudential),2024Q2,net-new,4,-16837.051570457057,6699.402138033416,11904.466419786913,2992.981670914305,663734.0,,4,-15041.335002142121,5093.608175942674,8274.907523085247,1617.3861608127045,438456.0,,0,,,,,,,0,,,,,,,,,,286.1949682666158,347.73802457473147,113.21703125688933,,,,
Wilmington(Brandywine),2024Q4,other,0,,,,,,,0,,,,,,,0,,,,,,,0,,,,,,,,,,41.80711572378569,,,,,,
Tampa(Intl Plaza),2024Q4,relocation,4,-4304.046355440863,-3846.610290260869,1141.5396643204149,-1053.453912746103,802679.0,5398.519321881384,4,-766.149271082948,-5139.9678053651005,-2778.920057590236,-2086.887579268485,515069.0,3185.4201246241487,0,,,,,,,0,,,,,,,75.0,-6.0,-25.75,122.70535792382356,-448.6808295427242,-146.08213054879394,,,-5.53625,-1.8025000000000002
Oklahoma City,2024Q4,other,4,2305.729338419682,1148.4177062455565,-1538.0836465065368,34.2654543081735,428640.0,,4,-886.1311003868468,2469.954064780206,336.5380871722882,524.5819748460199,241495.0,,0,,,,,,,0,,,,,,,,,,218.7108878011054,112.78512459189427,36.7207382392214,,,,
Tulsa,2024Q4,other,4,1801.2239559966256,2712.7997074156883,2.915759027178865,1095.0759290559945,345448.0,,4,1659.9622148639464,1276.2683546929911,-1571.6069494477124,216.12576376375364,189053.0,,0,,,,,,,0,,,,,,,,,,485.451568703215,46.46703920920703,15.128803463462756,,,,
Salem,2024Q4,other,4,1507.7799881000537,1283.3417239734263,2040.9633391554817,1401.705641554574,157126.0,,4,965.1605755056225,774.5226104386093,572.598786139497,649.0213432070668,74777.0,,0,,,,,,,0,,,,,,,,,,101.74344393592295,139.53958878951937,45.43149402449468,,,,
Miami(Kendall),2025Q1,other,3,11250.374462145846,8487.714059090009,,8292.068496119076,1148762.0,,3,3863.345659004408,3190.153134604683,,3235.5956753916494,588045.0,3399.7012962967515,0,,,,,,,0,,,,,,,-105.0,-80.0,-88.5,85.12011835171268,695.6530702092047,226.49169727741548,,,-19.0275,-6.195
Beavercreek,2025Q1,other,3,337.8635969356401,313.12083827687457,,173.0045001945764,60322.0,1242.3174407845584,3,405.4586451554569,196.48902183655446,,228.2619951375576,34781.0,1271.0930775080085,0,,,,,,,0,,,,,,,69.0,45.0,30.25,61.69183273733491,49.07632895457488,15.978339659629032,,,6.50375,2.1175
Baton Rouge,2025Q2,other,0,,,,,,,0,,,,,,,0,,,,,,,0,,,,,,,,,,99.3027955118908,,,,,,
Columbus(Polaris),2025Q3,other,1,287.50389997097955,,,287.50389997097955,103223.0,2156.353937577619,1,-719.6316848640417,,,-719.6316848640417,59889.0,2162.5957280493403,0,,,,,,,0,,,,,,,-3.0,18.0,7.5,107.611545281671,-154.72081224576897,-50.37421794048293,,,1.6125,0.525
Dallas(Galleria),2025Q3,reloc_ext,0,,,,,,,0,,,,,,,0,,,,,,,0,,,,,,,-307.0,-285.0,-296.0,-72.23072575677513,,,,,-63.64,-20.720000000000002
Leawood,2025Q3,other,1,1375.2802769033005,,,1375.2802769033005,354513.0,,1,-441.8315171835711,,,-441.8315171835711,208429.0,,0,,,,,,,0,,,,,,,166.0,187.0,176.5,94.41706587919435,-94.99377619446778,-30.92820620284998,,,37.9475,12.355
Jersey City,2025Q3,net-new,1,55.80298353743274,,,55.80298353743274,254650.0,2519.331528624856,1,-5055.677068952064,,,-5055.677068952064,151504.0,2931.5391279497485,0,,,,,,,0,,,,,,,23.0,49.0,36.0,151.09427808371345,-1086.9705698246937,-353.8973948266445,,,7.74,2.5200000000000005
Durham,2025Q4,other,0,,,,,,,0,,,,,,,0,,,,,,,0,,,,,,,43.0,,43.0,113.69016372232667,,,,,9.245,3.0100000000000002
Live Oak(San Antonio),2025Q4,net-new,0,,,,,,,0,,,,,,,0,,,,,,,0,,,,,,,94.0,,94.0,237.6264002977472,,,,,20.21,6.580000000000001
Glendale,2025Q4,net-new,0,,,,,,,0,,,,,,,0,,,,,,,0,,,,,,,244.0,,244.0,227.0068285914008,,,,,52.46,17.080000000000002
Charlottesville,2025Q4,other,0,,,,,,,0,,,,,,,0,,,,,,,0,,,,,,,-12.0,,-12.0,-13.583261482642133,,,,,-2.58,-0.8400000000000001
Strongsville,2025Q4,other,0,,,,,,,0,,,,,,,0,,,,,,,0,,,,,,,98.0,,98.0,39.02996769816053,,,,,21.07,6.86
Freehold,2025Q4,reloc_ext,0,,,,,,,0,,,,,,,0,,,,,,,0,,,,,,,158.0,,158.0,178.67926228095436,,,,,33.97,11.06
Brandon,2025Q4,reloc_ext,0,,,,,,,0,,,,,,,0,,,,,,,0,,,,,,,-62.0,,-62.0,101.06984402201977,,,,,-13.33,-4.340000000000001
Kennesaw,2025Q4,other,0,,,,,,,0,,,,,,,0,,,,,,,0,,,,,,,245.0,,245.0,123.62842488747236,,,,,52.675,17.150000000000002
Mobile,2025Q4,other,0,,,,,,,0,,,,,,,0,,,,,,,0,,,,,,,23.0,,23.0,68.92509426553076,,,,,4.945,1.61
Amherst,2026Q1,relocation,0,,,,,,,0,,,,,,,0,,,,,,,0,,,,,,,,,,111.18491893272812,,,,,,
