file_date,form,filer,id,cik
2019-02-01,8-K,"SIMON PROPERTY GROUP INC /DE/  (SPG, SPG-PJ)  (CIK 000106376",0001047469-19-000321:a2237580zex-99_1.htm,0001063761
2019-02-15,8-K,PENNSYLVANIA REAL ESTATE INVESTMENT TRUST  (CIK 0000077281),0000077281-19-000009:a2018q4exhibit991supplemen.htm,0000077281
2019-02-20,FWP,Morgan Stanley Capital I Trust 2019-L2  (CIK 0001766660),0001539497-19-000306:n1528_ts-x2.htm,0001766660
2019-02-21,10-K,WASHINGTON PRIME GROUP INC.  (CIK 0001594686),0001594686-19-000007:wpg201810-k.htm,0001594686
2019-02-21,424H,Morgan Stanley Capital I Inc.  (CIK 0001547361),0001539497-19-000320:n1528_424h-x6.htm,0001547361
2019-02-21,8-K,WASHINGTON PRIME GROUP INC.  (CIK 0001594686),0001594686-19-000003:a2018q4exhibit992supplemen.htm,0001594686
2019-02-25,10-K,MACERICH CO  (MAC)  (CIK 0000912242),0000912242-19-000004:mac-2018x1231x10k.htm,0000912242
2019-02-25,10-K,PENNSYLVANIA REAL ESTATE INVESTMENT TRUST  (CIK 0000077281),0000077281-19-000017:a2018q410-k.htm,0000077281
2019-02-28,10-K,"Empire State Realty OP, L.P.  (ESBA, FISK, OGCP)  (CIK 00015",0001628280-19-002207:esrop12-31x1810xk.htm,0001553079
2019-02-28,10-K,"Empire State Realty Trust, Inc.  (ESRT)  (CIK 0001541401)",0001628280-19-002205:esrt12-31x1810xk.htm,0001541401
2019-03-01,10-K,Brookfield Property REIT Inc.  (CIK 0001496048),0001496048-19-000003:bpr12311810k.htm,0001496048
2019-03-01,10-K,CBL & ASSOCIATES PROPERTIES INC  (CBL)  (CIK 0000910612),0000910612-19-000023:cbl-12312018x10k.htm,0000910612
2019-03-01,8-K,"FOOT LOCKER, INC.  (FL)  (CIK 0000850209)",0001539497-19-000359:ex99-1.htm,0000850209
2019-03-12,424B2,Morgan Stanley Capital I Inc.  (CIK 0001547361),0001539497-19-000393:n1528_424b2-x15.htm,0001547361
2019-03-29,10-K,TAILORED BRANDS INC  (CIK 0000884217),0001558370-19-002607:tlrd-20190202x10k.htm,0000884217
2019-04-02,10-K,"FOOT LOCKER, INC.  (FL)  (CIK 0000850209)",0001558370-19-002753:fl-20190202x10k.htm,0000850209
2019-04-18,10-K,HIBBETT SPORTS INC  (CIK 0001017480),0001017480-19-000011:form10k.htm,0001017480
2019-04-25,8-K,WASHINGTON PRIME GROUP INC.  (CIK 0001594686),0001594686-19-000015:a2019q1exhibit992supplemen.htm,0001594686
2019-04-30,8-K,"SIMON PROPERTY GROUP INC /DE/  (SPG, SPG-PJ)  (CIK 000106376",0001047469-19-002724:a2238492zex-99_1.htm,0001063761
2019-05-03,8-K,PENNSYLVANIA REAL ESTATE INVESTMENT TRUST  (CIK 0000077281),0000077281-19-000030:a2019q1exhibit991supplemen.htm,0000077281
2019-05-24,8-K,"FOOT LOCKER, INC.  (FL)  (CIK 0000850209)",0001539497-19-000846:exh99_1.htm,0000850209
2019-07-25,8-K,WASHINGTON PRIME GROUP INC.  (CIK 0001594686),0001594686-19-000023:a2019q2exhibit992suppl.htm,0001594686
2019-07-30,424H,CITIGROUP COMMERCIAL MORTGAGE SECURITIES INC  (CIK 000125836,0001539497-19-001247:n1708_x8-424h.htm,0001258361
2019-07-31,8-K,PENNSYLVANIA REAL ESTATE INVESTMENT TRUST  (CIK 0000077281),0001564590-19-027195:pei-ex991_6.htm,0000077281
2019-07-31,8-K,"SIMON PROPERTY GROUP INC /DE/  (SPG, SPG-PJ)  (CIK 000106376",0001047469-19-004452:a2239288zex-99_1.htm,0001063761
2019-08-20,424B2,CITIGROUP COMMERCIAL MORTGAGE SECURITIES INC  (CIK 000125836,0001539497-19-001368:n1708_424b2-x13.htm,0001258361
2019-08-23,8-K,"FOOT LOCKER, INC.  (FL)  (CIK 0000850209)",0001539497-19-001388:n1498_exh99-1.htm,0000850209
2019-10-24,8-K,WASHINGTON PRIME GROUP INC.  (CIK 0001594686),0001594686-19-000030:a2019q3exhibit992suppl.htm,0001594686
2019-10-30,8-K,"SIMON PROPERTY GROUP INC /DE/  (SPG, SPG-PJ)  (CIK 000106376",0001104659-19-057499:a2239895zex-99_1.htm,0001063761
2019-10-31,8-K,PENNSYLVANIA REAL ESTATE INVESTMENT TRUST  (CIK 0000077281),0001564590-19-038898:pei-ex991_74.htm,0000077281
2019-11-05,8-K,GrowGeneration Corp.  (GRWG)  (CIK 0001604868),0001213900-19-022052:f8k110419_growgeneration.htm,0001604868
2019-11-05,8-K,GrowGeneration Corp.  (GRWG)  (CIK 0001604868),0001213900-19-022052:f8k110419ex99-1_growgen.htm,0001604868
2019-11-20,424B3,GrowGeneration Corp.  (GRWG)  (CIK 0001604868),0001213900-19-024204:f424b3112019b_growgeneration.htm,0001604868
2019-11-22,8-K,"FOOT LOCKER, INC.  (FL)  (CIK 0000850209)",0001539497-19-002136:exh99-1.htm,0000850209
2020-01-06,424H,GS MORTGAGE SECURITIES CORP II  (CIK 0001004158),0001539497-20-000026:n1952_424h-x5.htm,0001004158
2020-01-06,FWP,GS Mortgage Securities Trust 2020-GC45  (CIK 0001798388),0001539497-20-000021:n1952_ts-x3.htm,0001798388
2020-01-30,424B2,GS MORTGAGE SECURITIES CORP II  (CIK 0001004158),0001539497-20-000170:n1952_424b2-x20.htm,0001004158
2020-01-31,FWP,Benchmark 2020-IG1 Mortgage Trust  (CIK 0001801338),0001539497-20-000183:n1982_x2-premktts.htm,0001801338
2020-02-03,424H,JP MORGAN CHASE COMMERCIAL MORTGAGE SECURITIES CORP  (CIK 00,0001539497-20-000210:n1982-x7_424h.htm,0001013611
2020-02-03,FWP,Benchmark 2020-IG1 Mortgage Trust  (CIK 0001801338),0001539497-20-000208:n1982-x5_ts.htm,0001801338
2020-02-04,8-K,"SIMON PROPERTY GROUP INC /DE/  (SPG, SPG-PJ)  (CIK 000106376",0001104659-20-010115:a2240552zex-99_1.htm,0001063761
2020-02-06,FWP,CITIGROUP COMMERCIAL MORTGAGE TRUST 2020-GC46  (CIK 00018002,0001539497-20-000251:n1994_x3-premkts.htm,0001800294
2020-02-06,FWP,CITIGROUP COMMERCIAL MORTGAGE TRUST 2020-GC46  (CIK 00018002,0001539497-20-000257:n1994-x4_termsheet.htm,0001800294
2020-02-07,424H,CITIGROUP COMMERCIAL MORTGAGE SECURITIES INC  (CIK 000125836,0001539497-20-000284:n1994_x8-424h.htm,0001258361
2020-02-25,10-K,MACERICH CO  (MAC)  (CIK 0000912242),0000912242-20-000004:mac-20191231.htm,0000912242
2020-02-26,424B2,CITIGROUP COMMERCIAL MORTGAGE SECURITIES INC  (CIK 000125836,0001539497-20-000437:n1994_x11-424b2.htm,0001258361
2020-02-26,424B2,CITIGROUP COMMERCIAL MORTGAGE SECURITIES INC  (CIK 000125836,0001539497-20-000449:n1994_x13-424b2v2.htm,0001258361
2020-02-27,10-K,WASHINGTON PRIME GROUP INC.  (CIK 0001594686),0001594686-20-000008:wpg201910-k.htm,0001594686
2020-02-27,8-K,PENNSYLVANIA REAL ESTATE INVESTMENT TRUST  (CIK 0000077281),0001564590-20-007096:pei-ex991_16.htm,0000077281
2020-02-27,8-K,WASHINGTON PRIME GROUP INC.  (CIK 0001594686),0001594686-20-000004:a2019q4exhibit992suppl.htm,0001594686
2020-02-28,10-K,Brookfield Property REIT Inc.  (CIK 0001496048),0001496048-20-000004:bpr12311910k.htm,0001496048
2020-02-28,10-K,"Empire State Realty OP, L.P.  (ESBA, FISK, OGCP)  (CIK 00015",0001628280-20-002552:esrop12-31x1910xk.htm,0001553079
2020-02-28,10-K,"Empire State Realty Trust, Inc.  (ESRT)  (CIK 0001541401)",0001628280-20-002550:esrt12-31x1910xk.htm,0001541401
2020-02-28,424B2,JP MORGAN CHASE COMMERCIAL MORTGAGE SECURITIES CORP  (CIK 00,0001539497-20-000481:n1982-x19_424b2.htm,0001013611
2020-02-28,8-K,"FOOT LOCKER, INC.  (FL)  (CIK 0000850209)",0001539497-20-000478:exh99-1.htm,0000850209
2020-03-02,10-K,Retail Value Inc.  (CIK 0001735184),0001564590-20-008182:rvi-10k_20191231.htm,0001735184
2020-03-03,424H,Credit Suisse Commercial Mortgage Securities Corp.  (CIK 000,0001539497-20-000520:n2039-x5_424h.htm,0001654060
2020-03-03,FWP,CSAIL 2020-C19 Commercial Mortgage Trust  (CIK 0001803702),0001539497-20-000516:n2039-x4_ts.htm,0001803702
2020-03-09,10-K,CBL & ASSOCIATES PROPERTIES INC  (CBL)  (CIK 0000910612),0001564590-20-009393:cbl-20191231.htm,0000910612
2020-03-16,10-K,PENNSYLVANIA REAL ESTATE INVESTMENT TRUST  (CIK 0000077281),0001564590-20-010906:pei-10k_20191231.htm,0000077281
2020-03-20,10-K,"DICK'S SPORTING GOODS, INC.  (DKS)  (CIK 0001089063)",0001089063-20-000014:dks-exhibit10920200201.htm,0001089063
2020-03-27,10-K,"FOOT LOCKER, INC.  (FL)  (CIK 0000850209)",0000850209-20-000007:fl-20200201x10k.htm,0000850209
2020-03-27,10-K,GrowGeneration Corp.  (GRWG)  (CIK 0001604868),0001213900-20-007584:f10k2019_growgeneration.htm,0001604868
2020-03-30,424B2,Credit Suisse Commercial Mortgage Securities Corp.  (CIK 000,0001539497-20-000606:n2039_424b2-x10.htm,0001654060
2020-04-08,10-K,TAILORED BRANDS INC  (CIK 0000884217),0001558370-20-003700:tlrd-20200201x10k72fd37.htm,0000884217
2020-05-08,8-K,WASHINGTON PRIME GROUP INC.  (CIK 0001594686),0001594686-20-000014:a2019q4exhibit992suppl.htm,0001594686
2020-05-21,8-K,PENNSYLVANIA REAL ESTATE INVESTMENT TRUST  (CIK 0000077281),0001564590-20-026530:pei-ex991_132.htm,0000077281
2020-05-22,8-K,"FOOT LOCKER, INC.  (FL)  (CIK 0000850209)",0001539497-20-000747:n1980_ex99-1.htm,0000850209
2020-07-01,424B4,GrowGeneration Corp.  (GRWG)  (CIK 0001604868),0001213900-20-016453:ea123700-424b4_growgenerat.htm,0001604868
2020-08-10,8-K,"FOOT LOCKER, INC.  (FL)  (CIK 0000850209)",0001539497-20-001036:exh99-1.htm,0000850209
2020-08-11,8-K,PENNSYLVANIA REAL ESTATE INVESTMENT TRUST  (CIK 0000077281),0001564590-20-039177:pei-ex991_56.htm,0000077281
2020-08-11,8-K,WASHINGTON PRIME GROUP INC.  (CIK 0001594686),0001594686-20-000026:a2020q2exhibit992suppl.htm,0001594686
2020-08-17,424H,DEUTSCHE MORTGAGE & ASSET RECEIVING CORP  (CIK 0001013454),0001539497-20-001078:n2272_424h-x4.htm,0001013454
2020-08-17,FWP,DBJPM 2020-C9 Mortgage Trust  (CIK 0001818254),0001539497-20-001072:n2272_ts-x3.htm,0001818254
2020-08-21,8-K,"FOOT LOCKER, INC.  (FL)  (CIK 0000850209)",0001539497-20-001111:n1980_x18-exh991.htm,0000850209
2020-08-28,424B2,DEUTSCHE MORTGAGE & ASSET RECEIVING CORP  (CIK 0001013454),0001539497-20-001137:n2272_424b2-x14.htm,0001013454
2020-11-05,8-K,WASHINGTON PRIME GROUP INC.  (CIK 0001594686),0001594686-20-000031:a2020q3ex992supplement.htm,0001594686
2020-11-06,8-K,PENNSYLVANIA REAL ESTATE INVESTMENT TRUST  (CIK 0000077281),0001564590-20-051890:pei-ex991_51.htm,0000077281
2020-11-20,8-K,"FOOT LOCKER, INC.  (FL)  (CIK 0000850209)",0001539497-20-001397:n2295-x3_exh991.htm,0000850209
2020-11-30,424H,WELLS FARGO COMMERCIAL MORTGAGE SECURITIES INC  (CIK 0000850,0001539497-20-001458:n2368_424h-x7.htm,0000850779
2020-11-30,FWP,Wells Fargo Commercial Mortgage Trust 2020-C58  (CIK 0001827,0001539497-20-001450:n2368-x5_ts.htm,0001827054
2020-12-16,424B2,WELLS FARGO COMMERCIAL MORTGAGE SECURITIES INC  (CIK 0000850,0001539497-20-001550:n2368-x15_424b2.htm,0000850779
2021-02-24,10-K,MACERICH CO  (MAC)  (CIK 0000912242),0000912242-21-000004:mac-20201231.htm,0000912242
2021-02-26,10-K,Brookfield Property REIT Inc.  (CIK 0001496048),0001496048-21-000006:ggp-20201231.htm,0001496048
2021-02-26,10-K,"Empire State Realty OP, L.P.  (ESBA, FISK, OGCP)  (CIK 00015",0001628280-21-003420:esrt-20201231.htm,0001553079
2021-02-26,10-K,"Empire State Realty Trust, Inc.  (ESRT)  (CIK 0001541401)",0001628280-21-003417:esrt-20201231.htm,0001541401
2021-02-26,8-K,"FOOT LOCKER, INC.  (FL)  (CIK 0000850209)",0001539497-21-000267:exh99-1.htm,0000850209
2021-03-12,8-K,PENNSYLVANIA REAL ESTATE INVESTMENT TRUST  (CIK 0000077281),0001564590-21-012814:pei-ex991_90.htm,0000077281
2021-03-16,10-K,PENNSYLVANIA REAL ESTATE INVESTMENT TRUST  (CIK 0000077281),0001564590-21-013558:pei-10k_20201231.htm,0000077281
2021-03-16,10-K,WASHINGTON PRIME GROUP INC.  (CIK 0001594686),0001594686-21-000006:wpg-20201231.htm,0001594686
2021-03-16,8-K,WASHINGTON PRIME GROUP INC.  (CIK 0001594686),0001594686-21-000007:a2020q4ex992supplemental.htm,0001594686
2021-03-25,10-K,"FOOT LOCKER, INC.  (FL)  (CIK 0000850209)",0000850209-21-000003:fl-20210130x10k.htm,0000850209
2021-03-29,10-K,GrowGeneration Corp.  (GRWG)  (CIK 0001604868),0001213900-21-018097:f10k2020_growgeneration.htm,0001604868
2021-04-08,10-K,CBL & ASSOCIATES PROPERTIES INC  (CBL)  (CIK 0000910612),0001564590-21-018200:cbl-10k_20201231.htm,0000910612
2021-04-16,8-K,CBL & ASSOCIATES PROPERTIES INC  (CBL)  (CIK 0000910612),0001564590-21-019107:cbl-ex992_41.htm,0000910612
2021-05-06,8-K,PENNSYLVANIA REAL ESTATE INVESTMENT TRUST  (CIK 0000077281),0001564590-21-024691:pei-ex991_80.htm,0000077281
2021-05-10,8-K,WASHINGTON PRIME GROUP INC.  (CIK 0001594686),0001594686-21-000013:a2021q1ex992supplemental.htm,0001594686
2021-05-18,8-K,CBL & ASSOCIATES PROPERTIES INC  (CBL)  (CIK 0000910612),0001564590-21-028751:cbl-ex992_6.htm,0000910612
2021-05-21,8-K,"FOOT LOCKER, INC.  (FL)  (CIK 0000850209)",0001539497-21-000738:exh99-1.htm,0000850209
2021-05-26,8-K,CBL & ASSOCIATES PROPERTIES INC  (CBL)  (CIK 0000910612),0001564590-21-029943:cbl-ex992_7.htm,0000910612
2021-06-14,FWP,BENCHMARK 2021-B27 MORTGAGE TRUST  (CIK 0001862080),0001539497-21-000857:n2597-x4_ts.htm,0001862080
2021-06-15,424H,CITIGROUP COMMERCIAL MORTGAGE SECURITIES INC  (CIK 000125836,0001539497-21-000871:n2597-x8_424h.htm,0001258361
2021-06-24,424H,Morgan Stanley Capital I Inc.  (CIK 0001547361),0001539497-21-000927:n2612_424h-x4.htm,0001547361
2021-06-24,FWP,Morgan Stanley Capital I Trust 2021-L6  (CIK 0001866493),0001539497-21-000923:n2612-x3ts.htm,0001866493
2021-06-29,424B2,CITIGROUP COMMERCIAL MORTGAGE SECURITIES INC  (CIK 000125836,0001539497-21-000943:n2597-x11_424b2.htm,0001258361
2021-07-13,424B2,Morgan Stanley Capital I Inc.  (CIK 0001547361),0001539497-21-001027:n2612-x15_424b2.htm,0001547361
2021-08-02,8-K,"FOOT LOCKER, INC.  (FL)  (CIK 0000850209)",0001539497-21-001156:exhibit99-1_wss.htm,0000850209
2021-08-05,8-K,PENNSYLVANIA REAL ESTATE INVESTMENT TRUST  (CIK 0000077281),0001564590-21-041524:pei-ex991_81.htm,0000077281
2021-08-09,8-K,WASHINGTON PRIME GROUP INC.  (CIK 0001594686),0001594686-21-000019:a2021q2ex992supplemental.htm,0001594686
2021-08-20,8-K,"FOOT LOCKER, INC.  (FL)  (CIK 0000850209)",0001539497-21-001261:exhibit99-1.htm,0000850209
2021-09-20,424H,Banc of America Merrill Lynch Commercial Mortgage Inc.  (CIK,0001539497-21-001412:n2711_x5-424h.htm,0001005007
2021-09-20,8-K,"FOOT LOCKER, INC.  (FL)  (CIK 0000850209)",0001539497-21-001385:exh99-1.htm,0000850209
2021-09-20,FWP,BANK 2021-BNK36  (CIK 0001880921),0001539497-21-001400:n2711_x3-ts.htm,0001880921
2021-10-07,424B2,Banc of America Merrill Lynch Commercial Mortgage Inc.  (CIK,0001539497-21-001533:n2711-x11_424b2.htm,0001005007
2021-11-01,8-K,"FOOT LOCKER, INC.  (FL)  (CIK 0000850209)",0001539497-21-001675:exh99-1.htm,0000850209
2021-11-04,424H,WELLS FARGO COMMERCIAL MORTGAGE SECURITIES INC  (CIK 0000850,0001539497-21-001716:n2785-x7_424h.htm,0000850779
2021-11-04,8-K,PENNSYLVANIA REAL ESTATE INVESTMENT TRUST  (CIK 0000077281),0000950170-21-003126:pei-ex99_1.htm,0000077281
2021-11-04,FWP,BANK 2021-BNK37  (CIK 0001889297),0001539497-21-001714:n2785-x6_ts.htm,0001889297
2021-11-19,8-K,"FOOT LOCKER, INC.  (FL)  (CIK 0000850209)",0001539497-21-001888:n2655_x8exh99-1.htm,0000850209
2021-11-22,424B2,WELLS FARGO COMMERCIAL MORTGAGE SECURITIES INC  (CIK 0000850,0001539497-21-001909:n2785-x15_424b2.htm,0000850779
2022-01-18,424H,Banc of America Merrill Lynch Commercial Mortgage Inc.  (CIK,0001539497-22-000091:n2893-x5_424h.htm,0001005007
2022-01-18,FWP,BANK 2022-BNK39  (CIK 0001902565),0001539497-22-000071:n2893-x3_ts.htm,0001902565
2022-02-10,424B2,Banc of America Merrill Lynch Commercial Mortgage Inc.  (CIK,0001539497-22-000320:n2893-x11_424b2.htm,0001005007
2022-02-25,10-K,"Empire State Realty OP, L.P.  (ESBA, FISK, OGCP)  (CIK 00015",0001628280-22-003947:esrt-20211231.htm,0001553079
2022-02-25,10-K,"Empire State Realty Trust, Inc.  (ESRT)  (CIK 0001541401)",0001628280-22-003942:esrt-20211231.htm,0001541401
2022-02-25,10-K,MACERICH CO  (MAC)  (CIK 0000912242),0000912242-22-000003:mac-20211231.htm,0000912242
2022-02-25,8-K,"FOOT LOCKER, INC.  (FL)  (CIK 0000850209)",0001539497-22-000519:n2655_x11exh99-1.htm,0000850209
2022-02-25,8-K,"FOOT LOCKER, INC.  (FL)  (CIK 0000850209)",0001539497-22-000519:n2655_x11exh99-2.htm,0000850209
2022-03-15,10-K,PENNSYLVANIA REAL ESTATE INVESTMENT TRUST  (CIK 0000077281),0000950170-22-003786:pei-20211231.htm,0000077281
2022-03-15,8-K,PENNSYLVANIA REAL ESTATE INVESTMENT TRUST  (CIK 0000077281),0000950170-22-003788:pei-ex99_1.htm,0000077281
2022-03-18,424H,Morgan Stanley Capital I Inc.  (CIK 0001547361),0001539497-22-000657:n3018_x4-424h.htm,0001547361
2022-03-18,FWP,Morgan Stanley Capital I Trust 2022-L8  (CIK 0001912724),0001539497-22-000649:n3018_x2-a1.htm,0001912724
2022-03-24,10-K,"FOOT LOCKER, INC.  (FL)  (CIK 0000850209)",0000850209-22-000003:fl-20220129x10k.htm,0000850209
2022-03-24,424H,DEUTSCHE MORTGAGE & ASSET RECEIVING CORP  (CIK 0001013454),0001539497-22-000690:n3021_x4-424h.htm,0001013454
2022-03-24,FWP,Benchmark 2022-B34 Mortgage Trust  (CIK 0001912509),0001539497-22-000679:n3021-x3_ts.htm,0001912509
2022-03-31,10-K,CBL & ASSOCIATES PROPERTIES INC  (CBL)  (CIK 0000910612),0001564590-22-013053:cbl-10k_20211231.htm,0000910612
2022-04-07,424B2,Morgan Stanley Capital I Inc.  (CIK 0001547361),0001539497-22-000775:n3018_x10-424b2.htm,0001547361
2022-04-14,424B2,DEUTSCHE MORTGAGE & ASSET RECEIVING CORP  (CIK 0001013454),0001539497-22-000827:n3021_x13-424b2.htm,0001013454
2022-05-05,8-K,PENNSYLVANIA REAL ESTATE INVESTMENT TRUST  (CIK 0000077281),0000950170-22-007928:pei-ex99_1.htm,0000077281
2022-05-20,8-K,"FOOT LOCKER, INC.  (FL)  (CIK 0000850209)",0000850209-22-000006:exh99-1.htm,0000850209
2022-05-20,8-K,"FOOT LOCKER, INC.  (FL)  (CIK 0000850209)",0000850209-22-000006:exh99-2.htm,0000850209
2022-07-11,8-K,SHOE CARNIVAL INC  (SCVL)  (CIK 0000895447),0000950170-22-012594:scvl-ex10_1.htm,0000895447
2022-08-05,424B2,"UBS AG  (AMNA, AMND, AMTR, AMUB, BDCX, BDCZ, CEFD, DJCB, ESU",0001839882-22-017549:ubs2000079591_424b2-08789.htm,0001114446
2022-08-09,8-K,PENNSYLVANIA REAL ESTATE INVESTMENT TRUST  (CIK 0000077281),0000950170-22-016103:pei-ex99_1.htm,0000077281
2022-08-19,8-K,"FOOT LOCKER, INC.  (FL)  (CIK 0000850209)",0001539497-22-001458:exh99-1.htm,0000850209
2022-08-19,8-K,"FOOT LOCKER, INC.  (FL)  (CIK 0000850209)",0001539497-22-001458:exh99-2.htm,0000850209
2022-08-19,8-K,"FOOT LOCKER, INC.  (FL)  (CIK 0000850209)",0001539497-22-001461:exh99-1.htm,0000850209
2022-08-30,424B2,"UBS AG  (AMNA, AMND, AMTR, AMUB, BDCX, BDCZ, CEFD, DJCB, ESU",0001839882-22-019293:ubs2000080665_424b2-09574.htm,0001114446
2022-10-18,424H,GS MORTGAGE SECURITIES CORP II  (CIK 0001004158),0001539497-22-001677:n3300-x7_424h.htm,0001004158
2022-10-18,FWP,Benchmark 2022-B37 Mortgage Trust  (CIK 0001946375),0001539497-22-001671:n3300_x3-ts.htm,0001946375
2022-11-03,424B2,GS MORTGAGE SECURITIES CORP II  (CIK 0001004158),0001539497-22-001737:n3300-x16_424b2.htm,0001004158
2022-11-09,424H,3650 REIT Commercial Mortgage Securities II LLC  (CIK 000185,0001539497-22-001768:n3331-x4_424h.htm,0001856217
2022-11-09,8-K,PENNSYLVANIA REAL ESTATE INVESTMENT TRUST  (CIK 0000077281),0000950170-22-023959:pei-ex99_1.htm,0000077281
2022-11-09,FWP,3650R 2022-PF2 Commercial Mortgage Trust  (CIK 0001948175),0001539497-22-001770:n3331-x3ts.htm,0001948175
2022-11-18,8-K,"FOOT LOCKER, INC.  (FL)  (CIK 0000850209)",0001539497-22-001831:n3367-x1exh99_1.htm,0000850209
2022-11-18,8-K,"FOOT LOCKER, INC.  (FL)  (CIK 0000850209)",0001539497-22-001831:n3367-x1exh99_2.htm,0000850209
2022-11-30,424B2,3650 REIT Commercial Mortgage Securities II LLC  (CIK 000185,0001539497-22-001884:n3331-x11_424b2.htm,0001856217
2023-02-24,10-K,MACERICH CO  (MAC)  (CIK 0000912242),0000912242-23-000007:mac-20221231.htm,0000912242
2023-02-28,10-K,"Empire State Realty OP, L.P.  (ESBA, FISK, OGCP)  (CIK 00015",0001628280-23-005414:esrt-20221231.htm,0001553079
2023-02-28,10-K,"Empire State Realty Trust, Inc.  (ESRT)  (CIK 0001541401)",0001628280-23-005408:esrt-20221231.htm,0001541401
2023-03-01,10-K,CBL & ASSOCIATES PROPERTIES INC  (CBL)  (CIK 0000910612),0000950170-23-005470:cbl-20221231.htm,0000910612
2023-03-01,424B3,CBL & ASSOCIATES PROPERTIES INC  (CBL)  (CIK 0000910612),0000950170-23-005474:cbl-424b3_prosupp17.htm,0000910612
2023-03-20,8-K,"FOOT LOCKER, INC.  (FL)  (CIK 0000850209)",0001539497-23-000465:exh99-1.htm,0000850209
2023-03-20,8-K,"FOOT LOCKER, INC.  (FL)  (CIK 0000850209)",0001539497-23-000465:exh99-2.htm,0000850209
2023-03-22,8-K,PENNSYLVANIA REAL ESTATE INVESTMENT TRUST  (CIK 0000077281),0000950170-23-009232:pret-ex99_1.htm,0000077281
2023-03-27,10-K,"FOOT LOCKER, INC.  (FL)  (CIK 0000850209)",0000850209-23-000006:fl-20230128x10k.htm,0000850209
2023-03-27,10-K,PENNSYLVANIA REAL ESTATE INVESTMENT TRUST  (CIK 0000077281),0000950170-23-010004:pret-20221231.htm,0000077281
2023-05-02,FWP,Benchmark 2023-V2 Mortgage Trust  (CIK 0001970781),0001539497-23-000794:n3566_x2-premktts.htm,0001970781
2023-05-03,FWP,Benchmark 2023-V2 Mortgage Trust  (CIK 0001970781),0001539497-23-000828:n3566_x5-ts.htm,0001970781
2023-05-04,424H,CITIGROUP COMMERCIAL MORTGAGE SECURITIES INC  (CIK 000125836,0001539497-23-000844:n3566-x9_424h.htm,0001258361
2023-05-04,8-K,PENNSYLVANIA REAL ESTATE INVESTMENT TRUST  (CIK 0000077281),0000950170-23-017943:pret-ex99_1.htm,0000077281
2023-05-11,424H,Morgan Stanley Capital I Inc.  (CIK 0001547361),0001539497-23-000883:n3582_x4-424h.htm,0001547361
2023-05-11,FWP,MSWF Commercial Mortgage Trust 2023-1  (CIK 0001974587),0001539497-23-000877:n3582-x2_anxa1.htm,0001974587
2023-05-11,FWP,MSWF Commercial Mortgage Trust 2023-1  (CIK 0001974587),0001539497-23-000879:n3582_x3-ts.htm,0001974587
2023-05-19,8-K,"FOOT LOCKER, INC.  (FL)  (CIK 0000850209)",0001437749-23-015183:ex_493500.htm,0000850209
2023-05-25,424B2,"BARCLAYS BANK PLC  (DJP, GRN, VXX, VXZ, ATMP, BWVTF, COWTF, ",0001481057-23-003547:form424b2.htm,0000312070
2023-05-25,424B2,CITIGROUP COMMERCIAL MORTGAGE SECURITIES INC  (CIK 000125836,0001539497-23-001002:n3566_x13-424b2.htm,0001258361
2023-05-25,424B2,Morgan Stanley Capital I Inc.  (CIK 0001547361),0001539497-23-001012:n3582_x12-424b2.htm,0001547361
2023-05-30,424B2,"BARCLAYS BANK PLC  (DJP, GRN, VXX, VXZ, ATMP, BWVTF, COWTF, ",0001481057-23-003667:form424b2.htm,0000312070
2023-06-20,424H,Morgan Stanley Capital I Inc.  (CIK 0001547361),0001539497-23-001134:n3498_x4-424h.htm,0001547361
2023-06-20,FWP,BANK5 2023-5YR2  (CIK 0001979748),0001539497-23-001126:n3498_x3-ts.htm,0001979748
2023-07-11,424B2,Morgan Stanley Capital I Inc.  (CIK 0001547361),0001539497-23-001217:n3498_x11-424b2.htm,0001547361
2023-07-20,FWP,BANK 2023-BNK46  (CIK 0001984262),0001539497-23-001268:n3701-x1_premrktts.htm,0001984262
2023-07-20,FWP,BMO 2023-5C1 Mortgage Trust  (CIK 0001984246),0001539497-23-001272:n3688-x2_premktts.htm,0001984246
2023-07-24,424H,BMO Commercial Mortgage Securities LLC  (CIK 0001861132),0001539497-23-001299:n3688-x7_424h.htm,0001861132
2023-07-24,FWP,BMO 2023-5C1 Mortgage Trust  (CIK 0001984246),0001539497-23-001292:n3688-x6_ts.htm,0001984246
2023-07-24,FWP,BMO 2023-5C1 Mortgage Trust  (CIK 0001984246),0001539497-23-001298:n3688-x3_anxa1.htm,0001984246
2023-07-28,424H,WELLS FARGO COMMERCIAL MORTGAGE SECURITIES INC  (CIK 0000850,0001539497-23-001334:n3701_x8-424h.htm,0000850779
2023-07-28,FWP,BANK 2023-BNK46  (CIK 0001984262),0001539497-23-001319:n3701_x5-ts.htm,0001984262
2023-08-03,8-K,PENNSYLVANIA REAL ESTATE INVESTMENT TRUST  (CIK 0000077281),0000950170-23-038140:pret-ex99_1.htm,0000077281
2023-08-10,424B2,WELLS FARGO COMMERCIAL MORTGAGE SECURITIES INC  (CIK 0000850,0001539497-23-001390:n3701-x16_424b2.htm,0000850779
2023-08-16,424B2,BMO Commercial Mortgage Securities LLC  (CIK 0001861132),0001539497-23-001475:n3688_x15-424b2.htm,0001861132
2023-08-23,8-K,"FOOT LOCKER, INC.  (FL)  (CIK 0000850209)",0001437749-23-024485:ex_538600.htm,0000850209
2023-09-12,424H,Banc of America Merrill Lynch Commercial Mortgage Inc.  (CIK,0001539497-23-001585:n3753-x6_424h.htm,0001005007
2023-09-12,FWP,BANK5 2023-5YR3  (CIK 0001991524),0001539497-23-001573:n3753-x5ts.htm,0001991524
2023-09-21,424B2,Banc of America Merrill Lynch Commercial Mortgage Inc.  (CIK,0001539497-23-001628:n3753-x11_424b2.htm,0001005007
2023-10-16,424H,BMO Commercial Mortgage Securities LLC  (CIK 0001861132),0001539497-23-001752:n3819_x7-424h.htm,0001861132
2023-10-16,FWP,BMO 2023-5C2 Mortgage Trust  (CIK 0001994754),0001539497-23-001734:n3819_x3-ts.htm,0001994754
2023-10-16,FWP,BMO 2023-5C2 Mortgage Trust  (CIK 0001994754),0001539497-23-001748:n3819-x5ts.htm,0001994754
2023-10-24,424B2,BMO Commercial Mortgage Securities LLC  (CIK 0001861132),0001539497-23-001790:n3819-x14_424b2.htm,0001861132
2023-11-13,424H,Barclays Commercial Mortgage Securities LLC  (CIK 0001541480,0001539497-23-001890:n3849_x6-424h.htm,0001541480
2023-11-13,FWP,BBCMS Mortgage Trust 2023-5C23  (CIK 0001998392),0001539497-23-001888:n3849_x5-ts.htm,0001998392
2023-11-14,8-K,PENNSYLVANIA REAL ESTATE INVESTMENT TRUST  (CIK 0000077281),0000950170-23-063357:pret-ex99_1.htm,0000077281
2023-11-17,FWP,BANK5 2023-5YR4  (CIK 0001996001),0001539497-23-001956:n3807_x3-premktts.htm,0001996001
2023-11-20,424B2,Barclays Commercial Mortgage Securities LLC  (CIK 0001541480,0001539497-23-001972:n3849_x12-424b2.htm,0001541480
2023-11-27,424H,WELLS FARGO COMMERCIAL MORTGAGE SECURITIES INC  (CIK 0000850,0001539497-23-002016:n3807-x7_424h.htm,0000850779
2023-11-27,FWP,BANK5 2023-5YR4  (CIK 0001996001),0001539497-23-002007:n3807-x6_ts.htm,0001996001
2023-11-28,8-K,GENESCO INC  (GCO)  (CIK 0000018498),0000950170-23-066241:gco-ex99_1.htm,0000018498
2023-11-29,8-K,"FOOT LOCKER, INC.  (FL)  (CIK 0000850209)",0001437749-23-033140:ex_568547.htm,0000850209
2023-12-04,424B2,WELLS FARGO COMMERCIAL MORTGAGE SECURITIES INC  (CIK 0000850,0001539497-23-002091:n3807_x16-424b2.htm,0000850779
2024-01-16,424H,DEUTSCHE MORTGAGE & ASSET RECEIVING CORP  (CIK 0001013454),0001539497-24-000038:n3970-x4_424h.htm,0001013454
2024-01-16,FWP,Benchmark 2024-V5 Mortgage Trust  (CIK 0002004982),0001539497-24-000031:n3970-x3_ts.htm,0002004982
2024-01-19,FWP,BMO 2024-5C3 Mortgage Trust  (CIK 0002006440),0001539497-24-000056:n3980_x1-premktts.htm,0002006440
2024-01-22,424H,BMO Commercial Mortgage Securities LLC  (CIK 0001861132),0001539497-24-000076:n3980_x7-424h.htm,0001861132
2024-01-22,FWP,BMO 2024-5C3 Mortgage Trust  (CIK 0002006440),0001539497-24-000081:n3980-x6ts.htm,0002006440
2024-01-23,424B2,DEUTSCHE MORTGAGE & ASSET RECEIVING CORP  (CIK 0001013454),0001539497-24-000093:n3970-x13_424b2.htm,0001013454
2024-01-25,424H,Morgan Stanley Capital I Inc.  (CIK 0001547361),0001539497-24-000119:n3991_x5-424h.htm,0001547361
2024-01-25,FWP,BANK5 2024-5YR5  (CIK 0002006016),0001539497-24-000111:n3991-x3_annexa1.htm,0002006016
2024-01-25,FWP,BANK5 2024-5YR5  (CIK 0002006016),0001539497-24-000113:n3991-x4_ts.htm,0002006016
2024-01-29,424B2,BMO Commercial Mortgage Securities LLC  (CIK 0001861132),0001539497-24-000142:n3980_x13-424b2.htm,0001861132
2024-02-01,424B2,Morgan Stanley Capital I Inc.  (CIK 0001547361),0001539497-24-000185:n3991-x14_424b2.htm,0001547361
2024-02-26,10-K,MACERICH CO  (MAC)  (CIK 0000912242),0000912242-24-000026:mac-20231231.htm,0000912242
2024-02-29,10-K,CBL & ASSOCIATES PROPERTIES INC  (CBL)  (CIK 0000910612),0000950170-24-023267:cbl-20231231.htm,0000910612
2024-03-06,8-K,"FOOT LOCKER, INC.  (FL)  (CIK 0000850209)",0001437749-24-006709:ex_612817.htm,0000850209
2024-03-11,424H,GS MORTGAGE SECURITIES CORP II  (CIK 0001004158),0001539497-24-000651:n4053-x6424h.htm,0001004158
2024-03-11,FWP,Benchmark 2024-V6 Mortgage Trust  (CIK 0002012265),0001539497-24-000643:n4053-x5ts.htm,0002012265
2024-03-12,424H,Barclays Commercial Mortgage Securities LLC  (CIK 0001541480,0001539497-24-000668:n4076-x6424h.htm,0001541480
2024-03-12,FWP,BBCMS Mortgage Trust 2024-5C25  (CIK 0002013825),0001539497-24-000661:n4076_x4anxa1.htm,0002013825
2024-03-12,FWP,BBCMS Mortgage Trust 2024-5C25  (CIK 0002013825),0001539497-24-000663:n4076-x5ts.htm,0002013825
2024-03-18,424B2,GS MORTGAGE SECURITIES CORP II  (CIK 0001004158),0001539497-24-000729:n4053_x21-424b2.htm,0001004158
2024-03-19,424B2,Barclays Commercial Mortgage Securities LLC  (CIK 0001541480,0001539497-24-000737:n4076-x14_424b2.htm,0001541480
2024-03-27,10-K,GENESCO INC  (GCO)  (CIK 0000018498),0000950170-24-036902:gco-20240203.htm,0000018498
2024-03-28,10-K,"FOOT LOCKER, INC.  (FL)  (CIK 0000850209)",0001437749-24-009866:floc20240203_10k.htm,0000850209
2024-04-15,FWP,BMO 2024-5C4 Mortgage Trust  (CIK 0002016125),0001539497-24-000835:n4188_x1-premktts.htm,0002016125
2024-04-19,424H,BMO Commercial Mortgage Securities LLC  (CIK 0001861132),0001539497-24-000876:n4188-x7_424h.htm,0001861132
2024-04-19,FWP,BMO 2024-5C4 Mortgage Trust  (CIK 0002016125),0001539497-24-000872:n4188-x6_ts.htm,0002016125
2024-04-26,424B2,BMO Commercial Mortgage Securities LLC  (CIK 0001861132),0001539497-24-000926:n4188-x13_424b2.htm,0001861132
2024-05-30,8-K,"FOOT LOCKER, INC.  (FL)  (CIK 0000850209)",0001437749-24-018653:ex_657512.htm,0000850209
2024-05-30,8-K,"FOOT LOCKER, INC.  (FL)  (CIK 0000850209)",0001437749-24-018653:ex_657513.htm,0000850209
2024-08-07,FWP,Benchmark 2024-V9 Mortgage Trust  (CIK 0002030476),0001539497-24-001583:n4397_x3-ts.htm,0002030476
2024-08-08,424H,GS MORTGAGE SECURITIES CORP II  (CIK 0001004158),0001539497-24-001599:n4397_x8-424h.htm,0001004158
2024-08-12,FWP,BANK5 2024-5YR9  (CIK 0002032772),0001539497-24-001620:n4440_x3-premktts.htm,0002032772
2024-08-14,424H,JP MORGAN CHASE COMMERCIAL MORTGAGE SECURITIES CORP  (CIK 00,0001539497-24-001702:n4440_x10-424h.htm,0001013611
2024-08-14,FWP,BANK5 2024-5YR9  (CIK 0002032772),0001539497-24-001672:n4440_x6-ts.htm,0002032772
2024-08-15,424B2,GS MORTGAGE SECURITIES CORP II  (CIK 0001004158),0001539497-24-001728:n4397_x28-424b2.htm,0001004158
2024-08-21,424B2,JP MORGAN CHASE COMMERCIAL MORTGAGE SECURITIES CORP  (CIK 00,0001539497-24-001776:n4440_x19-424b2.htm,0001013611
2024-08-28,8-K,"FOOT LOCKER, INC.  (FL)  (CIK 0000850209)",0001437749-24-027886:ex_692506.htm,0000850209
2024-08-28,8-K,"FOOT LOCKER, INC.  (FL)  (CIK 0000850209)",0001437749-24-027886:ex_718946.htm,0000850209
2024-09-11,424H,Barclays Commercial Mortgage Securities LLC  (CIK 0001541480,0001539497-24-001907:n4462_x6-424h.htm,0001541480
2024-09-11,FWP,BBCMS Mortgage Trust 2024-5C29  (CIK 0002034721),0001539497-24-001903:n4462_x5-ts.htm,0002034721
2024-09-18,424B2,Barclays Commercial Mortgage Securities LLC  (CIK 0001541480,0001539497-24-001951:n4462_x12-424b2.htm,0001541480
2024-09-26,424H,WELLS FARGO COMMERCIAL MORTGAGE SECURITIES INC  (CIK 0000850,0001539497-24-002023:n4517_x5-424h.htm,0000850779
2024-09-26,FWP,BANK5 2024-5YR10  (CIK 0002037111),0001539497-24-002013:n4517_x2-ts.htm,0002037111
2024-10-04,424B2,WELLS FARGO COMMERCIAL MORTGAGE SECURITIES INC  (CIK 0000850,0001539497-24-002109:n4517_x22-424b2.htm,0000850779
2024-10-11,424H,BMO Commercial Mortgage Securities LLC  (CIK 0001861132),0001539497-24-002155:n4562_x7-424h.htm,0001861132
2024-10-11,FWP,BMO 2024-5C7 Mortgage Trust  (CIK 0002038433),0001539497-24-002151:n4562_x6-ts.htm,0002038433
2024-10-16,FWP,BMO 2024-C10 Mortgage Trust  (CIK 0002038432),0001539497-24-002163:n4575-x3premrktts.htm,0002038432
2024-10-18,424H,BMO Commercial Mortgage Securities LLC  (CIK 0001861132),0001539497-24-002177:n4575_x7-424h.htm,0001861132
2024-10-18,FWP,BMO 2024-C10 Mortgage Trust  (CIK 0002038432),0001539497-24-002179:n4575-x6ts.htm,0002038432
2024-10-21,424B2,BMO Commercial Mortgage Securities LLC  (CIK 0001861132),0001539497-24-002197:n4562_x13-424b2.htm,0001861132
2024-10-21,8-K,"Empire State Realty Trust, Inc.  (ESRT)  (CIK 0001541401)",0001104659-24-110234:tm2426530d1_ex99-2.htm,0001541401
2024-10-21,FWP,BMO 2024-C10 Mortgage Trust  (CIK 0002038432),0001539497-24-002191:n4575_x5-anxa1.htm,0002038432
2024-10-28,424B2,BMO Commercial Mortgage Securities LLC  (CIK 0001861132),0001539497-24-002260:n4575_x13-424b2.htm,0001861132
2024-10-28,424H,Barclays Commercial Mortgage Securities LLC  (CIK 0001541480,0001539497-24-002274:n4543-x6_424h.htm,0001541480
2024-10-28,FWP,BBCMS Mortgage Trust 2024-C30  (CIK 0002039612),0001539497-24-002268:n4543-x5_ts.htm,0002039612
2024-11-04,424B2,Barclays Commercial Mortgage Securities LLC  (CIK 0001541480,0001539497-24-002323:n4543_x13-424b2.htm,0001541480
2024-11-04,8-K,SHOE CARNIVAL INC  (SCVL)  (CIK 0000895447),0000950170-24-120717:scvl-ex10_1.htm,0000895447
2024-11-04,8-K,SHOE CARNIVAL INC  (SCVL)  (CIK 0000895447),0000950170-24-120717:scvl-ex10_2.htm,0000895447
2024-11-04,8-K,SHOE CARNIVAL INC  (SCVL)  (CIK 0000895447),0000950170-24-120717:scvl-ex10_3.htm,0000895447
2024-11-04,8-K,SHOE CARNIVAL INC  (SCVL)  (CIK 0000895447),0000950170-24-120717:scvl-ex10_4.htm,0000895447
2024-12-04,8-K,"FOOT LOCKER, INC.  (FL)  (CIK 0000850209)",0001437749-24-036642:ex_725404.htm,0000850209
2024-12-04,8-K,"FOOT LOCKER, INC.  (FL)  (CIK 0000850209)",0001437749-24-036642:ex_753769.htm,0000850209
2024-12-11,424B2,"BARCLAYS BANK PLC  (DJP, GRN, VXX, VXZ, ATMP, BWVTF, COWTF, ",0001481057-24-015470:form424b2.htm,0000312070
2024-12-13,424B2,"BARCLAYS BANK PLC  (DJP, GRN, VXX, VXZ, ATMP, BWVTF, COWTF, ",0001481057-24-015515:form424b2.htm,0000312070
2024-12-20,FWP,BMO 2025-5C9 Mortgage Trust  (CIK 0002048804),0001539497-24-002692:n4728-x1_fwp.htm,0002048804
2025-01-14,8-K,"FOOT LOCKER, INC.  (FL)  (CIK 0000850209)",0001104659-25-003253:tm253225d1_ex99-1.htm,0000850209
2025-01-28,424B2,"BARCLAYS BANK PLC  (DJP, GRN, VXX, VXZ, ATMP, BWVTF, COWTF, ",0001918704-25-001078:form424b2.htm,0000312070
2025-01-30,424B2,"BARCLAYS BANK PLC  (DJP, GRN, VXX, VXZ, ATMP, BWVTF, COWTF, ",0001918704-25-001401:form424b2.htm,0000312070
2025-02-03,FWP,Benchmark 2025-V13 Mortgage Trust  (CIK 0002049534),0001539497-25-000267:n4807-x8_x8heraldsq.htm,0002049534
2025-02-19,8-K,"Empire State Realty Trust, Inc.  (ESRT)  (CIK 0001541401)",0001104659-25-015176:tm256999d1_ex99-2.htm,0001541401
2025-02-28,10-K,"Empire State Realty OP, L.P.  (ESBA, FISK, OGCP)  (CIK 00015",0001553079-25-000005:esrt-20241231.htm,0001553079
2025-02-28,10-K,"Empire State Realty Trust, Inc.  (ESRT)  (CIK 0001541401)",0001541401-25-000003:esrt-20241231.htm,0001541401
2025-02-28,10-K,MACERICH CO  (MAC)  (CIK 0000912242),0000912242-25-000023:mac-20241231.htm,0000912242
2025-03-03,10-K,CBL & ASSOCIATES PROPERTIES INC  (CBL)  (CIK 0000910612),0000950170-25-030677:cbl-20241231.htm,0000910612
2025-03-03,424H,Morgan Stanley Capital I Inc.  (CIK 0001547361),0001539497-25-000825:n4886_x4-424h.htm,0001547361
2025-03-03,FWP,Morgan Stanley Bank of America Merrill Lynch Trust 2025-5C1 ,0001539497-25-000815:n4886_x2-annexa1.htm,0002056713
2025-03-03,FWP,Morgan Stanley Bank of America Merrill Lynch Trust 2025-5C1 ,0001539497-25-000819:n4886_x3-ts.htm,0002056713
2025-03-05,424B2,"BARCLAYS BANK PLC  (DJP, GRN, VXX, VXZ, ATMP, GBUG, BWVTF, C",0001918704-25-004057:form424b2.htm,0000312070
2025-03-05,8-K,"FOOT LOCKER, INC.  (FL)  (CIK 0000850209)",0001437749-25-006218:ex_757226.htm,0000850209
2025-03-05,8-K,"FOOT LOCKER, INC.  (FL)  (CIK 0000850209)",0001437749-25-006218:ex_757227.htm,0000850209
2025-03-13,424B2,Morgan Stanley Capital I Inc.  (CIK 0001547361),0001539497-25-000934:n4886_x14-424b2.htm,0001547361
2025-03-26,10-K,GENESCO INC  (GCO)  (CIK 0000018498),0000950170-25-044864:gco-20250201.htm,0000018498
2025-03-27,10-K,"FOOT LOCKER, INC.  (FL)  (CIK 0000850209)",0001437749-25-009620:floc20241213_10k.htm,0000850209
2025-04-29,8-K,"Empire State Realty Trust, Inc.  (ESRT)  (CIK 0001541401)",0001104659-25-041274:tm2513429d1_ex99-2.htm,0001541401
2025-05-15,8-K,"DICK'S SPORTING GOODS, INC.  (DKS)  (CIK 0001089063)",0001193125-25-120243:d830209dex992.htm,0001089063
2025-05-15,8-K,"FOOT LOCKER, INC.  (FL)  (CIK 0000850209)",0001104659-25-048852:tm2515123d1_ex99-1.htm,0000850209
2025-05-15,8-K,"FOOT LOCKER, INC.  (FL)  (CIK 0000850209)",0001104659-25-048852:tm2515123d1_ex99-2.htm,0000850209
2025-05-29,8-K,"FOOT LOCKER, INC.  (FL)  (CIK 0000850209)",0001437749-25-018728:ex_786756.htm,0000850209
2025-07-11,424B3,"DICK'S SPORTING GOODS, INC.  (DKS)  (CIK 0001089063)",0001140361-25-025528:ny20050218x6_424b3.htm,0001089063
2025-07-23,8-K,"Empire State Realty Trust, Inc.  (ESRT)  (CIK 0001541401)",0001541401-25-000025:a2q25supplement.htm,0001541401
2025-08-27,8-K,"FOOT LOCKER, INC.  (FL)  (CIK 0000850209)",0001437749-25-027792:ex_834296.htm,0000850209
2025-09-19,FWP,BMO 2025-C13 Mortgage Trust  (CIK 0002061838),0001539497-25-002413:n5303_x2-premrktts.htm,0002061838
2025-09-22,424H,BMO Commercial Mortgage Securities LLC  (CIK 0001861132),0001539497-25-002442:n5303_x7-424h.htm,0001861132
2025-09-22,FWP,BMO 2025-C13 Mortgage Trust  (CIK 0002061838),0001539497-25-002439:n5303_x6-ts.htm,0002061838
2025-09-25,8-K,SHOE CARNIVAL INC  (SCVL)  (CIK 0000895447),0001193125-25-217451:scvl-ex10_1.htm,0000895447
2025-09-30,424B2,BMO Commercial Mortgage Securities LLC  (CIK 0001861132),0001539497-25-002551:n5303_x13-424b2.htm,0001861132
2025-10-29,8-K,"Empire State Realty Trust, Inc.  (ESRT)  (CIK 0001541401)",0001541401-25-000034:a3q25supplement.htm,0001541401
2025-10-31,FWP,BBCMS Mortgage Trust 2025-5C38  (CIK 0002091664),0001539497-25-002823:n5388_x3-ts.htm,0002091664
2025-11-03,424H,Barclays Commercial Mortgage Securities LLC  (CIK 0001541480,0001539497-25-002837:n5388_x4-424h.htm,0001541480
2025-11-10,424B2,Barclays Commercial Mortgage Securities LLC  (CIK 0001541480,0001539497-25-002879:n5388_x11-424b2.htm,0001541480
2025-11-13,424H,WELLS FARGO COMMERCIAL MORTGAGE SECURITIES INC  (CIK 0000850,0001539497-25-002946:n5416_x4-424h.htm,0000850779
2025-11-13,FWP,BANK5 2025-5YR18  (CIK 0002096187),0001539497-25-002924:n5416_x3-ts.htm,0002096187
2025-11-21,424B2,WELLS FARGO COMMERCIAL MORTGAGE SECURITIES INC  (CIK 0000850,0001539497-25-003047:n5416_x23-424b2.htm,0000850779
2025-11-25,8-K,"DICK'S SPORTING GOODS, INC.  (DKS)  (CIK 0001089063)",0001089063-25-000112:dks-20251101xex991earnings.htm,0001089063
2025-12-05,FWP,BANK 2025-BNK51  (CIK 0002098047),0001539497-25-003162:n5486_x3-premkts.htm,0002098047
2025-12-08,424H,WELLS FARGO COMMERCIAL MORTGAGE SECURITIES INC  (CIK 0000850,0001539497-25-003202:n5486_x7-424h.htm,0000850779
2025-12-08,FWP,BANK 2025-BNK51  (CIK 0002098047),0001539497-25-003196:n5486_x6-ts.htm,0002098047
2025-12-10,FWP,BMO 2025-5C13 Mortgage Trust  (CIK 0002061933),0001539497-25-003240:n5505_x2-premktts.htm,0002061933
2025-12-12,424H,BMO Commercial Mortgage Securities LLC  (CIK 0001861132),0001539497-25-003291:n5505_x7-424h.htm,0001861132
2025-12-12,FWP,BMO 2025-5C13 Mortgage Trust  (CIK 0002061933),0001539497-25-003287:n5505_x6-ts.htm,0002061933
2025-12-15,424B2,WELLS FARGO COMMERCIAL MORTGAGE SECURITIES INC  (CIK 0000850,0001539497-25-003299:n5486_x23-424b2.htm,0000850779
2025-12-19,424B2,BMO Commercial Mortgage Securities LLC  (CIK 0001861132),0001539497-25-003317:n5505_x13-424b2.htm,0001861132
2026-01-26,424H,DEUTSCHE MORTGAGE & ASSET RECEIVING CORP  (CIK 0001013454),0001539497-26-000162:n5600_x4-424h.htm,0001013454
2026-01-26,FWP,Benchmark 2026-V20 Mortgage Trust  (CIK 0002106400),0001539497-26-000158:n5600_x3-ts.htm,0002106400
2026-02-02,424B2,DEUTSCHE MORTGAGE & ASSET RECEIVING CORP  (CIK 0001013454),0001539497-26-000245:n5600_x16-424b2.htm,0001013454
2026-02-11,10-K,Urban Edge Properties  (UE)  (CIK 0001611547),0001611547-26-000022:ue-20251231.htm,0001611547
2026-02-17,8-K,"Empire State Realty Trust, Inc.  (ESRT)  (CIK 0001541401)",0001541401-26-000005:a4q25supplement.htm,0001541401
2026-02-20,10-K,MACERICH CO  (MAC)  (CIK 0000912242),0000912242-26-000016:mac-20251231.htm,0000912242
2026-02-25,FWP,BMO 2026-5C14 Mortgage Trust  (CIK 0002063015),0001539497-26-000774:n5711_x2-premktts.htm,0002063015
2026-03-02,10-K,"Empire State Realty OP, L.P.  (ESBA, FISK, OGCP)  (CIK 00015",0001553079-26-000003:esrt-20251231.htm,0001553079
2026-03-02,10-K,"Empire State Realty Trust, Inc.  (ESRT)  (CIK 0001541401)",0001541401-26-000008:esrt-20251231.htm,0001541401
2026-03-03,10-K,CBL & ASSOCIATES PROPERTIES INC  (CBL)  (CIK 0000910612),0001193125-26-087049:cbl-20251231.htm,0000910612
2026-03-03,424H,BMO Commercial Mortgage Securities LLC  (CIK 0001861132),0001539497-26-000837:n5711_x7-424h.htm,0001861132
2026-03-03,FWP,BMO 2026-5C14 Mortgage Trust  (CIK 0002063015),0001539497-26-000833:n5711_x6-ts.htm,0002063015
2026-03-09,8-K,SHOE CARNIVAL INC  (SCVL)  (CIK 0000895447),0001193125-26-098464:scvl-ex10_2.htm,0000895447
2026-03-10,424B2,BMO Commercial Mortgage Securities LLC  (CIK 0001861132),0001539497-26-000907:n5711_x14-424b2.htm,0001861132
2026-03-12,8-K,"DICK'S SPORTING GOODS, INC.  (DKS)  (CIK 0001089063)",0001089063-26-000005:dks-20260131xex991earnings.htm,0001089063
2026-03-25,10-K,GENESCO INC  (GCO)  (CIK 0000018498),0001193125-26-123492:gco-20260131.htm,0000018498
2026-03-26,10-K,SHOE CARNIVAL INC  (SCVL)  (CIK 0000895447),0001193125-26-126279:scvl-ex10_aa.htm,0000895447
2026-03-27,10-K,"DICK'S SPORTING GOODS, INC.  (DKS)  (CIK 0001089063)",0001089063-26-000007:dks-20260131.htm,0001089063
2026-04-29,8-K,"Empire State Realty Trust, Inc.  (ESRT)  (CIK 0001541401)",0001541401-26-000016:a1q26supplement.htm,0001541401
2026-05-04,FWP,Wells Fargo Commercial Mortgage Trust 2026-5C9  (CIK 0002133,0001539497-26-001286:n5864_x2-premrktts.htm,0002133003
2026-05-05,424H,WELLS FARGO COMMERCIAL MORTGAGE SECURITIES INC  (CIK 0000850,0001539497-26-001332:n5864_x7-424h.htm,0000850779
2026-05-05,FWP,Wells Fargo Commercial Mortgage Trust 2026-5C9  (CIK 0002133,0001539497-26-001330:n5864_x5-ts.htm,0002133003
2026-05-12,424B2,WELLS FARGO COMMERCIAL MORTGAGE SECURITIES INC  (CIK 0000850,0001539497-26-001406:n5864_x14-424b2.htm,0000850779
2026-05-27,8-K,"DICK'S SPORTING GOODS, INC.  (DKS)  (CIK 0001089063)",0001089063-26-000021:dks-2026502xex991earningsr.htm,0001089063
2026-06-08,424H,BMO Commercial Mortgage Securities LLC  (CIK 0001861132),0001539497-26-001685:n5939_x5-424h.htm,0001861132
2026-06-08,FWP,BMO 2026-5C15 Mortgage Trust  (CIK 0002128774),0001539497-26-001680:n5939_x4-termsheet.htm,0002128774
2026-06-08,FWP,BMO 2026-5C15 Mortgage Trust  (CIK 0002128774),0001539497-26-001682:n5939_x3-annexa1.htm,0002128774
2026-06-16,424B2,BMO Commercial Mortgage Securities LLC  (CIK 0001861132),0001539497-26-001762:n5939_x10-424b2.htm,0001861132
2026-06-17,424B3,"DICK'S SPORTING GOODS, INC.  (DKS)  (CIK 0001089063)",0001140361-26-025529:ny20075575x3_424b3.htm,0001089063
2026-07-29,8-K,"Empire State Realty Trust, Inc.  (ESRT)  (CIK 0001541401)",0001541401-26-000030:a2q26supplement.htm,0001541401
2026-08-04,424H,BMO Commercial Mortgage Securities LLC  (CIK 0001861132),0001539497-26-002084:n6057_x5-424h.htm,0001861132
2026-08-04,FWP,BMO 2026-5C16 Mortgage Trust  (CIK 0002136643),0001539497-26-002077:n6057_x4-ts.htm,0002136643
2026-08-04,FWP,BMO 2026-5C16 Mortgage Trust  (CIK 0002136643),0001539497-26-002080:n6057_x3-annexa.htm,0002136643
2026-08-12,424H,Morgan Stanley Capital I Inc.  (CIK 0001547361),0001539497-26-002187:n6075_x5-424h.htm,0001547361
2026-08-12,FWP,BANK5 2026-5YR24  (CIK 0002148771),0001539497-26-002183:n6075_x4-ts.htm,0002148771
2026-08-13,424B2,BMO Commercial Mortgage Securities LLC  (CIK 0001861132),0001539497-26-002204:n6057_x11-424b2.htm,0001861132
2026-08-20,424B2,Morgan Stanley Capital I Inc.  (CIK 0001547361),0001539497-26-002322:n6075_x18-424b2.htm,0001547361
2026-08-25,8-K,"DICK'S SPORTING GOODS, INC.  (DKS)  (CIK 0001089063)",0001089063-26-000033:dks-2026801xex991earningsr.htm,0001089063
2026-09-22,424B2,"DICK'S SPORTING GOODS, INC.  (DKS)  (CIK 0001089063)",0001140361-26-037299:ny20082094x2_424b2.htm,0001089063
2026-09-23,424B2,"DICK'S SPORTING GOODS, INC.  (DKS)  (CIK 0001089063)",0001140361-26-037456:ny20082094x4_424b2.htm,0001089063
2026-10-06,424H,Barclays Commercial Mortgage Securities LLC  (CIK 0001541480,0001539497-26-002656:n6166_x5-424h.htm,0001541480
2026-10-06,FWP,BBCMS Mortgage Trust 2026-5C43  (CIK 0002153909),0001539497-26-002652:n6166_x4-ts.htm,0002153909
