date,form,filer,nFL,url
2019-02-20,FWP,Morgan Stanley Capital I Trust 2019-L2  (CIK 0001766660),2,https://www.sec.gov/Archives/edgar/data/1766660/000153949719000306/n1528_ts-x2.htm
2019-02-21,424H,Morgan Stanley Capital I Inc.  (CIK 0001547361),2,https://www.sec.gov/Archives/edgar/data/1547361/000153949719000320/n1528_424h-x6.htm
2019-03-12,424B2,Morgan Stanley Capital I Inc.  (CIK 0001547361),1,https://www.sec.gov/Archives/edgar/data/1547361/000153949719000393/n1528_424b2-x15.htm
2019-07-30,424H,CITIGROUP COMMERCIAL MORTGAGE SECURITIES INC  (CIK 000125836,1,https://www.sec.gov/Archives/edgar/data/1258361/000153949719001247/n1708_x8-424h.htm
2019-08-20,424B2,CITIGROUP COMMERCIAL MORTGAGE SECURITIES INC  (CIK 000125836,1,https://www.sec.gov/Archives/edgar/data/1258361/000153949719001368/n1708_424b2-x13.htm
2019-11-20,424B3,GrowGeneration Corp.  (GRWG)  (CIK 0001604868),3,https://www.sec.gov/Archives/edgar/data/1604868/000121390019024204/f424b3112019b_growgeneration.htm
2020-01-06,424H,GS MORTGAGE SECURITIES CORP II  (CIK 0001004158),1,https://www.sec.gov/Archives/edgar/data/1004158/000153949720000026/n1952_424h-x5.htm
2020-01-06,FWP,GS Mortgage Securities Trust 2020-GC45  (CIK 0001798388),1,https://www.sec.gov/Archives/edgar/data/1798388/000153949720000021/n1952_ts-x3.htm
2020-01-30,424B2,GS MORTGAGE SECURITIES CORP II  (CIK 0001004158),1,https://www.sec.gov/Archives/edgar/data/1004158/000153949720000170/n1952_424b2-x20.htm
2020-01-31,FWP,Benchmark 2020-IG1 Mortgage Trust  (CIK 0001801338),1,https://www.sec.gov/Archives/edgar/data/1801338/000153949720000183/n1982_x2-premktts.htm
2020-02-03,424H,JP MORGAN CHASE COMMERCIAL MORTGAGE SECURITIES CORP  (CIK 00,1,https://www.sec.gov/Archives/edgar/data/1013611/000153949720000210/n1982-x7_424h.htm
2020-02-03,FWP,Benchmark 2020-IG1 Mortgage Trust  (CIK 0001801338),1,https://www.sec.gov/Archives/edgar/data/1801338/000153949720000208/n1982-x5_ts.htm
2020-02-06,FWP,CITIGROUP COMMERCIAL MORTGAGE TRUST 2020-GC46  (CIK 00018002,2,https://www.sec.gov/Archives/edgar/data/1800294/000153949720000251/n1994_x3-premkts.htm
2020-02-06,FWP,CITIGROUP COMMERCIAL MORTGAGE TRUST 2020-GC46  (CIK 00018002,2,https://www.sec.gov/Archives/edgar/data/1800294/000153949720000257/n1994-x4_termsheet.htm
2020-02-07,424H,CITIGROUP COMMERCIAL MORTGAGE SECURITIES INC  (CIK 000125836,2,https://www.sec.gov/Archives/edgar/data/1258361/000153949720000284/n1994_x8-424h.htm
2020-02-26,424B2,CITIGROUP COMMERCIAL MORTGAGE SECURITIES INC  (CIK 000125836,3,https://www.sec.gov/Archives/edgar/data/1258361/000153949720000437/n1994_x11-424b2.htm
2020-02-26,424B2,CITIGROUP COMMERCIAL MORTGAGE SECURITIES INC  (CIK 000125836,3,https://www.sec.gov/Archives/edgar/data/1258361/000153949720000449/n1994_x13-424b2v2.htm
2020-02-28,424B2,JP MORGAN CHASE COMMERCIAL MORTGAGE SECURITIES CORP  (CIK 00,1,https://www.sec.gov/Archives/edgar/data/1013611/000153949720000481/n1982-x19_424b2.htm
2020-03-03,424H,Credit Suisse Commercial Mortgage Securities Corp.  (CIK 000,0,https://www.sec.gov/Archives/edgar/data/1654060/000153949720000520/n2039-x5_424h.htm
2020-03-03,FWP,CSAIL 2020-C19 Commercial Mortgage Trust  (CIK 0001803702),0,https://www.sec.gov/Archives/edgar/data/1803702/000153949720000516/n2039-x4_ts.htm
2020-03-30,424B2,Credit Suisse Commercial Mortgage Securities Corp.  (CIK 000,0,https://www.sec.gov/Archives/edgar/data/1654060/000153949720000606/n2039_424b2-x10.htm
2020-07-01,424B4,GrowGeneration Corp.  (GRWG)  (CIK 0001604868),3,https://www.sec.gov/Archives/edgar/data/1604868/000121390020016453/ea123700-424b4_growgenerat.htm
2020-08-17,424H,DEUTSCHE MORTGAGE & ASSET RECEIVING CORP  (CIK 0001013454),3,https://www.sec.gov/Archives/edgar/data/1013454/000153949720001078/n2272_424h-x4.htm
2020-08-17,FWP,DBJPM 2020-C9 Mortgage Trust  (CIK 0001818254),3,https://www.sec.gov/Archives/edgar/data/1818254/000153949720001072/n2272_ts-x3.htm
2020-08-28,424B2,DEUTSCHE MORTGAGE & ASSET RECEIVING CORP  (CIK 0001013454),2,https://www.sec.gov/Archives/edgar/data/1013454/000153949720001137/n2272_424b2-x14.htm
2020-11-30,424H,WELLS FARGO COMMERCIAL MORTGAGE SECURITIES INC  (CIK 0000850,1,https://www.sec.gov/Archives/edgar/data/850779/000153949720001458/n2368_424h-x7.htm
2020-11-30,FWP,Wells Fargo Commercial Mortgage Trust 2020-C58  (CIK 0001827,1,https://www.sec.gov/Archives/edgar/data/1827054/000153949720001450/n2368-x5_ts.htm
2020-12-16,424B2,WELLS FARGO COMMERCIAL MORTGAGE SECURITIES INC  (CIK 0000850,1,https://www.sec.gov/Archives/edgar/data/850779/000153949720001550/n2368-x15_424b2.htm
2021-06-14,FWP,BENCHMARK 2021-B27 MORTGAGE TRUST  (CIK 0001862080),3,https://www.sec.gov/Archives/edgar/data/1862080/000153949721000857/n2597-x4_ts.htm
2021-06-15,424H,CITIGROUP COMMERCIAL MORTGAGE SECURITIES INC  (CIK 000125836,4,https://www.sec.gov/Archives/edgar/data/1258361/000153949721000871/n2597-x8_424h.htm
2021-06-24,424H,Morgan Stanley Capital I Inc.  (CIK 0001547361),1,https://www.sec.gov/Archives/edgar/data/1547361/000153949721000927/n2612_424h-x4.htm
2021-06-24,FWP,Morgan Stanley Capital I Trust 2021-L6  (CIK 0001866493),1,https://www.sec.gov/Archives/edgar/data/1866493/000153949721000923/n2612-x3ts.htm
2021-06-29,424B2,CITIGROUP COMMERCIAL MORTGAGE SECURITIES INC  (CIK 000125836,5,https://www.sec.gov/Archives/edgar/data/1258361/000153949721000943/n2597-x11_424b2.htm
2021-07-13,424B2,Morgan Stanley Capital I Inc.  (CIK 0001547361),1,https://www.sec.gov/Archives/edgar/data/1547361/000153949721001027/n2612-x15_424b2.htm
2021-09-20,424H,Banc of America Merrill Lynch Commercial Mortgage Inc.  (CIK,1,https://www.sec.gov/Archives/edgar/data/1005007/000153949721001412/n2711_x5-424h.htm
2021-09-20,FWP,BANK 2021-BNK36  (CIK 0001880921),1,https://www.sec.gov/Archives/edgar/data/1880921/000153949721001400/n2711_x3-ts.htm
2021-10-07,424B2,Banc of America Merrill Lynch Commercial Mortgage Inc.  (CIK,1,https://www.sec.gov/Archives/edgar/data/1005007/000153949721001533/n2711-x11_424b2.htm
2021-11-04,424H,WELLS FARGO COMMERCIAL MORTGAGE SECURITIES INC  (CIK 0000850,1,https://www.sec.gov/Archives/edgar/data/850779/000153949721001716/n2785-x7_424h.htm
2021-11-04,FWP,BANK 2021-BNK37  (CIK 0001889297),1,https://www.sec.gov/Archives/edgar/data/1889297/000153949721001714/n2785-x6_ts.htm
2021-11-22,424B2,WELLS FARGO COMMERCIAL MORTGAGE SECURITIES INC  (CIK 0000850,1,https://www.sec.gov/Archives/edgar/data/850779/000153949721001909/n2785-x15_424b2.htm
2022-01-18,424H,Banc of America Merrill Lynch Commercial Mortgage Inc.  (CIK,1,https://www.sec.gov/Archives/edgar/data/1005007/000153949722000091/n2893-x5_424h.htm
2022-01-18,FWP,BANK 2022-BNK39  (CIK 0001902565),1,https://www.sec.gov/Archives/edgar/data/1902565/000153949722000071/n2893-x3_ts.htm
2022-02-10,424B2,Banc of America Merrill Lynch Commercial Mortgage Inc.  (CIK,1,https://www.sec.gov/Archives/edgar/data/1005007/000153949722000320/n2893-x11_424b2.htm
2022-03-18,424H,Morgan Stanley Capital I Inc.  (CIK 0001547361),0,https://www.sec.gov/Archives/edgar/data/1547361/000153949722000657/n3018_x4-424h.htm
2022-03-18,FWP,Morgan Stanley Capital I Trust 2022-L8  (CIK 0001912724),0,https://www.sec.gov/Archives/edgar/data/1912724/000153949722000649/n3018_x2-a1.htm
2022-03-24,424H,DEUTSCHE MORTGAGE & ASSET RECEIVING CORP  (CIK 0001013454),2,https://www.sec.gov/Archives/edgar/data/1013454/000153949722000690/n3021_x4-424h.htm
2022-03-24,FWP,Benchmark 2022-B34 Mortgage Trust  (CIK 0001912509),0,https://www.sec.gov/Archives/edgar/data/1912509/000153949722000679/n3021-x3_ts.htm
2022-04-07,424B2,Morgan Stanley Capital I Inc.  (CIK 0001547361),0,https://www.sec.gov/Archives/edgar/data/1547361/000153949722000775/n3018_x10-424b2.htm
2022-04-14,424B2,DEUTSCHE MORTGAGE & ASSET RECEIVING CORP  (CIK 0001013454),2,https://www.sec.gov/Archives/edgar/data/1013454/000153949722000827/n3021_x13-424b2.htm
2022-08-05,424B2,"UBS AG  (AMNA, AMND, AMTR, AMUB, BDCX, BDCZ, CEFD, DJCB, ESU",6,https://www.sec.gov/Archives/edgar/data/1114446/000183988222017549/ubs2000079591_424b2-08789.htm
2022-08-30,424B2,"UBS AG  (AMNA, AMND, AMTR, AMUB, BDCX, BDCZ, CEFD, DJCB, ESU",6,https://www.sec.gov/Archives/edgar/data/1114446/000183988222019293/ubs2000080665_424b2-09574.htm
2022-10-18,424H,GS MORTGAGE SECURITIES CORP II  (CIK 0001004158),1,https://www.sec.gov/Archives/edgar/data/1004158/000153949722001677/n3300-x7_424h.htm
2022-10-18,FWP,Benchmark 2022-B37 Mortgage Trust  (CIK 0001946375),1,https://www.sec.gov/Archives/edgar/data/1946375/000153949722001671/n3300_x3-ts.htm
2022-11-03,424B2,GS MORTGAGE SECURITIES CORP II  (CIK 0001004158),1,https://www.sec.gov/Archives/edgar/data/1004158/000153949722001737/n3300-x16_424b2.htm
2022-11-09,424H,3650 REIT Commercial Mortgage Securities II LLC  (CIK 000185,1,https://www.sec.gov/Archives/edgar/data/1856217/000153949722001768/n3331-x4_424h.htm
2022-11-09,FWP,3650R 2022-PF2 Commercial Mortgage Trust  (CIK 0001948175),1,https://www.sec.gov/Archives/edgar/data/1948175/000153949722001770/n3331-x3ts.htm
2022-11-30,424B2,3650 REIT Commercial Mortgage Securities II LLC  (CIK 000185,1,https://www.sec.gov/Archives/edgar/data/1856217/000153949722001884/n3331-x11_424b2.htm
2023-03-01,424B3,CBL & ASSOCIATES PROPERTIES INC  (CBL)  (CIK 0000910612),3,https://www.sec.gov/Archives/edgar/data/910612/000095017023005474/cbl-424b3_prosupp17.htm
2023-05-02,FWP,Benchmark 2023-V2 Mortgage Trust  (CIK 0001970781),5,https://www.sec.gov/Archives/edgar/data/1970781/000153949723000794/n3566_x2-premktts.htm
2023-05-03,FWP,Benchmark 2023-V2 Mortgage Trust  (CIK 0001970781),8,https://www.sec.gov/Archives/edgar/data/1970781/000153949723000828/n3566_x5-ts.htm
2023-05-04,424H,CITIGROUP COMMERCIAL MORTGAGE SECURITIES INC  (CIK 000125836,15,https://www.sec.gov/Archives/edgar/data/1258361/000153949723000844/n3566-x9_424h.htm
2023-05-11,424H,Morgan Stanley Capital I Inc.  (CIK 0001547361),11,https://www.sec.gov/Archives/edgar/data/1547361/000153949723000883/n3582_x4-424h.htm
2023-05-11,FWP,MSWF Commercial Mortgage Trust 2023-1  (CIK 0001974587),3,https://www.sec.gov/Archives/edgar/data/1974587/000153949723000877/n3582-x2_anxa1.htm
2023-05-11,FWP,MSWF Commercial Mortgage Trust 2023-1  (CIK 0001974587),8,https://www.sec.gov/Archives/edgar/data/1974587/000153949723000879/n3582_x3-ts.htm
2023-05-25,424B2,"BARCLAYS BANK PLC  (DJP, GRN, VXX, VXZ, ATMP, BWVTF, COWTF, ",10,https://www.sec.gov/Archives/edgar/data/312070/000148105723003547/form424b2.htm
2023-05-25,424B2,CITIGROUP COMMERCIAL MORTGAGE SECURITIES INC  (CIK 000125836,15,https://www.sec.gov/Archives/edgar/data/1258361/000153949723001002/n3566_x13-424b2.htm
2023-05-25,424B2,Morgan Stanley Capital I Inc.  (CIK 0001547361),11,https://www.sec.gov/Archives/edgar/data/1547361/000153949723001012/n3582_x12-424b2.htm
2023-05-30,424B2,"BARCLAYS BANK PLC  (DJP, GRN, VXX, VXZ, ATMP, BWVTF, COWTF, ",10,https://www.sec.gov/Archives/edgar/data/312070/000148105723003667/form424b2.htm
2023-06-20,424H,Morgan Stanley Capital I Inc.  (CIK 0001547361),5,https://www.sec.gov/Archives/edgar/data/1547361/000153949723001134/n3498_x4-424h.htm
2023-06-20,FWP,BANK5 2023-5YR2  (CIK 0001979748),5,https://www.sec.gov/Archives/edgar/data/1979748/000153949723001126/n3498_x3-ts.htm
2023-07-11,424B2,Morgan Stanley Capital I Inc.  (CIK 0001547361),3,https://www.sec.gov/Archives/edgar/data/1547361/000153949723001217/n3498_x11-424b2.htm
2023-07-20,FWP,BANK 2023-BNK46  (CIK 0001984262),12,https://www.sec.gov/Archives/edgar/data/1984262/000153949723001268/n3701-x1_premrktts.htm
2023-07-20,FWP,BMO 2023-5C1 Mortgage Trust  (CIK 0001984246),8,https://www.sec.gov/Archives/edgar/data/1984246/000153949723001272/n3688-x2_premktts.htm
2023-07-24,424H,BMO Commercial Mortgage Securities LLC  (CIK 0001861132),17,https://www.sec.gov/Archives/edgar/data/1861132/000153949723001299/n3688-x7_424h.htm
2023-07-24,FWP,BMO 2023-5C1 Mortgage Trust  (CIK 0001984246),8,https://www.sec.gov/Archives/edgar/data/1984246/000153949723001292/n3688-x6_ts.htm
2023-07-24,FWP,BMO 2023-5C1 Mortgage Trust  (CIK 0001984246),4,https://www.sec.gov/Archives/edgar/data/1984246/000153949723001298/n3688-x3_anxa1.htm
2023-07-28,424H,WELLS FARGO COMMERCIAL MORTGAGE SECURITIES INC  (CIK 0000850,13,https://www.sec.gov/Archives/edgar/data/850779/000153949723001334/n3701_x8-424h.htm
2023-07-28,FWP,BANK 2023-BNK46  (CIK 0001984262),8,https://www.sec.gov/Archives/edgar/data/1984262/000153949723001319/n3701_x5-ts.htm
2023-08-10,424B2,WELLS FARGO COMMERCIAL MORTGAGE SECURITIES INC  (CIK 0000850,17,https://www.sec.gov/Archives/edgar/data/850779/000153949723001390/n3701-x16_424b2.htm
2023-08-16,424B2,BMO Commercial Mortgage Securities LLC  (CIK 0001861132),17,https://www.sec.gov/Archives/edgar/data/1861132/000153949723001475/n3688_x15-424b2.htm
2023-09-12,424H,Banc of America Merrill Lynch Commercial Mortgage Inc.  (CIK,3,https://www.sec.gov/Archives/edgar/data/1005007/000153949723001585/n3753-x6_424h.htm
2023-09-12,FWP,BANK5 2023-5YR3  (CIK 0001991524),3,https://www.sec.gov/Archives/edgar/data/1991524/000153949723001573/n3753-x5ts.htm
2023-09-21,424B2,Banc of America Merrill Lynch Commercial Mortgage Inc.  (CIK,3,https://www.sec.gov/Archives/edgar/data/1005007/000153949723001628/n3753-x11_424b2.htm
2023-10-16,424H,BMO Commercial Mortgage Securities LLC  (CIK 0001861132),2,https://www.sec.gov/Archives/edgar/data/1861132/000153949723001752/n3819_x7-424h.htm
2023-10-16,FWP,BMO 2023-5C2 Mortgage Trust  (CIK 0001994754),2,https://www.sec.gov/Archives/edgar/data/1994754/000153949723001734/n3819_x3-ts.htm
2023-10-16,FWP,BMO 2023-5C2 Mortgage Trust  (CIK 0001994754),2,https://www.sec.gov/Archives/edgar/data/1994754/000153949723001748/n3819-x5ts.htm
2023-10-24,424B2,BMO Commercial Mortgage Securities LLC  (CIK 0001861132),2,https://www.sec.gov/Archives/edgar/data/1861132/000153949723001790/n3819-x14_424b2.htm
2023-11-13,424H,Barclays Commercial Mortgage Securities LLC  (CIK 0001541480,2,https://www.sec.gov/Archives/edgar/data/1541480/000153949723001890/n3849_x6-424h.htm
2023-11-13,FWP,BBCMS Mortgage Trust 2023-5C23  (CIK 0001998392),2,https://www.sec.gov/Archives/edgar/data/1998392/000153949723001888/n3849_x5-ts.htm
2023-11-17,FWP,BANK5 2023-5YR4  (CIK 0001996001),2,https://www.sec.gov/Archives/edgar/data/1996001/000153949723001956/n3807_x3-premktts.htm
2023-11-20,424B2,Barclays Commercial Mortgage Securities LLC  (CIK 0001541480,2,https://www.sec.gov/Archives/edgar/data/1541480/000153949723001972/n3849_x12-424b2.htm
2023-11-27,424H,WELLS FARGO COMMERCIAL MORTGAGE SECURITIES INC  (CIK 0000850,2,https://www.sec.gov/Archives/edgar/data/850779/000153949723002016/n3807-x7_424h.htm
2023-11-27,FWP,BANK5 2023-5YR4  (CIK 0001996001),2,https://www.sec.gov/Archives/edgar/data/1996001/000153949723002007/n3807-x6_ts.htm
2023-12-04,424B2,WELLS FARGO COMMERCIAL MORTGAGE SECURITIES INC  (CIK 0000850,2,https://www.sec.gov/Archives/edgar/data/850779/000153949723002091/n3807_x16-424b2.htm
2024-01-16,424H,DEUTSCHE MORTGAGE & ASSET RECEIVING CORP  (CIK 0001013454),3,https://www.sec.gov/Archives/edgar/data/1013454/000153949724000038/n3970-x4_424h.htm
2024-01-16,FWP,Benchmark 2024-V5 Mortgage Trust  (CIK 0002004982),3,https://www.sec.gov/Archives/edgar/data/2004982/000153949724000031/n3970-x3_ts.htm
2024-01-19,FWP,BMO 2024-5C3 Mortgage Trust  (CIK 0002006440),3,https://www.sec.gov/Archives/edgar/data/2006440/000153949724000056/n3980_x1-premktts.htm
2024-01-22,424H,BMO Commercial Mortgage Securities LLC  (CIK 0001861132),3,https://www.sec.gov/Archives/edgar/data/1861132/000153949724000076/n3980_x7-424h.htm
2024-01-22,FWP,BMO 2024-5C3 Mortgage Trust  (CIK 0002006440),3,https://www.sec.gov/Archives/edgar/data/2006440/000153949724000081/n3980-x6ts.htm
2024-01-23,424B2,DEUTSCHE MORTGAGE & ASSET RECEIVING CORP  (CIK 0001013454),3,https://www.sec.gov/Archives/edgar/data/1013454/000153949724000093/n3970-x13_424b2.htm
2024-01-25,424H,Morgan Stanley Capital I Inc.  (CIK 0001547361),7,https://www.sec.gov/Archives/edgar/data/1547361/000153949724000119/n3991_x5-424h.htm
2024-01-25,FWP,BANK5 2024-5YR5  (CIK 0002006016),0,https://www.sec.gov/Archives/edgar/data/2006016/000153949724000111/n3991-x3_annexa1.htm
2024-01-25,FWP,BANK5 2024-5YR5  (CIK 0002006016),7,https://www.sec.gov/Archives/edgar/data/2006016/000153949724000113/n3991-x4_ts.htm
2024-01-29,424B2,BMO Commercial Mortgage Securities LLC  (CIK 0001861132),3,https://www.sec.gov/Archives/edgar/data/1861132/000153949724000142/n3980_x13-424b2.htm
2024-02-01,424B2,Morgan Stanley Capital I Inc.  (CIK 0001547361),7,https://www.sec.gov/Archives/edgar/data/1547361/000153949724000185/n3991-x14_424b2.htm
2024-03-11,424H,GS MORTGAGE SECURITIES CORP II  (CIK 0001004158),2,https://www.sec.gov/Archives/edgar/data/1004158/000153949724000651/n4053-x6424h.htm
2024-03-11,FWP,Benchmark 2024-V6 Mortgage Trust  (CIK 0002012265),2,https://www.sec.gov/Archives/edgar/data/2012265/000153949724000643/n4053-x5ts.htm
2024-03-12,424H,Barclays Commercial Mortgage Securities LLC  (CIK 0001541480,2,https://www.sec.gov/Archives/edgar/data/1541480/000153949724000668/n4076-x6424h.htm
2024-03-12,FWP,BBCMS Mortgage Trust 2024-5C25  (CIK 0002013825),0,https://www.sec.gov/Archives/edgar/data/2013825/000153949724000661/n4076_x4anxa1.htm
2024-03-12,FWP,BBCMS Mortgage Trust 2024-5C25  (CIK 0002013825),2,https://www.sec.gov/Archives/edgar/data/2013825/000153949724000663/n4076-x5ts.htm
2024-03-18,424B2,GS MORTGAGE SECURITIES CORP II  (CIK 0001004158),2,https://www.sec.gov/Archives/edgar/data/1004158/000153949724000729/n4053_x21-424b2.htm
2024-03-19,424B2,Barclays Commercial Mortgage Securities LLC  (CIK 0001541480,2,https://www.sec.gov/Archives/edgar/data/1541480/000153949724000737/n4076-x14_424b2.htm
2024-04-15,FWP,BMO 2024-5C4 Mortgage Trust  (CIK 0002016125),1,https://www.sec.gov/Archives/edgar/data/2016125/000153949724000835/n4188_x1-premktts.htm
2024-04-19,424H,BMO Commercial Mortgage Securities LLC  (CIK 0001861132),1,https://www.sec.gov/Archives/edgar/data/1861132/000153949724000876/n4188-x7_424h.htm
2024-04-19,FWP,BMO 2024-5C4 Mortgage Trust  (CIK 0002016125),1,https://www.sec.gov/Archives/edgar/data/2016125/000153949724000872/n4188-x6_ts.htm
2024-04-26,424B2,BMO Commercial Mortgage Securities LLC  (CIK 0001861132),1,https://www.sec.gov/Archives/edgar/data/1861132/000153949724000926/n4188-x13_424b2.htm
2024-08-07,FWP,Benchmark 2024-V9 Mortgage Trust  (CIK 0002030476),5,https://www.sec.gov/Archives/edgar/data/2030476/000153949724001583/n4397_x3-ts.htm
2024-08-08,424H,GS MORTGAGE SECURITIES CORP II  (CIK 0001004158),6,https://www.sec.gov/Archives/edgar/data/1004158/000153949724001599/n4397_x8-424h.htm
2024-08-12,FWP,BANK5 2024-5YR9  (CIK 0002032772),7,https://www.sec.gov/Archives/edgar/data/2032772/000153949724001620/n4440_x3-premktts.htm
2024-08-14,424H,JP MORGAN CHASE COMMERCIAL MORTGAGE SECURITIES CORP  (CIK 00,7,https://www.sec.gov/Archives/edgar/data/1013611/000153949724001702/n4440_x10-424h.htm
2024-08-14,FWP,BANK5 2024-5YR9  (CIK 0002032772),6,https://www.sec.gov/Archives/edgar/data/2032772/000153949724001672/n4440_x6-ts.htm
2024-08-15,424B2,GS MORTGAGE SECURITIES CORP II  (CIK 0001004158),6,https://www.sec.gov/Archives/edgar/data/1004158/000153949724001728/n4397_x28-424b2.htm
2024-08-21,424B2,JP MORGAN CHASE COMMERCIAL MORTGAGE SECURITIES CORP  (CIK 00,7,https://www.sec.gov/Archives/edgar/data/1013611/000153949724001776/n4440_x19-424b2.htm
2024-09-11,424H,Barclays Commercial Mortgage Securities LLC  (CIK 0001541480,8,https://www.sec.gov/Archives/edgar/data/1541480/000153949724001907/n4462_x6-424h.htm
2024-09-11,FWP,BBCMS Mortgage Trust 2024-5C29  (CIK 0002034721),7,https://www.sec.gov/Archives/edgar/data/2034721/000153949724001903/n4462_x5-ts.htm
2024-09-18,424B2,Barclays Commercial Mortgage Securities LLC  (CIK 0001541480,8,https://www.sec.gov/Archives/edgar/data/1541480/000153949724001951/n4462_x12-424b2.htm
2024-09-26,424H,WELLS FARGO COMMERCIAL MORTGAGE SECURITIES INC  (CIK 0000850,8,https://www.sec.gov/Archives/edgar/data/850779/000153949724002023/n4517_x5-424h.htm
2024-09-26,FWP,BANK5 2024-5YR10  (CIK 0002037111),7,https://www.sec.gov/Archives/edgar/data/2037111/000153949724002013/n4517_x2-ts.htm
2024-10-04,424B2,WELLS FARGO COMMERCIAL MORTGAGE SECURITIES INC  (CIK 0000850,7,https://www.sec.gov/Archives/edgar/data/850779/000153949724002109/n4517_x22-424b2.htm
2024-10-11,424H,BMO Commercial Mortgage Securities LLC  (CIK 0001861132),8,https://www.sec.gov/Archives/edgar/data/1861132/000153949724002155/n4562_x7-424h.htm
2024-10-11,FWP,BMO 2024-5C7 Mortgage Trust  (CIK 0002038433),7,https://www.sec.gov/Archives/edgar/data/2038433/000153949724002151/n4562_x6-ts.htm
2024-10-16,FWP,BMO 2024-C10 Mortgage Trust  (CIK 0002038432),4,https://www.sec.gov/Archives/edgar/data/2038432/000153949724002163/n4575-x3premrktts.htm
2024-10-18,424H,BMO Commercial Mortgage Securities LLC  (CIK 0001861132),14,https://www.sec.gov/Archives/edgar/data/1861132/000153949724002177/n4575_x7-424h.htm
2024-10-18,FWP,BMO 2024-C10 Mortgage Trust  (CIK 0002038432),14,https://www.sec.gov/Archives/edgar/data/2038432/000153949724002179/n4575-x6ts.htm
2024-10-21,424B2,BMO Commercial Mortgage Securities LLC  (CIK 0001861132),8,https://www.sec.gov/Archives/edgar/data/1861132/000153949724002197/n4562_x13-424b2.htm
2024-10-21,FWP,BMO 2024-C10 Mortgage Trust  (CIK 0002038432),0,https://www.sec.gov/Archives/edgar/data/2038432/000153949724002191/n4575_x5-anxa1.htm
2024-10-28,424B2,BMO Commercial Mortgage Securities LLC  (CIK 0001861132),14,https://www.sec.gov/Archives/edgar/data/1861132/000153949724002260/n4575_x13-424b2.htm
2024-10-28,424H,Barclays Commercial Mortgage Securities LLC  (CIK 0001541480,1,https://www.sec.gov/Archives/edgar/data/1541480/000153949724002274/n4543-x6_424h.htm
2024-10-28,FWP,BBCMS Mortgage Trust 2024-C30  (CIK 0002039612),1,https://www.sec.gov/Archives/edgar/data/2039612/000153949724002268/n4543-x5_ts.htm
2024-11-04,424B2,Barclays Commercial Mortgage Securities LLC  (CIK 0001541480,1,https://www.sec.gov/Archives/edgar/data/1541480/000153949724002323/n4543_x13-424b2.htm
2024-12-11,424B2,"BARCLAYS BANK PLC  (DJP, GRN, VXX, VXZ, ATMP, BWVTF, COWTF, ",11,https://www.sec.gov/Archives/edgar/data/312070/000148105724015470/form424b2.htm
2024-12-13,424B2,"BARCLAYS BANK PLC  (DJP, GRN, VXX, VXZ, ATMP, BWVTF, COWTF, ",10,https://www.sec.gov/Archives/edgar/data/312070/000148105724015515/form424b2.htm
2024-12-20,FWP,BMO 2025-5C9 Mortgage Trust  (CIK 0002048804),1,https://www.sec.gov/Archives/edgar/data/2048804/000153949724002692/n4728-x1_fwp.htm
2025-01-28,424B2,"BARCLAYS BANK PLC  (DJP, GRN, VXX, VXZ, ATMP, BWVTF, COWTF, ",11,https://www.sec.gov/Archives/edgar/data/312070/000191870425001078/form424b2.htm
2025-01-30,424B2,"BARCLAYS BANK PLC  (DJP, GRN, VXX, VXZ, ATMP, BWVTF, COWTF, ",10,https://www.sec.gov/Archives/edgar/data/312070/000191870425001401/form424b2.htm
2025-02-03,FWP,Benchmark 2025-V13 Mortgage Trust  (CIK 0002049534),1,https://www.sec.gov/Archives/edgar/data/2049534/000153949725000267/n4807-x8_x8heraldsq.htm
2025-03-03,424H,Morgan Stanley Capital I Inc.  (CIK 0001547361),13,https://www.sec.gov/Archives/edgar/data/1547361/000153949725000825/n4886_x4-424h.htm
2025-03-03,FWP,Morgan Stanley Bank of America Merrill Lynch Trust 2025-5C1 ,0,https://www.sec.gov/Archives/edgar/data/2056713/000153949725000815/n4886_x2-annexa1.htm
2025-03-03,FWP,Morgan Stanley Bank of America Merrill Lynch Trust 2025-5C1 ,13,https://www.sec.gov/Archives/edgar/data/2056713/000153949725000819/n4886_x3-ts.htm
2025-03-05,424B2,"BARCLAYS BANK PLC  (DJP, GRN, VXX, VXZ, ATMP, GBUG, BWVTF, C",11,https://www.sec.gov/Archives/edgar/data/312070/000191870425004057/form424b2.htm
2025-03-13,424B2,Morgan Stanley Capital I Inc.  (CIK 0001547361),12,https://www.sec.gov/Archives/edgar/data/1547361/000153949725000934/n4886_x14-424b2.htm
2025-07-11,424B3,"DICK'S SPORTING GOODS, INC.  (DKS)  (CIK 0001089063)",2813,https://www.sec.gov/Archives/edgar/data/1089063/000114036125025528/ny20050218x6_424b3.htm
2025-09-19,FWP,BMO 2025-C13 Mortgage Trust  (CIK 0002061838),3,https://www.sec.gov/Archives/edgar/data/2061838/000153949725002413/n5303_x2-premrktts.htm
2025-09-22,424H,BMO Commercial Mortgage Securities LLC  (CIK 0001861132),3,https://www.sec.gov/Archives/edgar/data/1861132/000153949725002442/n5303_x7-424h.htm
2025-09-22,FWP,BMO 2025-C13 Mortgage Trust  (CIK 0002061838),3,https://www.sec.gov/Archives/edgar/data/2061838/000153949725002439/n5303_x6-ts.htm
2025-09-30,424B2,BMO Commercial Mortgage Securities LLC  (CIK 0001861132),3,https://www.sec.gov/Archives/edgar/data/1861132/000153949725002551/n5303_x13-424b2.htm
2025-10-31,FWP,BBCMS Mortgage Trust 2025-5C38  (CIK 0002091664),1,https://www.sec.gov/Archives/edgar/data/2091664/000153949725002823/n5388_x3-ts.htm
2025-11-03,424H,Barclays Commercial Mortgage Securities LLC  (CIK 0001541480,1,https://www.sec.gov/Archives/edgar/data/1541480/000153949725002837/n5388_x4-424h.htm
2025-11-10,424B2,Barclays Commercial Mortgage Securities LLC  (CIK 0001541480,1,https://www.sec.gov/Archives/edgar/data/1541480/000153949725002879/n5388_x11-424b2.htm
2025-11-13,424H,WELLS FARGO COMMERCIAL MORTGAGE SECURITIES INC  (CIK 0000850,1,https://www.sec.gov/Archives/edgar/data/850779/000153949725002946/n5416_x4-424h.htm
2025-11-13,FWP,BANK5 2025-5YR18  (CIK 0002096187),1,https://www.sec.gov/Archives/edgar/data/2096187/000153949725002924/n5416_x3-ts.htm
2025-11-21,424B2,WELLS FARGO COMMERCIAL MORTGAGE SECURITIES INC  (CIK 0000850,1,https://www.sec.gov/Archives/edgar/data/850779/000153949725003047/n5416_x23-424b2.htm
2025-12-05,FWP,BANK 2025-BNK51  (CIK 0002098047),1,https://www.sec.gov/Archives/edgar/data/2098047/000153949725003162/n5486_x3-premkts.htm
2025-12-08,424H,WELLS FARGO COMMERCIAL MORTGAGE SECURITIES INC  (CIK 0000850,1,https://www.sec.gov/Archives/edgar/data/850779/000153949725003202/n5486_x7-424h.htm
2025-12-08,FWP,BANK 2025-BNK51  (CIK 0002098047),1,https://www.sec.gov/Archives/edgar/data/2098047/000153949725003196/n5486_x6-ts.htm
2025-12-10,FWP,BMO 2025-5C13 Mortgage Trust  (CIK 0002061933),1,https://www.sec.gov/Archives/edgar/data/2061933/000153949725003240/n5505_x2-premktts.htm
2025-12-12,424H,BMO Commercial Mortgage Securities LLC  (CIK 0001861132),1,https://www.sec.gov/Archives/edgar/data/1861132/000153949725003291/n5505_x7-424h.htm
2025-12-12,FWP,BMO 2025-5C13 Mortgage Trust  (CIK 0002061933),1,https://www.sec.gov/Archives/edgar/data/2061933/000153949725003287/n5505_x6-ts.htm
2025-12-15,424B2,WELLS FARGO COMMERCIAL MORTGAGE SECURITIES INC  (CIK 0000850,1,https://www.sec.gov/Archives/edgar/data/850779/000153949725003299/n5486_x23-424b2.htm
2025-12-19,424B2,BMO Commercial Mortgage Securities LLC  (CIK 0001861132),1,https://www.sec.gov/Archives/edgar/data/1861132/000153949725003317/n5505_x13-424b2.htm
2026-01-26,424H,DEUTSCHE MORTGAGE & ASSET RECEIVING CORP  (CIK 0001013454),1,https://www.sec.gov/Archives/edgar/data/1013454/000153949726000162/n5600_x4-424h.htm
2026-01-26,FWP,Benchmark 2026-V20 Mortgage Trust  (CIK 0002106400),1,https://www.sec.gov/Archives/edgar/data/2106400/000153949726000158/n5600_x3-ts.htm
2026-02-02,424B2,DEUTSCHE MORTGAGE & ASSET RECEIVING CORP  (CIK 0001013454),1,https://www.sec.gov/Archives/edgar/data/1013454/000153949726000245/n5600_x16-424b2.htm
2026-02-25,FWP,BMO 2026-5C14 Mortgage Trust  (CIK 0002063015),1,https://www.sec.gov/Archives/edgar/data/2063015/000153949726000774/n5711_x2-premktts.htm
2026-03-03,424H,BMO Commercial Mortgage Securities LLC  (CIK 0001861132),1,https://www.sec.gov/Archives/edgar/data/1861132/000153949726000837/n5711_x7-424h.htm
2026-03-03,FWP,BMO 2026-5C14 Mortgage Trust  (CIK 0002063015),1,https://www.sec.gov/Archives/edgar/data/2063015/000153949726000833/n5711_x6-ts.htm
2026-03-10,424B2,BMO Commercial Mortgage Securities LLC  (CIK 0001861132),1,https://www.sec.gov/Archives/edgar/data/1861132/000153949726000907/n5711_x14-424b2.htm
2026-05-04,FWP,Wells Fargo Commercial Mortgage Trust 2026-5C9  (CIK 0002133,1,https://www.sec.gov/Archives/edgar/data/2133003/000153949726001286/n5864_x2-premrktts.htm
2026-05-05,424H,WELLS FARGO COMMERCIAL MORTGAGE SECURITIES INC  (CIK 0000850,1,https://www.sec.gov/Archives/edgar/data/850779/000153949726001332/n5864_x7-424h.htm
2026-05-05,FWP,Wells Fargo Commercial Mortgage Trust 2026-5C9  (CIK 0002133,1,https://www.sec.gov/Archives/edgar/data/2133003/000153949726001330/n5864_x5-ts.htm
2026-05-12,424B2,WELLS FARGO COMMERCIAL MORTGAGE SECURITIES INC  (CIK 0000850,1,https://www.sec.gov/Archives/edgar/data/850779/000153949726001406/n5864_x14-424b2.htm
2026-06-08,424H,BMO Commercial Mortgage Securities LLC  (CIK 0001861132),7,https://www.sec.gov/Archives/edgar/data/1861132/000153949726001685/n5939_x5-424h.htm
2026-06-08,FWP,BMO 2026-5C15 Mortgage Trust  (CIK 0002128774),6,https://www.sec.gov/Archives/edgar/data/2128774/000153949726001680/n5939_x4-termsheet.htm
2026-06-08,FWP,BMO 2026-5C15 Mortgage Trust  (CIK 0002128774),1,https://www.sec.gov/Archives/edgar/data/2128774/000153949726001682/n5939_x3-annexa1.htm
2026-06-16,424B2,BMO Commercial Mortgage Securities LLC  (CIK 0001861132),6,https://www.sec.gov/Archives/edgar/data/1861132/000153949726001762/n5939_x10-424b2.htm
2026-06-17,424B3,"DICK'S SPORTING GOODS, INC.  (DKS)  (CIK 0001089063)",14,https://www.sec.gov/Archives/edgar/data/1089063/000114036126025529/ny20075575x3_424b3.htm
2026-08-04,424H,BMO Commercial Mortgage Securities LLC  (CIK 0001861132),2,https://www.sec.gov/Archives/edgar/data/1861132/000153949726002084/n6057_x5-424h.htm
2026-08-04,FWP,BMO 2026-5C16 Mortgage Trust  (CIK 0002136643),2,https://www.sec.gov/Archives/edgar/data/2136643/000153949726002077/n6057_x4-ts.htm
2026-08-04,FWP,BMO 2026-5C16 Mortgage Trust  (CIK 0002136643),0,https://www.sec.gov/Archives/edgar/data/2136643/000153949726002080/n6057_x3-annexa.htm
2026-08-12,424H,Morgan Stanley Capital I Inc.  (CIK 0001547361),1,https://www.sec.gov/Archives/edgar/data/1547361/000153949726002187/n6075_x5-424h.htm
2026-08-12,FWP,BANK5 2026-5YR24  (CIK 0002148771),1,https://www.sec.gov/Archives/edgar/data/2148771/000153949726002183/n6075_x4-ts.htm
2026-08-13,424B2,BMO Commercial Mortgage Securities LLC  (CIK 0001861132),3,https://www.sec.gov/Archives/edgar/data/1861132/000153949726002204/n6057_x11-424b2.htm
2026-08-20,424B2,Morgan Stanley Capital I Inc.  (CIK 0001547361),1,https://www.sec.gov/Archives/edgar/data/1547361/000153949726002322/n6075_x18-424b2.htm
2026-09-22,424B2,"DICK'S SPORTING GOODS, INC.  (DKS)  (CIK 0001089063)",32,https://www.sec.gov/Archives/edgar/data/1089063/000114036126037299/ny20082094x2_424b2.htm
2026-09-23,424B2,"DICK'S SPORTING GOODS, INC.  (DKS)  (CIK 0001089063)",32,https://www.sec.gov/Archives/edgar/data/1089063/000114036126037456/ny20082094x4_424b2.htm
2026-10-06,424H,Barclays Commercial Mortgage Securities LLC  (CIK 0001541480,1,https://www.sec.gov/Archives/edgar/data/1541480/000153949726002656/n6166_x5-424h.htm
2026-10-06,FWP,BBCMS Mortgage Trust 2026-5C43  (CIK 0002153909),1,https://www.sec.gov/Archives/edgar/data/2153909/000153949726002652/n6166_x4-ts.htm
2021-06-14,FWP,BENCHMARK 2021-B27 MORTGAGE TRUST  (CIK 0001862080),1,https://www.sec.gov/Archives/edgar/data/1862080/000153949721000848/n2597-x3_anxa1.htm
2021-06-15,FWP,BENCHMARK 2021-B27 MORTGAGE TRUST  (CIK 0001862080),1,https://www.sec.gov/Archives/edgar/data/1862080/000153949721000863/n2597-x6_annexa1.htm
2022-03-24,FWP,Benchmark 2022-B34 Mortgage Trust  (CIK 0001912509),1,https://www.sec.gov/Archives/edgar/data/1912509/000153949722000674/n3021-x2_anxa1.htm
2023-02-21,FWP,"BANK OF MONTREAL /CAN/  (BMO, BERZ, BULZ, CARD, CARU, DULL, ",1,https://www.sec.gov/Archives/edgar/data/927971/000121465923002775/r217234fwp.htm
2023-02-21,FWP,"BANK OF MONTREAL /CAN/  (BMO, BERZ, BULZ, CARD, CARU, DULL, ",1,https://www.sec.gov/Archives/edgar/data/927971/000121465923002791/e221230fwp.htm
2023-05-03,FWP,Benchmark 2023-V2 Mortgage Trust  (CIK 0001970781),1,https://www.sec.gov/Archives/edgar/data/1970781/000153949723000829/n3566_x6-a1.htm
2023-07-28,FWP,BANK 2023-BNK46  (CIK 0001984262),1,https://www.sec.gov/Archives/edgar/data/1984262/000153949723001318/n3701_x6-annexa1.htm
2023-08-30,FWP,"MORGAN STANLEY  (MS, MS-PA, MS-PE, MS-PF, MS-PI, MS-PK, MS-P",1,https://www.sec.gov/Archives/edgar/data/895421/000183988223022852/ms10123_fwp-12248.htm
2023-08-30,FWP,Morgan Stanley Finance LLC  (CIK 0001666268),1,https://www.sec.gov/Archives/edgar/data/1666268/000183988223022853/msf10123_fwp-12248.htm
2023-09-12,FWP,BANK5 2023-5YR3  (CIK 0001991524),1,https://www.sec.gov/Archives/edgar/data/1991524/000153949723001575/n3753_x4-annexa1.htm
2024-08-07,FWP,Benchmark 2024-V9 Mortgage Trust  (CIK 0002030476),1,https://www.sec.gov/Archives/edgar/data/2030476/000153949724001589/n4397_x6-a1.htm
2024-08-12,FWP,BANK5 2024-5YR9  (CIK 0002032772),1,https://www.sec.gov/Archives/edgar/data/2032772/000153949724001618/n4440_x4-premkta1.htm
2024-08-14,FWP,BANK5 2024-5YR9  (CIK 0002032772),1,https://www.sec.gov/Archives/edgar/data/2032772/000153949724001670/n4440_x7-a1.htm
2024-09-11,FWP,BBCMS Mortgage Trust 2024-5C29  (CIK 0002034721),1,https://www.sec.gov/Archives/edgar/data/2034721/000153949724001899/n4462_x4-annexa.htm
2024-09-26,FWP,BANK5 2024-5YR10  (CIK 0002037111),1,https://www.sec.gov/Archives/edgar/data/2037111/000153949724002014/n4517_x4-annexa1.htm
2024-10-10,FWP,BMO 2024-5C7 Mortgage Trust  (CIK 0002038433),1,https://www.sec.gov/Archives/edgar/data/2038433/000153949724002139/n4562_x2-premkta1.htm
2024-10-11,FWP,BMO 2024-5C7 Mortgage Trust  (CIK 0002038433),1,https://www.sec.gov/Archives/edgar/data/2038433/000153949724002154/n4562_x5-annexa.htm
2024-10-16,FWP,BMO 2024-C10 Mortgage Trust  (CIK 0002038432),1,https://www.sec.gov/Archives/edgar/data/2038432/000153949724002168/n4575_x2-annexa1.htm
