date,filer,file,tenant,vals,occ,yrs,hdr
2019-02-20,Morgan Stanley Capital I Trust 2019,0001539497-19-000306_n1528_ts-x2.htm,Kids Foot Locker,"$1,427,927 $478 $1,416,407 $474 $1,385,969 $464",9.6 %,"2022,2016,2017,2018","02 $103 $1,154,255 $115 17.7 % Five Below NAV NAV $1,798,237 $179 $1,942,234 $194 11.0 % Caribou Coffee Company $1,063,047 $354 $1,191,096 $397 $1,093,550 $365 11.6 % Sneaker Villa $1,304,968 $239 $1,416,197 $259 $1,988,612 $364 6.5 % New rue21 $1,216,769 $243 $1,130,774 $226 $1,089,899 $218 11.6 % "
2019-02-20,Morgan Stanley Capital I Trust 2019,0001539497-19-000306_n1528_ts-x2.htm,Foot Locker,"$2,153,237 $627 $2,333,500 $679 $2,334,849 $680",6.6 %,"2022,2016,2017,2018","2,234 $194 11.0 % Caribou Coffee Company $1,063,047 $354 $1,191,096 $397 $1,093,550 $365 11.6 % Sneaker Villa $1,304,968 $239 $1,416,197 $259 $1,988,612 $364 6.5 % New rue21 $1,216,769 $243 $1,130,774 $226 $1,089,899 $218 11.6 % Kids Foot Locker $1,427,927 $478 $1,416,407 $474 $1,385,969 $464 9.6 % "
2019-02-21,Morgan Stanley Capital I Inc.  (CIK,0001539497-19-000320_n1528_424h-x6.htm,Kids Foot Locker,"$1,427,927 $478 $1,416,407 $474 $1,385,969 $464",9.6 %,"2022,2016,2017,2018","02 $103 $1,154,255 $115 17.7 % Five Below NAV NAV $1,798,237 $179 $1,942,234 $194 11.0 % Caribou Coffee Company $1,063,047 $354 $1,191,096 $397 $1,093,550 $365 11.6 % Sneaker Villa $1,304,968 $239 $1,416,197 $259 $1,988,612 $364 6.5 % New rue21 $1,216,769 $243 $1,130,774 $226 $1,089,899 $218 11.6 % "
2019-02-21,Morgan Stanley Capital I Inc.  (CIK,0001539497-19-000320_n1528_424h-x6.htm,Foot Locker,"$2,153,237 $627 $2,333,500 $679 $2,334,849 $680",6.6 %,"2022,2016,2017,2018","2,234 $194 11.0 % Caribou Coffee Company $1,063,047 $354 $1,191,096 $397 $1,093,550 $365 11.6 % Sneaker Villa $1,304,968 $239 $1,416,197 $259 $1,988,612 $364 6.5 % New rue21 $1,216,769 $243 $1,130,774 $226 $1,089,899 $218 11.6 % Kids Foot Locker $1,427,927 $478 $1,416,407 $474 $1,385,969 $464 9.6 % "
2019-03-12,Morgan Stanley Capital I Inc.  (CIK,0001539497-19-000393_n1528_424b2-x15.htm,Kids Foot Locker,"$1,427,927 $478 $1,416,407 $474 $1,385,969 $464",9.6 %,"2022,2016,2017,2018","02 $103 $1,154,255 $115 17.7 % Five Below NAV NAV $1,798,237 $179 $1,942,234 $194 11.0 % Caribou Coffee Company $1,063,047 $354 $1,191,096 $397 $1,093,550 $365 11.6 % Sneaker Villa $1,304,968 $239 $1,416,197 $259 $1,988,612 $364 6.5 % New rue21 $1,216,769 $243 $1,130,774 $226 $1,089,899 $218 11.6 % "
2019-03-12,Morgan Stanley Capital I Inc.  (CIK,0001539497-19-000393_n1528_424b2-x15.htm,Foot Locker,"$2,153,237 $627 $2,333,500 $679 $2,334,849 $680",6.6 %,"2022,2016,2017,2018","2,234 $194 11.0 % Caribou Coffee Company $1,063,047 $354 $1,191,096 $397 $1,093,550 $365 11.6 % Sneaker Villa $1,304,968 $239 $1,416,197 $259 $1,988,612 $364 6.5 % New rue21 $1,216,769 $243 $1,130,774 $226 $1,089,899 $218 11.6 % Kids Foot Locker $1,427,927 $478 $1,416,407 $474 $1,385,969 $464 9.6 % "
2023-06-20,BANK5 2023-5YR2  (CIK 0001979748),0001539497-23-001126_n3498_x3-ts.htm,Champs Sports,$529 $733 $600 $573,17.0%,"2020,2021,2022,2023","Cost Summary (1) &thinsp; 2020 Sales (PSF) 2021 Sales (PSF) 2022 Sales (PSF) TTM 2/28/2023 Sales (PSF) TTM Occupancy Cost Dick&rsquo;s $246 $350 $318 $318 6.8% The Cheesecake Factory $890 $1,281 $1,348 $1,356 6.8% Victoria's Secret $677 $899 $869 $857 11.4% Books-A-Million $132 $211 $210 $209 10.6% "
2023-06-20,BANK5 2023-5YR2  (CIK 0001979748),0001539497-23-001126_n3498_x3-ts.htm,Foot Locker,"$930 $1,140 $1,089 $1,072",10.1%,"2020,2021,2022,2023","eesecake Factory $890 $1,281 $1,348 $1,356 6.8% Victoria's Secret $677 $899 $869 $857 11.4% Books-A-Million $132 $211 $210 $209 10.6% Champs Sports $529 $733 $600 $573 17.0% Forever 21 $231 $341 $289 $278 12.0% American Eagle Outfitters $519 $754 $673 $672 15.0% Aeropostale NAV $771 $644 $641 18.2% "
2023-06-20,Morgan Stanley Capital I Inc.  (CIK,0001539497-23-001134_n3498_x4-424h.htm,Champs Sports,$529 $733 $600 $573,17.0%,"2020,2021,2022,2023","Cost Summary (1) &thinsp; 2020 Sales (PSF) 2021 Sales (PSF) 2022 Sales (PSF) TTM 2/28/2023 Sales (PSF) TTM Occupancy Cost Dick&rsquo;s $246 $350 $318 $318 6.8% The Cheesecake Factory $890 $1,281 $1,348 $1,356 6.8% Victoria's Secret $677 $899 $869 $857 11.4% Books-A-Million $132 $211 $210 $209 10.6% "
2023-06-20,Morgan Stanley Capital I Inc.  (CIK,0001539497-23-001134_n3498_x4-424h.htm,Foot Locker,"$930 $1,140 $1,089 $1,072",10.1%,"2020,2021,2022,2023","eesecake Factory $890 $1,281 $1,348 $1,356 6.8% Victoria's Secret $677 $899 $869 $857 11.4% Books-A-Million $132 $211 $210 $209 10.6% Champs Sports $529 $733 $600 $573 17.0% Forever 21 $231 $341 $289 $278 12.0% American Eagle Outfitters $519 $754 $673 $672 15.0% Aeropostale NAV $771 $644 $641 18.2% "
2023-07-11,Morgan Stanley Capital I Inc.  (CIK,0001539497-23-001217_n3498_x11-424b2.htm,Champs Sports,$529 $733 $600 $573,17.0%,"2020,2021,2022,2023","ccupancy Cost Summary (1) 2020 Sales (PSF) 2021 Sales (PSF) 2022 Sales (PSF) TTM 2/28/2023 Sales (PSF) TTM Occupancy Cost Dick&rsquo;s $246 $350 $318 $318 6.8% The Cheesecake Factory $890 $1,281 $1,348 $1,356 6.8% Victoria's Secret $677 $899 $869 $857 11.4% Books-A-Million $132 $211 $210 $209 10.6% "
2023-07-11,Morgan Stanley Capital I Inc.  (CIK,0001539497-23-001217_n3498_x11-424b2.htm,Foot Locker,"$930 $1,140 $1,089 $1,072",10.1%,"2020,2021,2022,2023","eesecake Factory $890 $1,281 $1,348 $1,356 6.8% Victoria's Secret $677 $899 $869 $857 11.4% Books-A-Million $132 $211 $210 $209 10.6% Champs Sports $529 $733 $600 $573 17.0% Forever 21 $231 $341 $289 $278 12.0% American Eagle Outfitters $519 $754 $673 $672 15.0% Aeropostale NAV $771 $644 $641 18.2% "
2023-07-20,BANK 2023-BNK46  (CIK 0001984262),1539497-23-001268_n3701-x1_premrktts.htm,Champs Sports,$529 $733 $600 $573,17.0%,"2020,2021,2022,2023","ccupancy Cost Summary (1) 2020 Sales (PSF) 2021 Sales (PSF) 2022 Sales (PSF) TTM 2/28/2023 Sales (PSF) TTM Occupancy Cost Dick&#8217;s $246 $350 $318 $318 6.8% The Cheesecake Factory $890 $1,281 $1,348 $1,356 6.8% Victoria's Secret $677 $899 $869 $857 11.4% Books-A-Million $132 $211 $210 $209 10.6% "
2023-07-20,BANK 2023-BNK46  (CIK 0001984262),1539497-23-001268_n3701-x1_premrktts.htm,Foot Locker,"$930 $1,140 $1,089 $1,072",10.1%,"2020,2021,2022,2023","eesecake Factory $890 $1,281 $1,348 $1,356 6.8% Victoria's Secret $677 $899 $869 $857 11.4% Books-A-Million $132 $211 $210 $209 10.6% Champs Sports $529 $733 $600 $573 17.0% Forever 21 $231 $341 $289 $278 12.0% American Eagle Outfitters $519 $754 $673 $672 15.0% Aeropostale NAV $771 $644 $641 18.2% "
2023-07-28,BANK 2023-BNK46  (CIK 0001984262),0001539497-23-001319_n3701_x5-ts.htm,Champs Sports,$529 $733 $600 $573,17.0%,"2020,2021,2022,2023","cy Cost Summary (1) 2020 Sales (PSF) 2021 Sales (PSF) 2022 Sales (PSF) TTM 2/28/2023 Sales (PSF) TTM Occupancy Cost Dick&rsquo;s $246 $350 $318 $318 6.8% The Cheesecake Factory $890 $1,281 $1,348 $1,356 6.8% Victoria&rsquo;s Secret $677 $899 $869 $857 11.4% Books-A-Million $132 $211 $210 $209 10.6% "
2023-07-28,BANK 2023-BNK46  (CIK 0001984262),0001539497-23-001319_n3701_x5-ts.htm,Foot Locker,"$930 $1,140 $1,089 $1,072",10.1%,"2020,2021,2022,2023","ke Factory $890 $1,281 $1,348 $1,356 6.8% Victoria&rsquo;s Secret $677 $899 $869 $857 11.4% Books-A-Million $132 $211 $210 $209 10.6% Champs Sports $529 $733 $600 $573 17.0% Forever 21 $231 $341 $289 $278 12.0% American Eagle Outfitters $519 $754 $673 $672 15.0% Aeropostale NAV $771 $644 $641 18.2% "
2023-07-28,WELLS FARGO COMMERCIAL MORTGAGE SEC,0001539497-23-001334_n3701_x8-424h.htm,Champs Sports,$529 $733 $600 $573,17.0%,"2020,2021,2022,2023","cy Cost Summary (1) 2020 Sales (PSF) 2021 Sales (PSF) 2022 Sales (PSF) TTM 2/28/2023 Sales (PSF) TTM Occupancy Cost Dick&rsquo;s $246 $350 $318 $318 6.8% The Cheesecake Factory $890 $1,281 $1,348 $1,356 6.8% Victoria&rsquo;s Secret $677 $899 $869 $857 11.4% Books-A-Million $132 $211 $210 $209 10.6% "
2023-07-28,WELLS FARGO COMMERCIAL MORTGAGE SEC,0001539497-23-001334_n3701_x8-424h.htm,Foot Locker,"$930 $1,140 $1,089 $1,072",10.1%,"2020,2021,2022,2023","ke Factory $890 $1,281 $1,348 $1,356 6.8% Victoria&rsquo;s Secret $677 $899 $869 $857 11.4% Books-A-Million $132 $211 $210 $209 10.6% Champs Sports $529 $733 $600 $573 17.0% Forever 21 $231 $341 $289 $278 12.0% American Eagle Outfitters $519 $754 $673 $672 15.0% Aeropostale NAV $771 $644 $641 18.2% "
2023-08-10,WELLS FARGO COMMERCIAL MORTGAGE SEC,0001539497-23-001390_n3701-x16_424b2.htm,Champs Sports,$529 $733 $600 $573,17.0%,"2020,2021,2022,2023","ccupancy Cost Summary (1) 2020 Sales (PSF) 2021 Sales (PSF) 2022 Sales (PSF) TTM 2/28/2023 Sales (PSF) TTM Occupancy Cost Dick&#8217;s $246 $350 $318 $318 6.8% The Cheesecake Factory $890 $1,281 $1,348 $1,356 6.8% Victoria's Secret $677 $899 $869 $857 11.4% Books-A-Million $132 $211 $210 $209 10.6% "
2023-08-10,WELLS FARGO COMMERCIAL MORTGAGE SEC,0001539497-23-001390_n3701-x16_424b2.htm,Foot Locker,"$930 $1,140 $1,089 $1,072",10.1%,"2020,2021,2022,2023","eesecake Factory $890 $1,281 $1,348 $1,356 6.8% Victoria's Secret $677 $899 $869 $857 11.4% Books-A-Million $132 $211 $210 $209 10.6% Champs Sports $529 $733 $600 $573 17.0% Forever 21 $231 $341 $289 $278 12.0% American Eagle Outfitters $519 $754 $673 $672 15.0% Aeropostale NAV $771 $644 $641 18.2% "
2023-09-12,BANK5 2023-5YR3  (CIK 0001991524),0001539497-23-001573_n3753-x5ts.htm,Foot Locker,$512 $620,,"2020,2021,2022,2022",rty. Sales and Occupancy Cost Summary (1) 2020 Sales (PSF) 2021 Sales (PSF) 2022 Sales (PSF) 2022 Occupancy Cost Forever 21 $170 $317 $255 13.9% H&amp;M $227 $372 $365 8.5% Pottery Barn $252 $375 $442 17.5% Gap Gap Kids $69 $192 $191 35.8% Anthropologie $76 $225 $257 9.4% Arhaus (2) NAV NAV NAV NAV 
2023-09-12,Banc of America Merrill Lynch Comme,0001539497-23-001585_n3753-x6_424h.htm,Foot Locker,$512 $620,,"2020,2021,2022,2022",rty. Sales and Occupancy Cost Summary (1) 2020 Sales (PSF) 2021 Sales (PSF) 2022 Sales (PSF) 2022 Occupancy Cost Forever 21 $170 $317 $255 13.9% H&amp;M $227 $372 $365 8.5% Pottery Barn $252 $375 $442 17.5% Gap Gap Kids $69 $192 $191 35.8% Anthropologie $76 $225 $257 9.4% Arhaus (2) NAV NAV NAV NAV 
2023-09-21,Banc of America Merrill Lynch Comme,0001539497-23-001628_n3753-x11_424b2.htm,Foot Locker,$512 $620,,"2020,2021,2022,2022",rty. Sales and Occupancy Cost Summary (1) 2020 Sales (PSF) 2021 Sales (PSF) 2022 Sales (PSF) 2022 Occupancy Cost Forever 21 $170 $317 $255 13.9% H&amp;M $227 $372 $365 8.5% Pottery Barn $252 $375 $442 17.5% Gap Gap Kids $69 $192 $191 35.8% Anthropologie $76 $225 $257 9.4% Arhaus (2) NAV NAV NAV NAV 
2023-10-16,BMO 2023-5C2 Mortgage Trust  (CIK 0,0001539497-23-001734_n3819_x3-ts.htm,Foot Locker,$512 $620,,"2020,2021,2022,2022",Property. Sales and Occupancy Cost Summary (1) 2020 Sales (PSF) 2021 Sales (PSF) 2022 Sales (PSF) 2022 Occupancy Cost Forever 21 $170 $317 $255 13.9% HM $227 $372 $365 8.5% Pottery Barn $252 $375 $442 17.5% Gap Gap Kids $69 $192 $191 35.8% Anthropologie $76 $225 $257 9.4% Arhaus (2) NAV NAV NAV NAV 
2023-10-16,BMO 2023-5C2 Mortgage Trust  (CIK 0,0001539497-23-001748_n3819-x5ts.htm,Foot Locker,$512 $620,,"2020,2021,2022,2022",Property. Sales and Occupancy Cost Summary (1) 2020 Sales (PSF) 2021 Sales (PSF) 2022 Sales (PSF) 2022 Occupancy Cost Forever 21 $170 $317 $255 13.9% HM $227 $372 $365 8.5% Pottery Barn $252 $375 $442 17.5% Gap Gap Kids $69 $192 $191 35.8% Anthropologie $76 $225 $257 9.4% Arhaus (2) NAV NAV NAV NAV 
2023-10-16,BMO Commercial Mortgage Securities ,0001539497-23-001752_n3819_x7-424h.htm,Foot Locker,$512 $620,,"2020,2021,2022,2022",Property. Sales and Occupancy Cost Summary (1) 2020 Sales (PSF) 2021 Sales (PSF) 2022 Sales (PSF) 2022 Occupancy Cost Forever 21 $170 $317 $255 13.9% HM $227 $372 $365 8.5% Pottery Barn $252 $375 $442 17.5% Gap Gap Kids $69 $192 $191 35.8% Anthropologie $76 $225 $257 9.4% Arhaus (2) NAV NAV NAV NAV 
2023-10-24,BMO Commercial Mortgage Securities ,0001539497-23-001790_n3819-x14_424b2.htm,Foot Locker,$512 $620,,"2020,2021,2022,2022",Property. Sales and Occupancy Cost Summary (1) 2020 Sales (PSF) 2021 Sales (PSF) 2022 Sales (PSF) 2022 Occupancy Cost Forever 21 $170 $317 $255 13.9% HM $227 $372 $365 8.5% Pottery Barn $252 $375 $442 17.5% Gap Gap Kids $69 $192 $191 35.8% Anthropologie $76 $225 $257 9.4% Arhaus (2) NAV NAV NAV NAV 
2023-11-13,BBCMS Mortgage Trust 2023-5C23  (CI,0001539497-23-001888_n3849_x5-ts.htm,Foot Locker,$512 $620,,"2020,2021,2022,2022",rtain tenants at the Westfarms Property: Sales and Occupancy Cost Summary (1) 2020 Sales (PSF) 2021 Sales (PSF) 2022 Sales (PSF) 2022 Occupancy Cost Forever 21 $170 $317 $255 13.9% HM $227 $372 $365 8.5% Pottery Barn $252 $375 $442 17.5% Gap Kids $69 $192 $191 35.8% Anthropologie $76 $225 $257 9.4% 
2023-11-13,Barclays Commercial Mortgage Securi,0001539497-23-001890_n3849_x6-424h.htm,Foot Locker,$512 $620,,"2020,2021,2022,2022",rtain tenants at the Westfarms Property: Sales and Occupancy Cost Summary (1) 2020 Sales (PSF) 2021 Sales (PSF) 2022 Sales (PSF) 2022 Occupancy Cost Forever 21 $170 $317 $255 13.9% HM $227 $372 $365 8.5% Pottery Barn $252 $375 $442 17.5% Gap Kids $69 $192 $191 35.8% Anthropologie $76 $225 $257 9.4% 
2023-11-17,BANK5 2023-5YR4  (CIK 0001996001),01539497-23-001956_n3807_x3-premktts.htm,Foot Locker,$512 $620,,"2023,2020,2021,2022",ncy costs for certain tenants at the Westfarms Property: Sales and Occupancy Cost Summary (1) 2020 Sales (PSF) 2021 Sales (PSF) 2022 Sales (PSF) Forever 21 $170 $317 $255 H&amp;M $227 $372 $365 Pottery Barn $252 $375 $442 Gap Gap Kids $69 $192 $191 Anthropologie $76 $225 $257 Arhaus (2) NAV NAV NAV 
2023-11-20,Barclays Commercial Mortgage Securi,0001539497-23-001972_n3849_x12-424b2.htm,Foot Locker,$512 $620,,"2020,2021,2022,2022",rtain tenants at the Westfarms Property: Sales and Occupancy Cost Summary (1) 2020 Sales (PSF) 2021 Sales (PSF) 2022 Sales (PSF) 2022 Occupancy Cost Forever 21 $170 $317 $255 13.9% HM $227 $372 $365 8.5% Pottery Barn $252 $375 $442 17.5% Gap Kids $69 $192 $191 35.8% Anthropologie $76 $225 $257 9.4% 
2023-11-27,BANK5 2023-5YR4  (CIK 0001996001),0001539497-23-002007_n3807-x6_ts.htm,Foot Locker,$512 $620,,"2020,2021,2022,2022",rty: Sales and Occupancy Cost Summary (1) 2020 Sales (PSF) 2021 Sales (PSF) 2022 Sales (PSF) 2022 Occupancy Cost Forever 21 $170 $317 $255 13.9% H&amp;M $227 $372 $365 8.5% Pottery Barn $252 $375 $442 17.5% Gap Gap Kids $69 $192 $191 35.8% Anthropologie $76 $225 $257 9.4% Arhaus (2) NAV NAV NAV NAV 
2023-11-27,WELLS FARGO COMMERCIAL MORTGAGE SEC,0001539497-23-002016_n3807-x7_424h.htm,Foot Locker,$512 $620,,"2020,2021,2022,2022",rty: Sales and Occupancy Cost Summary (1) 2020 Sales (PSF) 2021 Sales (PSF) 2022 Sales (PSF) 2022 Occupancy Cost Forever 21 $170 $317 $255 13.9% H&amp;M $227 $372 $365 8.5% Pottery Barn $252 $375 $442 17.5% Gap Gap Kids $69 $192 $191 35.8% Anthropologie $76 $225 $257 9.4% Arhaus (2) NAV NAV NAV NAV 
2023-12-04,WELLS FARGO COMMERCIAL MORTGAGE SEC,0001539497-23-002091_n3807_x16-424b2.htm,Foot Locker,$512 $620,,"2020,2021,2022,2022",rty: Sales and Occupancy Cost Summary (1) 2020 Sales (PSF) 2021 Sales (PSF) 2022 Sales (PSF) 2022 Occupancy Cost Forever 21 $170 $317 $255 13.9% H&amp;M $227 $372 $365 8.5% Pottery Barn $252 $375 $442 17.5% Gap Gap Kids $69 $192 $191 35.8% Anthropologie $76 $225 $257 9.4% Arhaus (2) NAV NAV NAV NAV 
2026-05-04,Wells Fargo Commercial Mortgage Tru,1539497-26-001286_n5864_x2-premrktts.htm,Foot Locker,"$5,165,353 $5,286,371 $5,618,803 $5,256,040",,"2023,2024,2025,2025","F DSCR: 1.70x UW NOI Debt Yield: 15.2% Select Tenant Sales (1) &thinsp; 2022 2023 2024 2025 2025 $ PSF Occupancy Cost (2) Macy&rsquo;s $28,304,634 $28,529,307 $28,115,756 $26,891,939 $137 4.0% TJ Maxx $0 $0 $0 $12,213,693 $443 4.3% Marshalls $13,533,441 $12,652,388 $13,155,584 $12,177,150 $348 3.0% "
2026-05-05,Wells Fargo Commercial Mortgage Tru,0001539497-26-001330_n5864_x5-ts.htm,Foot Locker,"$5,165,353 $5,286,371 $5,618,803 $5,256,040",,"2023,2024,2025,2025","F DSCR: 1.70x UW NOI Debt Yield: 15.2% Select Tenant Sales (1) &thinsp; 2022 2023 2024 2025 2025 $ PSF Occupancy Cost (2) Macy&rsquo;s $28,304,634 $28,529,307 $28,115,756 $26,891,939 $137 4.0% TJ Maxx $0 $0 $0 $12,213,693 $443 4.3% Marshalls $13,533,441 $12,652,388 $13,155,584 $12,177,150 $348 3.0% "
2026-05-05,WELLS FARGO COMMERCIAL MORTGAGE SEC,0001539497-26-001332_n5864_x7-424h.htm,Foot Locker,"$5,165,353 $5,286,371 $5,618,803 $5,256,040",,"2023,2024,2025,2025","F DSCR: 1.70x UW NOI Debt Yield: 15.2% Select Tenant Sales (1) &thinsp; 2022 2023 2024 2025 2025 $ PSF Occupancy Cost (2) Macy&rsquo;s $28,304,634 $28,529,307 $28,115,756 $26,891,939 $137 4.0% TJ Maxx $0 $0 $0 $12,213,693 $443 4.3% Marshalls $13,533,441 $12,652,388 $13,155,584 $12,177,150 $348 3.0% "
2026-05-12,WELLS FARGO COMMERCIAL MORTGAGE SEC,0001539497-26-001406_n5864_x14-424b2.htm,Foot Locker,"$5,165,353 $5,286,371 $5,618,803 $5,256,040",,"2023,2024,2025,2025","F DSCR: 1.70x UW NOI Debt Yield: 15.2% Select Tenant Sales (1) &thinsp; 2022 2023 2024 2025 2025 $ PSF Occupancy Cost (2) Macy&rsquo;s $28,304,634 $28,529,307 $28,115,756 $26,891,939 $137 4.0% TJ Maxx $0 $0 $0 $12,213,693 $443 4.3% Marshalls $13,533,441 $12,652,388 $13,155,584 $12,177,150 $348 3.0% "
